-- phpMyAdmin SQL Dump
-- version 4.0.10deb1
-- http://www.phpmyadmin.net
--
-- Host: localhost
-- Generation Time: Jun 20, 2017 at 01:35 AM
-- Server version: 5.5.54-0ubuntu0.14.04.1
-- PHP Version: 5.5.9-1ubuntu4.20

SET SQL_MODE = "NO_AUTO_VALUE_ON_ZERO";
SET time_zone = "+00:00";


/*!40101 SET @OLD_CHARACTER_SET_CLIENT=@@CHARACTER_SET_CLIENT */;
/*!40101 SET @OLD_CHARACTER_SET_RESULTS=@@CHARACTER_SET_RESULTS */;
/*!40101 SET @OLD_COLLATION_CONNECTION=@@COLLATION_CONNECTION */;
/*!40101 SET NAMES utf8 */;

--
-- Database: `veeds`
--

-- --------------------------------------------------------

--
-- Table structure for table `add_me`
--

CREATE TABLE IF NOT EXISTS `add_me` (
  `id` int(11) NOT NULL AUTO_INCREMENT,
  `txtUsername` text NOT NULL,
  `txtPassword` text NOT NULL,
  PRIMARY KEY (`id`)
) ENGINE=InnoDB DEFAULT CHARSET=latin1 AUTO_INCREMENT=1 ;

-- --------------------------------------------------------

--
-- Table structure for table `notifications`
--

CREATE TABLE IF NOT EXISTS `notifications` (
  `notif_id` int(11) NOT NULL AUTO_INCREMENT,
  `user_id` int(11) NOT NULL,
  `type` varchar(30) NOT NULL,
  `activity_user` int(11) NOT NULL,
  `notif_datetime` datetime NOT NULL,
  `video_id` int(11) DEFAULT NULL,
  PRIMARY KEY (`notif_id`)
) ENGINE=InnoDB  DEFAULT CHARSET=latin1 AUTO_INCREMENT=3063 ;

--
-- Dumping data for table `notifications`
--

INSERT INTO `notifications` (`notif_id`, `user_id`, `type`, `activity_user`, `notif_datetime`, `video_id`) VALUES
(1, 46, 'like', 73, '2016-04-14 12:58:44', 437),
(2, 12, 'like', 85, '2016-04-14 14:13:29', 278),
(3, 14, 'started_following', 85, '2016-04-14 14:14:16', NULL),
(4, 14, 'like', 85, '2016-04-14 14:14:32', 510),
(5, 45, 'started_following', 83, '2016-04-14 15:51:47', NULL),
(6, 14, 'like', 85, '2016-04-14 16:57:39', 510),
(7, 14, 'like', 85, '2016-04-14 16:57:59', 510),
(8, 14, 'like', 85, '2016-04-14 16:58:21', 510),
(9, 14, 'like', 85, '2016-04-14 16:58:44', 31),
(10, 14, 'like', 85, '2016-04-14 16:58:47', 31),
(11, 14, 'like', 85, '2016-04-14 16:59:58', 510),
(12, 14, 'like', 85, '2016-04-14 17:26:36', 510),
(13, 14, 'like', 85, '2016-04-14 17:28:20', 510),
(14, 14, 'like', 85, '2016-04-14 17:31:29', 510),
(15, 14, 'like', 85, '2016-04-14 17:33:50', 510),
(16, 14, 'like', 85, '2016-04-14 17:34:07', 510),
(17, 14, 'started_following', 85, '2016-04-14 17:34:46', NULL),
(18, 14, 'started_following', 85, '2016-04-14 17:35:03', NULL),
(19, 14, 'started_following', 85, '2016-04-14 17:35:09', NULL),
(20, 14, 'started_following', 85, '2016-04-14 17:35:11', NULL),
(21, 14, 'started_following', 85, '2016-04-14 17:36:05', NULL),
(22, 14, 'like', 85, '2016-04-14 17:36:17', 510),
(23, 14, 'started_following', 85, '2016-04-14 17:36:44', NULL),
(24, 14, 'started_following', 85, '2016-04-14 17:36:46', NULL),
(25, 14, 'started_following', 85, '2016-04-14 17:36:57', NULL),
(26, 14, 'started_following', 85, '2016-04-14 17:37:47', NULL),
(27, 14, 'started_following', 85, '2016-04-14 17:38:41', NULL),
(28, 14, 'started_following', 85, '2016-04-14 17:45:12', NULL),
(29, 14, 'started_following', 85, '2016-04-14 17:45:36', NULL),
(30, 14, 'accepted', 85, '2016-04-14 17:46:47', NULL),
(31, 14, 'request', 85, '2016-04-14 18:27:13', NULL),
(32, 14, 'like', 85, '2016-04-14 18:27:40', 510),
(33, 14, 'like', 85, '2016-04-14 18:28:04', 510),
(34, 14, 'request', 85, '2016-04-14 18:28:30', NULL),
(35, 14, 'like', 85, '2016-04-14 18:28:50', 510),
(36, 14, 'like', 85, '2016-04-14 18:29:12', 510),
(37, 14, 'request', 85, '2016-04-14 18:34:00', NULL),
(38, 14, 'request', 85, '2016-04-14 18:42:57', NULL),
(39, 14, 'request', 85, '2016-04-14 18:51:50', NULL),
(40, 14, 'request', 85, '2016-04-14 18:52:32', NULL),
(41, 11, 'like', 49, '2016-04-15 13:15:18', 381),
(42, 14, 'request', 85, '2016-04-15 16:08:48', NULL),
(43, 14, 'request', 85, '2016-04-15 16:10:51', NULL),
(44, 11, 'started_following', 86, '2016-04-16 13:25:06', NULL),
(45, 50, 'like', 35, '2016-04-16 14:45:24', 536),
(46, 36, 'like', 8, '2016-04-17 01:07:30', 588),
(47, 35, 'like', 8, '2016-04-17 01:07:32', 585),
(48, 56, 'like', 8, '2016-04-17 01:07:34', 578),
(49, 57, 'like', 8, '2016-04-17 01:07:39', 576),
(50, 43, 'like', 8, '2016-04-17 01:07:41', 572),
(51, 41, 'like', 8, '2016-04-17 01:07:44', 571),
(52, 59, 'like', 8, '2016-04-17 01:07:46', 570),
(53, 53, 'like', 8, '2016-04-17 01:07:48', 569),
(54, 62, 'like', 8, '2016-04-17 01:07:51', 562),
(55, 27, 'like', 8, '2016-04-17 01:07:53', 561),
(56, 31, 'like', 8, '2016-04-17 01:07:55', 560),
(57, 34, 'like', 8, '2016-04-17 01:07:58', 558),
(58, 46, 'like', 8, '2016-04-17 01:08:00', 557),
(60, 11, 'started_following', 88, '2016-04-18 16:19:01', NULL),
(61, 11, 'started_following', 91, '2016-04-18 16:30:56', NULL),
(62, 11, 'started_following', 92, '2016-04-18 16:37:35', NULL),
(63, 11, 'started_following', 95, '2016-04-18 16:45:19', NULL),
(64, 11, 'started_following', 97, '2016-04-18 17:04:12', NULL),
(65, 11, 'started_following', 99, '2016-04-18 17:10:45', NULL),
(66, 11, 'started_following', 98, '2016-04-18 17:16:56', NULL),
(67, 11, 'started_following', 100, '2016-04-18 17:22:31', NULL),
(68, 27, 'like', 8, '2016-04-18 21:13:32', 612),
(69, 62, 'like', 8, '2016-04-18 21:13:34', 606),
(70, 31, 'like', 8, '2016-04-18 21:13:40', 602),
(71, 13, 'like', 14, '2016-04-18 21:31:07', 23),
(72, 13, 'like', 14, '2016-04-18 21:31:47', 23),
(73, 13, 'like', 14, '2016-04-18 21:33:02', 18),
(74, 13, 'like', 14, '2016-04-18 21:54:05', 14),
(75, 13, 'like', 14, '2016-04-18 22:16:26', 18),
(76, 13, 'like', 14, '2016-04-18 22:16:32', 18),
(77, 11, 'started_following', 94, '2016-04-19 09:01:04', NULL),
(78, 11, 'started_following', 101, '2016-04-19 09:11:49', NULL),
(79, 11, 'started_following', 102, '2016-04-19 09:30:13', NULL),
(80, 11, 'started_following', 104, '2016-04-19 09:37:23', NULL),
(81, 11, 'started_following', 105, '2016-04-19 09:57:09', NULL),
(82, 11, 'started_following', 103, '2016-04-19 10:07:38', NULL),
(83, 83, 'tag', 103, '2016-04-19 10:10:27', 630),
(84, 13, 'like', 14, '2016-04-19 10:11:23', 23),
(85, 13, 'like', 14, '2016-04-19 10:12:15', 18),
(86, 13, 'like', 14, '2016-04-19 10:19:55', 23),
(87, 13, 'like', 14, '2016-04-19 10:20:14', 23),
(88, 13, 'like', 14, '2016-04-19 10:20:24', 23),
(89, 13, 'request', 14, '2016-04-19 10:21:01', NULL),
(90, 13, 'like', 14, '2016-04-19 10:26:42', 23),
(91, 13, 'like', 14, '2016-04-19 10:28:28', 23),
(92, 13, 'like', 14, '2016-04-19 10:29:32', 23),
(93, 13, 'like', 14, '2016-04-19 10:35:28', 23),
(94, 13, 'like', 14, '2016-04-19 10:39:20', 23),
(95, 13, 'request', 14, '2016-04-19 10:40:01', NULL),
(96, 13, 'like', 14, '2016-04-19 10:40:14', 23),
(97, 14, 'request', 13, '2016-04-19 10:53:37', NULL),
(98, 14, 'like', 13, '2016-04-19 10:54:06', 510),
(99, 14, 'like', 13, '2016-04-19 10:56:22', 510),
(100, 14, 'request', 13, '2016-04-19 11:09:31', NULL),
(101, 14, 'like', 13, '2016-04-19 11:09:53', 510),
(102, 14, 'like', 13, '2016-04-19 11:13:39', 510),
(103, 14, 'started_following', 13, '2016-04-19 12:08:51', NULL),
(104, 14, 'like', 13, '2016-04-19 13:16:42', 510),
(105, 14, 'like', 13, '2016-04-19 13:16:50', 510),
(106, 14, 'started_following', 13, '2016-04-19 13:17:02', NULL),
(107, 14, 'started_following', 13, '2016-04-19 13:17:30', NULL),
(108, 14, 'started_following', 13, '2016-04-19 13:23:04', NULL),
(109, 14, 'started_following', 13, '2016-04-19 13:35:50', NULL),
(110, 14, 'started_following', 13, '2016-04-19 13:36:28', NULL),
(111, 11, 'started_following', 107, '2016-04-19 14:23:16', NULL),
(112, 11, 'started_following', 108, '2016-04-19 14:32:34', NULL),
(113, 11, 'started_following', 109, '2016-04-19 14:42:50', NULL),
(114, 11, 'started_following', 106, '2016-04-19 14:52:40', NULL),
(115, 11, 'started_following', 124, '2016-04-19 15:13:22', NULL),
(116, 11, 'like', 124, '2016-04-19 15:13:28', 130),
(117, 11, 'started_following', 114, '2016-04-19 15:22:21', NULL),
(118, 11, 'started_following', 110, '2016-04-19 15:29:47', NULL),
(119, 11, 'started_following', 112, '2016-04-19 15:40:15', NULL),
(120, 11, 'started_following', 113, '2016-04-19 15:46:44', NULL),
(121, 11, 'started_following', 115, '2016-04-19 15:56:37', NULL),
(122, 11, 'started_following', 111, '2016-04-19 16:05:19', NULL),
(123, 11, 'started_following', 116, '2016-04-19 16:24:49', NULL),
(124, 11, 'started_following', 117, '2016-04-19 16:37:47', NULL),
(125, 11, 'started_following', 125, '2016-04-19 16:49:22', NULL),
(126, 11, 'started_following', 118, '2016-04-19 16:56:38', NULL),
(127, 117, 'like', 118, '2016-04-19 17:05:52', 655),
(128, 11, 'started_following', 120, '2016-04-20 08:17:20', NULL),
(129, 11, 'started_following', 119, '2016-04-20 08:31:19', NULL),
(130, 50, 'started_following', 11, '2016-04-20 11:35:05', NULL),
(131, 11, 'started_following', 127, '2016-04-20 14:26:42', NULL),
(132, 11, 'started_following', 122, '2016-04-20 16:05:37', NULL),
(133, 11, 'started_following', 123, '2016-04-20 16:16:47', NULL),
(134, 11, 'started_following', 121, '2016-04-20 16:51:18', NULL),
(135, 11, 'started_following', 133, '2016-04-21 09:33:08', NULL),
(136, 54, 'like', 11, '2016-04-21 10:09:35', 664),
(137, 54, 'like', 11, '2016-04-21 10:09:43', 664),
(138, 54, 'like', 11, '2016-04-21 10:09:45', 664),
(139, 54, 'like', 11, '2016-04-21 10:09:46', 664),
(140, 54, 'like', 11, '2016-04-21 10:09:47', 664),
(141, 66, 'like', 11, '2016-04-21 10:10:04', 685),
(142, 57, 'like', 11, '2016-04-21 10:10:10', 684),
(143, 86, 'started_following', 11, '2016-04-21 15:45:38', NULL),
(144, 88, 'started_following', 11, '2016-04-21 15:45:38', NULL),
(145, 91, 'started_following', 11, '2016-04-21 15:45:39', NULL),
(146, 94, 'started_following', 11, '2016-04-21 15:45:42', NULL),
(147, 95, 'started_following', 11, '2016-04-21 15:45:42', NULL),
(148, 92, 'started_following', 11, '2016-04-21 15:45:44', NULL),
(149, 97, 'started_following', 11, '2016-04-21 15:45:51', NULL),
(150, 98, 'started_following', 11, '2016-04-21 15:45:52', NULL),
(151, 99, 'started_following', 11, '2016-04-21 15:45:53', NULL),
(152, 100, 'started_following', 11, '2016-04-21 15:45:59', NULL),
(153, 102, 'started_following', 11, '2016-04-21 15:46:06', NULL),
(154, 101, 'started_following', 11, '2016-04-21 15:46:07', NULL),
(155, 103, 'started_following', 11, '2016-04-21 15:46:08', NULL),
(156, 104, 'started_following', 11, '2016-04-21 15:46:12', NULL),
(157, 105, 'started_following', 11, '2016-04-21 15:46:12', NULL),
(158, 106, 'started_following', 11, '2016-04-21 15:46:14', NULL),
(159, 107, 'started_following', 11, '2016-04-21 15:46:14', NULL),
(160, 109, 'started_following', 11, '2016-04-21 15:46:21', NULL),
(161, 110, 'started_following', 11, '2016-04-21 15:46:29', NULL),
(162, 109, 'started_following', 11, '2016-04-21 15:46:30', NULL),
(163, 108, 'started_following', 11, '2016-04-21 15:46:32', NULL),
(164, 111, 'started_following', 11, '2016-04-21 15:46:34', NULL),
(165, 112, 'started_following', 11, '2016-04-21 15:46:35', NULL),
(166, 113, 'started_following', 11, '2016-04-21 15:46:38', NULL),
(167, 114, 'started_following', 11, '2016-04-21 15:46:44', NULL),
(168, 115, 'started_following', 11, '2016-04-21 15:46:45', NULL),
(169, 116, 'started_following', 11, '2016-04-21 15:46:47', NULL),
(170, 117, 'started_following', 11, '2016-04-21 15:46:52', NULL),
(171, 118, 'started_following', 11, '2016-04-21 15:46:53', NULL),
(172, 119, 'started_following', 11, '2016-04-21 15:46:58', NULL),
(173, 120, 'started_following', 11, '2016-04-21 15:46:59', NULL),
(174, 122, 'started_following', 11, '2016-04-21 15:47:01', NULL),
(175, 133, 'started_following', 11, '2016-04-21 15:47:07', NULL),
(176, 127, 'started_following', 11, '2016-04-21 15:47:08', NULL),
(177, 125, 'started_following', 11, '2016-04-21 15:47:09', NULL),
(178, 124, 'started_following', 11, '2016-04-21 15:47:10', NULL),
(179, 123, 'started_following', 11, '2016-04-21 15:47:10', NULL),
(180, 3, 'started_following', 11, '2016-04-21 16:38:01', NULL),
(181, 18, 'started_following', 11, '2016-04-21 16:38:34', NULL),
(182, 17, 'request', 11, '2016-04-21 16:41:00', NULL),
(183, 14, 'like', 13, '2016-04-21 18:24:02', 510),
(184, 14, 'like', 13, '2016-04-21 18:24:09', 510),
(185, 14, 'like', 13, '2016-04-21 18:24:12', 510),
(186, 14, 'request', 13, '2016-04-21 18:24:31', NULL),
(187, 14, 'request', 13, '2016-04-21 18:25:16', NULL),
(188, 14, 'request', 13, '2016-04-21 18:25:26', NULL),
(189, 14, 'request', 13, '2016-04-21 18:25:33', NULL),
(190, 12, 'comment', 85, '2016-04-21 19:43:52', 278),
(191, 12, 'comment', 85, '2016-04-21 19:44:20', 278),
(192, 12, 'comment', 85, '2016-04-21 19:44:31', 278),
(193, 14, 'like', 12, '2016-04-22 10:05:28', 510),
(194, 14, 'like', 12, '2016-04-22 10:05:32', 510),
(195, 14, 'like', 12, '2016-04-22 10:05:34', 510),
(196, 85, 'request', 13, '2016-04-22 11:57:40', NULL),
(197, 12, 'request', 13, '2016-04-22 12:03:20', NULL),
(198, 14, 'comment', 12, '2016-04-22 13:20:49', 510),
(199, 14, 'comment', 12, '2016-04-22 13:30:13', 510),
(200, 14, 'comment', 12, '2016-04-22 13:58:27', 510),
(201, 14, 'comment', 12, '2016-04-22 14:00:15', 510),
(202, 14, 'comment', 12, '2016-04-22 14:08:54', 510),
(203, 14, 'comment', 12, '2016-04-22 14:10:44', 510),
(204, 14, 'comment', 12, '2016-04-22 14:16:09', 510),
(205, 14, 'comment', 12, '2016-04-22 14:18:57', 510),
(206, 14, 'comment', 12, '2016-04-22 14:21:39', 510),
(207, 14, 'comment', 12, '2016-04-22 14:23:16', 510),
(208, 14, 'comment', 12, '2016-04-22 14:27:00', 510),
(209, 14, 'comment', 12, '2016-04-22 14:28:14', 510),
(210, 14, 'comment', 12, '2016-04-22 14:40:41', 510),
(211, 14, 'comment', 12, '2016-04-22 14:42:47', 510),
(212, 14, 'request', 11, '2016-04-22 14:47:33', NULL),
(213, 14, 'like', 11, '2016-04-22 14:48:12', 510),
(214, 14, 'like', 12, '2016-04-22 14:58:08', 510),
(215, 14, 'like', 12, '2016-04-22 14:58:26', 510),
(216, 13, 'request', 14, '2016-04-22 15:12:06', NULL),
(217, 14, 'accepted', 13, '2016-04-22 15:12:19', NULL),
(218, 13, 'like', 14, '2016-04-22 15:13:27', 23),
(219, 13, 'like', 14, '2016-04-22 15:14:06', 23),
(220, 13, 'like', 14, '2016-04-22 15:14:47', 23),
(221, 13, 'like', 14, '2016-04-22 15:20:35', 23),
(222, 13, 'like', 14, '2016-04-22 15:22:11', 23),
(223, 14, 'like', 12, '2016-04-22 15:25:28', 510),
(224, 14, 'like', 12, '2016-04-22 15:29:11', 510),
(225, 13, 'accepted', 12, '2016-04-22 15:45:16', NULL),
(226, 12, 'request', 11, '2016-04-22 16:34:20', NULL),
(227, 12, 'request', 11, '2016-04-22 16:34:47', NULL),
(228, 12, 'request', 11, '2016-04-22 16:35:05', NULL),
(229, 12, 'request', 11, '2016-04-22 16:35:14', NULL),
(230, 99, 'comment', 12, '2016-04-22 16:39:36', 704),
(231, 61, 'comment', 12, '2016-04-22 16:40:19', 383),
(232, 14, 'comment', 12, '2016-04-22 16:40:55', 510),
(233, 14, 'comment', 12, '2016-04-22 16:40:56', 510),
(234, 14, 'comment', 12, '2016-04-22 16:41:16', 510),
(235, 14, 'like', 12, '2016-04-22 16:55:21', 510),
(236, 14, 'like', 12, '2016-04-22 16:55:48', 31),
(237, 14, 'like', 12, '2016-04-22 16:57:48', 510),
(238, 11, 'comment', 49, '2016-04-22 16:58:23', 381),
(239, 61, 'tag', 11, '2016-04-22 17:00:59', 729),
(240, 51, 'comment', 11, '2016-04-22 17:00:59', 729),
(241, 14, 'like', 12, '2016-04-22 17:01:05', 510),
(242, 14, 'like', 12, '2016-04-22 17:01:14', 510),
(243, 14, 'like', 12, '2016-04-22 17:01:40', 510),
(244, 14, 'like', 12, '2016-04-22 17:01:41', 510),
(245, 83, 'started_following', 49, '2016-04-22 17:01:44', NULL),
(246, 14, 'like', 12, '2016-04-22 17:01:44', 510),
(247, 83, 'started_following', 49, '2016-04-22 17:01:45', NULL),
(248, 83, 'started_following', 49, '2016-04-22 17:01:48', NULL),
(249, 83, 'started_following', 49, '2016-04-22 17:01:52', NULL),
(250, 83, 'started_following', 49, '2016-04-22 17:02:05', NULL),
(251, 12, 'like', 14, '2016-04-22 17:02:36', 32),
(252, 14, 'comment', 12, '2016-04-22 17:04:48', 510),
(253, 49, 'like', 52, '2016-04-22 17:13:58', 358),
(254, 12, 'tag', 14, '2016-04-22 17:18:04', 510),
(255, 12, 'tag', 14, '2016-04-22 17:20:11', 510),
(256, 14, 'request', 140, '2016-04-22 17:33:17', NULL),
(257, 83, 'like', 49, '2016-04-23 08:10:08', 547),
(258, 83, 'like', 49, '2016-04-23 08:10:10', 547),
(259, 83, 'like', 49, '2016-04-23 08:10:15', 547),
(260, 83, 'like', 49, '2016-04-23 08:10:19', 505),
(262, 30, 'like', 49, '2016-04-23 08:25:56', 727),
(263, 11, 'started_following', 137, '2016-04-23 12:12:23', NULL),
(264, 49, 'started_following', 115, '2016-04-23 17:03:47', NULL),
(265, 49, 'like', 115, '2016-04-23 17:04:37', 358),
(266, 49, 'like', 115, '2016-04-23 17:04:41', 358),
(267, 49, 'comment', 115, '2016-04-23 17:05:30', 358),
(268, 115, 'started_following', 49, '2016-04-23 17:06:31', NULL),
(269, 49, 'started_following', 115, '2016-04-23 17:06:54', NULL),
(270, 49, 'started_following', 115, '2016-04-23 17:07:07', NULL),
(271, 83, 'started_following', 49, '2016-04-25 00:04:42', NULL),
(272, 11, 'started_following', 142, '2016-04-25 11:01:01', NULL),
(273, 11, 'started_following', 136, '2016-04-25 11:26:32', NULL),
(274, 11, 'started_following', 139, '2016-04-25 11:51:22', NULL),
(275, 11, 'started_following', 139, '2016-04-25 11:51:25', NULL),
(276, 11, 'started_following', 134, '2016-04-25 12:55:02', NULL),
(277, 83, 'tag', 49, '2016-04-25 12:55:50', 749),
(278, 115, 'comment', 49, '2016-04-25 12:55:50', 749),
(279, 11, 'started_following', 135, '2016-04-25 13:25:05', NULL),
(280, 11, 'started_following', 135, '2016-04-25 13:25:11', NULL),
(281, 8, 'comment', 13, '2016-04-25 16:46:16', 390),
(282, 12, 'tag', 13, '2016-04-25 17:34:11', 390),
(283, 8, 'comment', 13, '2016-04-25 17:34:13', 390),
(284, 8, 'comment', 13, '2016-04-25 17:35:01', 390),
(285, 8, 'comment', 13, '2016-04-25 17:35:35', 390),
(286, 8, 'comment', 13, '2016-04-25 17:36:31', 390),
(287, 8, 'comment', 13, '2016-04-25 17:42:15', 390),
(288, 8, 'comment', 13, '2016-04-25 17:45:20', 390),
(289, 7, 'comment', 13, '2016-04-25 17:46:17', 382),
(290, 45, 'started_following', 88, '2016-04-26 09:27:43', NULL),
(291, 49, 'like', 88, '2016-04-26 09:27:59', 358),
(292, 49, 'like', 88, '2016-04-26 09:28:03', 358),
(293, 107, 'like', 11, '2016-04-26 11:13:00', 788),
(294, 100, 'like', 11, '2016-04-26 11:13:03', 787),
(295, 76, 'like', 11, '2016-04-26 11:13:06', 785),
(296, 66, 'like', 11, '2016-04-26 11:14:11', 786),
(297, 66, 'like', 11, '2016-04-26 11:14:13', 685),
(298, 66, 'like', 11, '2016-04-26 11:14:15', 610),
(299, 80, 'like', 11, '2016-04-26 11:19:54', 770),
(300, 88, 'like', 11, '2016-04-26 11:26:10', 780),
(301, 57, 'like', 11, '2016-04-26 11:26:12', 779),
(302, 61, 'like', 11, '2016-04-26 11:36:14', 383),
(303, 61, 'like', 11, '2016-04-26 11:36:18', 177),
(304, 7, 'started_following', 61, '2016-04-26 11:36:40', NULL),
(305, 12, 'request', 61, '2016-04-26 11:36:44', NULL),
(306, 12, 'request', 61, '2016-04-26 11:36:46', NULL),
(307, 110, 'like', 11, '2016-04-26 11:39:28', 789),
(308, 110, 'like', 11, '2016-04-26 11:39:39', 789),
(309, 61, 'like', 11, '2016-04-26 11:40:11', 380),
(310, 61, 'like', 11, '2016-04-26 11:40:14', 380),
(311, 124, 'like', 11, '2016-04-26 11:40:57', 790),
(312, 124, 'like', 11, '2016-04-26 11:45:27', 790),
(313, 124, 'like', 13, '2016-04-26 11:45:36', 790),
(314, 124, 'like', 11, '2016-04-26 11:45:39', 790),
(315, 124, 'like', 13, '2016-04-26 11:45:50', 790),
(316, 124, 'like', 13, '2016-04-26 11:45:58', 790),
(317, 124, 'like', 12, '2016-04-26 13:15:48', 790),
(318, 124, 'like', 12, '2016-04-26 13:16:11', 790),
(319, 124, 'like', 12, '2016-04-26 13:16:36', 790),
(320, 57, 'like', 12, '2016-04-26 13:16:53', 779),
(321, 14, 'like', 12, '2016-04-26 13:17:25', 510),
(322, 124, 'like', 12, '2016-04-26 13:17:45', 790),
(323, 140, 'accepted', 14, '2016-04-26 15:44:07', NULL),
(326, 81, 'like', 49, '2016-04-27 09:02:59', 806),
(327, 81, 'like', 49, '2016-04-27 09:03:02', 806),
(328, 81, 'like', 49, '2016-04-27 09:03:05', 806),
(329, 83, 'tag', 49, '2016-04-27 09:04:58', 806),
(330, 81, 'comment', 49, '2016-04-27 09:04:58', 806),
(331, 83, 'tag', 49, '2016-04-27 09:09:05', 806),
(332, 81, 'comment', 49, '2016-04-27 09:09:05', 806),
(333, 83, 'tag', 49, '2016-04-27 10:34:55', 807),
(334, 25, 'started_following', 83, '2016-04-27 12:48:10', NULL),
(335, 27, 'started_following', 83, '2016-04-27 12:48:12', NULL),
(336, 28, 'started_following', 83, '2016-04-27 12:48:13', NULL),
(337, 29, 'started_following', 83, '2016-04-27 12:48:17', NULL),
(338, 30, 'started_following', 83, '2016-04-27 12:48:19', NULL),
(339, 29, 'started_following', 83, '2016-04-27 12:48:20', NULL),
(340, 31, 'started_following', 83, '2016-04-27 12:48:21', NULL),
(341, 37, 'started_following', 83, '2016-04-27 12:48:26', NULL),
(342, 36, 'started_following', 83, '2016-04-27 12:48:27', NULL),
(343, 38, 'started_following', 83, '2016-04-27 12:48:28', NULL),
(344, 44, 'started_following', 83, '2016-04-27 12:48:31', NULL),
(345, 81, 'like', 83, '2016-04-27 13:10:56', 806),
(346, 49, 'like', 83, '2016-04-27 13:28:04', 807),
(347, 49, 'like', 133, '2016-04-27 15:57:15', 807),
(348, 49, 'like', 133, '2016-04-27 15:57:19', 807),
(349, 49, 'like', 133, '2016-04-27 15:57:21', 807),
(350, 83, 'like', 49, '2016-04-27 16:05:13', 547),
(351, 35, 'started_following', 49, '2016-04-27 16:36:25', NULL),
(352, 59, 'like', 11, '2016-04-28 07:22:31', 831),
(353, 115, 'like', 49, '2016-04-28 12:52:28', 851),
(354, 115, 'like', 49, '2016-04-28 12:52:32', 749),
(355, 115, 'like', 49, '2016-04-28 12:52:35', 652),
(356, 83, 'tag', 49, '2016-04-28 12:53:00', 652),
(357, 115, 'comment', 49, '2016-04-28 12:53:00', 652),
(358, 83, 'tag', 49, '2016-04-28 12:56:53', 652),
(359, 115, 'comment', 49, '2016-04-28 12:56:53', 652),
(360, 83, 'like', 49, '2016-04-28 12:57:08', 505),
(361, 83, 'like', 49, '2016-04-28 12:57:17', 503),
(362, 83, 'like', 49, '2016-04-28 12:57:21', 502),
(363, 83, 'like', 49, '2016-04-28 12:57:22', 503),
(364, 83, 'like', 49, '2016-04-28 13:01:03', 505),
(365, 83, 'like', 49, '2016-04-28 13:01:07', 503),
(366, 83, 'like', 49, '2016-04-28 13:01:11', 502),
(367, 83, 'like', 49, '2016-04-28 13:02:09', 547),
(368, 83, 'like', 49, '2016-04-28 13:02:11', 547),
(369, 49, 'like', 83, '2016-04-28 13:02:44', 807),
(370, 49, 'like', 83, '2016-04-28 13:03:27', 807),
(371, 49, 'like', 83, '2016-04-28 13:03:29', 807),
(372, 49, 'like', 81, '2016-04-28 13:13:40', 807),
(374, 35, 'comment', 49, '2016-04-28 13:59:09', 835),
(375, 38, 'like', 53, '2016-04-28 16:07:12', 452),
(376, 83, 'like', 49, '2016-04-29 11:49:11', 547),
(377, 83, 'like', 49, '2016-04-29 11:49:21', 505),
(378, 83, 'like', 49, '2016-04-29 11:49:24', 503),
(379, 83, 'like', 49, '2016-04-29 11:49:26', 502),
(380, 49, 'comment', 81, '2016-05-02 08:07:57', 807),
(381, 83, 'tag', 49, '2016-05-02 08:10:47', 835),
(382, 35, 'comment', 49, '2016-05-02 08:10:47', 835),
(383, 49, 'tag', 83, '2016-05-02 08:15:15', 896),
(384, 11, 'started_following', 137, '2016-05-02 10:26:24', NULL),
(385, 11, 'started_following', 142, '2016-05-02 10:27:01', NULL),
(386, 11, 'started_following', 139, '2016-05-02 10:29:37', NULL),
(387, 11, 'started_following', 135, '2016-05-02 10:31:09', NULL),
(388, 11, 'started_following', 113, '2016-05-02 10:32:39', NULL),
(389, 49, 'like', 83, '2016-05-02 10:57:54', 895),
(390, 49, 'like', 83, '2016-05-02 10:58:07', 807),
(391, 49, 'like', 83, '2016-05-02 10:58:08', 358),
(392, 11, 'like', 142, '2016-05-03 08:30:47', 381),
(393, 103, 'comment', 49, '2016-05-03 09:40:46', 910),
(394, 103, 'comment', 11, '2016-05-03 09:42:44', 910),
(395, 103, 'comment', 11, '2016-05-03 09:42:44', 910),
(396, 11, 'tag', 49, '2016-05-03 10:03:18', 901),
(397, 115, 'comment', 49, '2016-05-03 10:03:18', 901),
(398, 11, 'tag', 49, '2016-05-03 10:04:08', 851),
(399, 115, 'comment', 49, '2016-05-03 10:04:08', 851),
(400, 11, 'tag', 49, '2016-05-03 10:04:23', 835),
(401, 35, 'comment', 49, '2016-05-03 10:04:23', 835),
(402, 11, 'tag', 49, '2016-05-03 10:08:57', 911),
(403, 49, 'comment', 83, '2016-05-03 10:12:36', 911),
(404, 115, 'like', 49, '2016-05-03 10:20:02', 901),
(405, 115, 'like', 49, '2016-05-03 10:20:06', 901),
(406, 115, 'like', 49, '2016-05-03 10:20:14', 901),
(407, 115, 'like', 49, '2016-05-03 10:20:29', 901),
(408, 115, 'like', 49, '2016-05-03 10:20:44', 901),
(409, 134, 'started_following', 11, '2016-05-03 11:08:03', NULL),
(410, 135, 'started_following', 11, '2016-05-03 11:08:04', NULL),
(411, 136, 'started_following', 11, '2016-05-03 11:08:07', NULL),
(412, 137, 'started_following', 11, '2016-05-03 11:08:10', NULL),
(413, 139, 'started_following', 11, '2016-05-03 11:08:11', NULL),
(414, 142, 'started_following', 11, '2016-05-03 11:08:12', NULL),
(415, 83, 'comment', 49, '2016-05-03 14:42:13', 547),
(416, 49, 'comment', 83, '2016-05-03 15:25:05', 895),
(417, 49, 'comment', 83, '2016-05-03 15:34:00', 895),
(418, 49, 'like', 82, '2016-05-05 08:40:31', 807),
(419, 45, 'started_following', 82, '2016-05-05 08:40:52', NULL),
(420, 83, 'like', 49, '2016-05-05 12:50:47', 505),
(421, 79, 'comment', 11, '2016-05-06 16:31:00', 969),
(422, 79, 'comment', 11, '2016-05-06 16:31:01', 969),
(423, 79, 'comment', 11, '2016-05-06 16:31:03', 969),
(424, 79, 'comment', 11, '2016-05-06 16:31:40', 969),
(425, 115, 'like', 49, '2016-05-07 07:47:11', 957),
(426, 2, 'started_following', 145, '2016-05-07 08:55:32', NULL),
(427, 83, 'tag', 49, '2016-05-07 14:27:30', 978),
(428, 49, 'like', 83, '2016-05-07 14:33:24', 978),
(429, 49, 'comment', 83, '2016-05-07 14:35:24', 978),
(430, 83, 'like', 49, '2016-05-07 14:35:55', 977),
(431, 83, 'like', 49, '2016-05-07 14:36:15', 547),
(432, 83, 'like', 49, '2016-05-07 14:36:18', 505),
(433, 49, 'like', 83, '2016-05-07 14:38:37', 978),
(434, 49, 'like', 83, '2016-05-07 14:38:43', 895),
(435, 49, 'like', 83, '2016-05-07 14:38:47', 807),
(436, 49, 'like', 83, '2016-05-07 14:38:52', 358),
(437, 49, 'like', 83, '2016-05-07 14:39:10', 358),
(438, 49, 'like', 83, '2016-05-07 14:39:22', 895),
(439, 49, 'like', 83, '2016-05-07 14:39:24', 807),
(440, 49, 'like', 83, '2016-05-07 14:39:26', 895),
(441, 49, 'like', 83, '2016-05-07 14:44:05', 978),
(442, 49, 'like', 83, '2016-05-07 14:44:08', 895),
(443, 49, 'like', 83, '2016-05-07 14:44:10', 807),
(444, 49, 'like', 83, '2016-05-07 14:44:11', 358),
(445, 83, 'like', 49, '2016-05-07 14:46:26', 977),
(446, 83, 'like', 49, '2016-05-07 14:46:29', 547),
(447, 83, 'like', 49, '2016-05-07 14:46:33', 505),
(448, 83, 'like', 49, '2016-05-07 14:46:35', 503),
(449, 83, 'like', 49, '2016-05-07 14:46:37', 502),
(450, 83, 'like', 49, '2016-05-07 14:46:50', 505),
(451, 52, 'like', 49, '2016-05-07 14:50:12', 856),
(452, 52, 'like', 49, '2016-05-07 14:50:14', 750),
(453, 52, 'like', 49, '2016-05-07 14:50:17', 660),
(454, 52, 'like', 49, '2016-05-07 14:50:20', 592),
(455, 52, 'like', 49, '2016-05-07 14:50:21', 550),
(456, 49, 'like', 52, '2016-05-07 14:53:18', 978),
(457, 49, 'like', 52, '2016-05-07 14:53:53', 978),
(458, 49, 'like', 52, '2016-05-07 14:54:44', 978),
(459, 49, 'like', 52, '2016-05-07 14:58:35', 895),
(460, 49, 'like', 52, '2016-05-07 14:58:37', 807),
(461, 52, 'like', 49, '2016-05-07 15:03:45', 512),
(462, 52, 'like', 49, '2016-05-07 15:03:47', 506),
(463, 52, 'like', 49, '2016-05-07 15:03:49', 476),
(464, 52, 'like', 49, '2016-05-07 15:04:11', 432),
(465, 52, 'comment', 49, '2016-05-07 15:06:00', 592),
(466, 63, 'comment', 49, '2016-05-07 15:06:59', 973),
(467, 49, 'started_following', 52, '2016-05-07 15:08:50', NULL),
(468, 52, 'started_following', 49, '2016-05-07 15:08:58', NULL),
(469, 52, 'like', 49, '2016-05-07 15:11:01', 168),
(470, 108, 'like', 49, '2016-05-07 15:11:11', 976),
(471, 49, 'tag', 52, '2016-05-07 15:13:32', 976),
(472, 108, 'comment', 52, '2016-05-07 15:13:32', 976),
(473, 49, 'comment', 52, '2016-05-07 15:14:43', 895),
(474, 52, 'comment', 49, '2016-05-07 15:18:38', 660),
(475, 49, 'like', 52, '2016-05-07 15:20:00', 978),
(476, 49, 'like', 52, '2016-05-07 15:20:03', 978),
(477, 11, 'started_following', 52, '2016-05-07 15:25:07', NULL),
(478, 11, 'started_following', 48, '2016-05-07 15:25:51', NULL),
(479, 11, 'started_following', 78, '2016-05-07 15:26:24', NULL),
(480, 11, 'started_following', 78, '2016-05-07 15:26:37', NULL),
(481, 11, 'started_following', 54, '2016-05-07 15:28:00', NULL),
(482, 11, 'started_following', 127, '2016-05-07 15:29:28', NULL),
(483, 11, 'started_following', 34, '2016-05-07 15:30:37', NULL),
(484, 11, 'started_following', 79, '2016-05-07 15:32:07', NULL),
(485, 11, 'started_following', 62, '2016-05-07 15:33:58', NULL),
(486, 8, 'started_following', 62, '2016-05-07 15:34:15', NULL),
(487, 8, 'started_following', 62, '2016-05-07 15:34:44', NULL),
(488, 8, 'started_following', 62, '2016-05-07 15:34:46', NULL),
(489, 49, 'like', 62, '2016-05-07 15:35:29', 978),
(490, 83, 'like', 62, '2016-05-07 15:35:34', 977),
(491, 11, 'started_following', 62, '2016-05-07 15:38:46', NULL),
(492, 11, 'like', 62, '2016-05-07 15:42:03', 381),
(493, 11, 'like', 62, '2016-05-07 15:42:04', 130),
(494, 11, 'like', 62, '2016-05-07 15:42:06', 43),
(495, 11, 'like', 62, '2016-05-07 15:42:09', 29),
(496, 11, 'like', 62, '2016-05-07 15:42:11', 27),
(497, 11, 'like', 62, '2016-05-07 15:42:12', 26),
(498, 11, 'comment', 62, '2016-05-07 15:42:41', 130),
(499, 62, 'like', 49, '2016-05-07 15:43:35', 885),
(500, 62, 'like', 49, '2016-05-07 15:43:51', 782),
(501, 62, 'like', 49, '2016-05-07 15:43:56', 669),
(502, 62, 'like', 49, '2016-05-07 15:43:58', 669),
(503, 62, 'like', 49, '2016-05-07 15:44:00', 606),
(504, 62, 'like', 49, '2016-05-07 15:48:35', 562),
(505, 62, 'like', 49, '2016-05-07 15:48:40', 520),
(506, 11, 'like', 49, '2016-05-07 15:49:03', 130),
(507, 11, 'like', 49, '2016-05-07 15:50:06', 43),
(508, 11, 'like', 49, '2016-05-07 15:50:07', 29),
(509, 11, 'like', 49, '2016-05-07 15:50:09', 27),
(510, 11, 'like', 49, '2016-05-07 15:50:12', 26),
(511, 11, 'like', 83, '2016-05-07 15:51:52', 381),
(512, 11, 'like', 83, '2016-05-07 15:51:53', 130),
(513, 11, 'like', 83, '2016-05-07 15:51:55', 43),
(514, 11, 'like', 83, '2016-05-07 15:51:56', 29),
(515, 11, 'like', 83, '2016-05-07 15:51:58', 27),
(516, 11, 'like', 83, '2016-05-07 15:51:59', 26),
(517, 83, 'like', 49, '2016-05-07 16:05:14', 977),
(518, 83, 'like', 49, '2016-05-07 16:05:17', 547),
(519, 83, 'like', 49, '2016-05-07 16:05:19', 505),
(520, 83, 'like', 49, '2016-05-07 16:05:21', 503),
(521, 83, 'like', 49, '2016-05-07 16:05:24', 502),
(522, 83, 'comment', 49, '2016-05-07 16:05:38', 505),
(523, 49, 'comment', 11, '2016-05-07 18:15:34', 978),
(524, 83, 'like', 49, '2016-05-08 18:13:26', 977),
(525, 11, 'started_following', 49, '2016-05-08 18:17:49', NULL),
(526, 11, 'like', 49, '2016-05-08 18:17:59', 381),
(527, 11, 'like', 49, '2016-05-08 18:18:01', 130),
(528, 11, 'like', 49, '2016-05-08 18:18:03', 43),
(529, 11, 'like', 49, '2016-05-08 18:18:04', 29),
(530, 11, 'like', 49, '2016-05-08 18:18:07', 27),
(531, 11, 'like', 49, '2016-05-08 18:18:15', 26),
(532, 11, 'started_following', 49, '2016-05-08 18:36:56', NULL),
(533, 11, 'started_following', 49, '2016-05-08 18:37:15', NULL),
(534, 11, 'like', 49, '2016-05-08 18:37:19', 381),
(535, 11, 'like', 49, '2016-05-08 18:37:20', 381),
(536, 11, 'like', 49, '2016-05-08 18:37:21', 130),
(537, 11, 'like', 49, '2016-05-08 18:37:23', 43),
(538, 11, 'like', 49, '2016-05-08 18:37:25', 29),
(539, 11, 'like', 49, '2016-05-08 18:37:26', 27),
(540, 11, 'like', 49, '2016-05-08 18:37:27', 26),
(541, 83, 'tag', 49, '2016-05-08 18:52:29', 979),
(542, 83, 'like', 49, '2016-05-10 07:43:18', 503),
(543, 83, 'like', 49, '2016-05-10 07:43:36', 505),
(544, 83, 'like', 49, '2016-05-10 07:43:41', 503),
(545, 83, 'like', 49, '2016-05-10 07:43:47', 502),
(546, 83, 'started_following', 52, '2016-05-10 07:44:26', NULL),
(547, 83, 'like', 52, '2016-05-10 07:44:32', 977),
(548, 83, 'like', 52, '2016-05-10 07:44:38', 547),
(549, 83, 'like', 52, '2016-05-10 07:51:35', 505),
(550, 61, 'tag', 12, '2016-05-10 14:26:50', 510),
(551, 14, 'comment', 12, '2016-05-10 14:26:50', 510),
(552, 14, 'comment', 12, '2016-05-10 14:30:26', 510),
(553, 14, 'comment', 12, '2016-05-10 14:31:17', 510),
(554, 14, 'request', 12, '2016-05-10 14:48:59', NULL),
(555, 104, 'comment', 11, '2016-05-11 16:09:15', 986),
(556, 32, 'started_following', 11, '2016-05-11 16:23:56', NULL),
(557, 30, 'started_following', 11, '2016-05-11 16:23:57', NULL),
(558, 12, 'comment', 14, '2016-05-12 11:26:45', 190),
(559, 61, 'comment', 12, '2016-05-13 13:46:07', 383),
(560, 111, 'comment', 11, '2016-05-13 15:10:52', 984),
(561, 2, 'started_following', 148, '2016-05-15 04:46:19', NULL),
(562, 83, 'like', 49, '2016-05-16 10:01:04', 977),
(563, 83, 'like', 49, '2016-05-16 10:01:27', 547),
(564, 36, 'started_following', 49, '2016-05-16 11:35:19', NULL),
(565, 36, 'like', 49, '2016-05-16 11:35:33', 837),
(566, 11, 'like', 36, '2016-05-16 11:36:45', 381),
(567, 11, 'like', 36, '2016-05-16 11:36:49', 381),
(568, 49, 'like', 36, '2016-05-16 11:55:41', 979),
(569, 49, 'like', 36, '2016-05-16 11:56:04', 978),
(570, 49, 'like', 36, '2016-05-16 11:56:09', 978),
(571, 49, 'like', 36, '2016-05-16 11:56:12', 895),
(572, 49, 'like', 36, '2016-05-16 11:56:13', 807),
(573, 49, 'like', 36, '2016-05-16 11:56:16', 358),
(574, 61, 'like', 12, '2016-05-16 17:31:51', 383),
(575, 61, 'like', 12, '2016-05-16 17:31:52', 383),
(576, 61, 'like', 12, '2016-05-16 17:31:54', 383),
(577, 61, 'like', 12, '2016-05-17 09:40:56', 383),
(578, 7, 'like', 12, '2016-05-17 09:40:59', 382),
(579, 11, 'accepted', 12, '2016-05-17 13:51:09', NULL),
(580, 61, 'comment', 12, '2016-05-17 15:36:50', 383),
(581, 12, 'request', 150, '2016-05-18 10:40:12', NULL),
(582, 12, 'request', 150, '2016-05-18 10:40:17', NULL),
(583, 150, 'accepted', 12, '2016-05-18 10:41:24', NULL),
(584, 12, 'started_following', 150, '2016-05-18 10:42:37', NULL),
(585, 12, 'request', 150, '2016-05-18 10:46:58', NULL),
(586, 150, 'started_following', 12, '2016-05-18 10:48:19', NULL),
(587, 150, 'started_following', 12, '2016-05-18 10:48:26', NULL),
(588, 150, 'accepted', 12, '2016-05-18 15:42:10', NULL),
(589, 61, 'like', 12, '2016-05-18 17:23:29', 383),
(590, 0, '', 0, '0000-00-00 00:00:00', NULL),
(591, 0, '', 0, '0000-00-00 00:00:00', NULL),
(592, 0, '', 0, '0000-00-00 00:00:00', NULL),
(593, 0, '', 0, '0000-00-00 00:00:00', NULL),
(594, 0, '', 0, '0000-00-00 00:00:00', NULL),
(595, 0, '', 0, '0000-00-00 00:00:00', NULL),
(596, 150, 'tag', 12, '2016-05-20 16:25:27', 1056),
(597, 150, 'like', 12, '2016-05-23 10:01:43', 1059),
(598, 150, 'like', 12, '2016-05-23 10:01:57', 1059),
(599, 150, 'like', 12, '2016-05-23 10:02:01', 1059),
(600, 150, 'like', 12, '2016-05-23 10:02:03', 1059),
(601, 150, 'comment', 12, '2016-05-23 10:02:16', 1059),
(602, 150, 'comment', 12, '2016-05-23 10:03:04', 1059),
(603, 12, 'like', 150, '2016-05-23 10:12:57', 1056),
(604, 12, 'like', 150, '2016-05-23 10:13:08', 278),
(605, 12, 'like', 150, '2016-05-23 10:13:12', 278),
(606, 12, 'like', 150, '2016-05-23 10:21:29', 190),
(607, 12, 'like', 150, '2016-05-23 10:22:38', 32),
(608, 12, 'like', 150, '2016-05-23 10:22:44', 25),
(609, 12, 'like', 150, '2016-05-23 11:44:35', 1056),
(610, 12, 'like', 150, '2016-05-23 11:49:25', 1056),
(611, 12, 'like', 150, '2016-05-23 11:49:48', 1056),
(612, 12, 'like', 150, '2016-05-23 11:50:09', 1056),
(613, 12, 'like', 150, '2016-05-23 11:50:19', 1056),
(614, 12, 'like', 150, '2016-05-23 11:54:01', 1056),
(615, 12, 'like', 150, '2016-05-23 11:55:45', 1056),
(616, 12, 'like', 150, '2016-05-23 12:00:37', 1056),
(617, 150, 'like', 12, '2016-05-23 12:01:58', 1059),
(618, 12, 'like', 150, '2016-05-23 12:02:24', 1056),
(619, 12, 'accepted', 14, '2016-05-23 12:23:40', NULL),
(620, 14, 'like', 12, '2016-05-23 12:24:00', 510),
(621, 14, 'like', 12, '2016-05-23 12:24:46', 510),
(622, 14, 'like', 12, '2016-05-23 12:33:42', 510),
(623, 14, 'like', 12, '2016-05-23 12:34:11', 510),
(624, 14, 'like', 12, '2016-05-23 17:29:02', 510),
(625, 14, 'like', 12, '2016-05-23 17:32:23', 510),
(626, 12, 'like', 14, '2016-05-23 18:31:34', 1060),
(627, 12, 'comment', 14, '2016-05-23 18:32:50', 1067),
(628, 14, 'like', 12, '2016-05-23 19:14:16', 1073),
(629, 14, 'like', 12, '2016-05-23 19:14:19', 1073),
(630, 14, 'like', 12, '2016-05-23 19:14:22', 1073),
(631, 14, 'like', 12, '2016-05-23 19:15:14', 1073),
(632, 14, 'like', 12, '2016-05-23 19:15:19', 1073),
(633, 80, 'comment', 49, '2016-05-24 09:05:33', 1074),
(634, 150, 'comment', 12, '2016-05-24 09:42:49', 1059),
(635, 150, 'comment', 12, '2016-05-24 09:43:44', 1059),
(636, 150, 'comment', 12, '2016-05-24 09:43:56', 1059),
(637, 36, 'comment', 49, '2016-05-24 09:45:44', 1032),
(638, 150, 'comment', 12, '2016-05-24 09:57:34', 1059),
(639, 150, 'comment', 12, '2016-05-24 10:00:57', 1059),
(640, 150, 'comment', 12, '2016-05-24 10:01:56', 1059),
(641, 150, 'comment', 12, '2016-05-24 10:03:31', 1059),
(642, 150, 'comment', 12, '2016-05-24 10:05:03', 1059),
(643, 150, 'comment', 12, '2016-05-24 10:05:39', 1059),
(644, 150, 'comment', 12, '2016-05-24 10:07:17', 1059),
(645, 150, 'comment', 12, '2016-05-24 10:10:47', 1059),
(646, 150, 'comment', 12, '2016-05-24 10:11:51', 1059),
(647, 150, 'comment', 12, '2016-05-24 10:14:11', 1059),
(648, 150, 'comment', 12, '2016-05-24 10:14:41', 1059),
(649, 150, 'comment', 12, '2016-05-24 10:15:40', 1059),
(650, 150, 'comment', 12, '2016-05-24 10:15:41', 1059),
(651, 150, 'comment', 12, '2016-05-24 10:25:04', 1059),
(652, 150, 'comment', 12, '2016-05-24 10:25:53', 1059),
(653, 150, 'comment', 12, '2016-05-24 10:29:01', 1059),
(654, 150, 'comment', 12, '2016-05-24 10:32:40', 1059),
(655, 150, 'comment', 12, '2016-05-24 10:32:41', 1059),
(656, 150, 'comment', 12, '2016-05-24 11:07:59', 1059),
(657, 150, 'comment', 12, '2016-05-24 11:10:55', 1059),
(658, 150, 'comment', 12, '2016-05-24 11:16:40', 1059),
(659, 150, 'comment', 12, '2016-05-24 11:24:27', 1059),
(660, 150, 'comment', 12, '2016-05-24 11:24:45', 1059),
(661, 150, 'comment', 12, '2016-05-24 11:24:47', 1059),
(662, 150, 'comment', 12, '2016-05-24 11:24:58', 1059),
(663, 150, 'comment', 12, '2016-05-24 11:25:24', 1059),
(664, 150, 'comment', 12, '2016-05-24 11:33:12', 1059),
(665, 150, 'comment', 12, '2016-05-24 11:34:45', 1059),
(666, 150, 'comment', 12, '2016-05-24 11:34:46', 1059),
(667, 150, 'comment', 12, '2016-05-24 11:36:01', 1059),
(668, 150, 'comment', 12, '2016-05-24 11:37:11', 1059),
(669, 150, 'comment', 12, '2016-05-24 11:37:42', 1059),
(670, 150, 'comment', 12, '2016-05-24 11:37:45', 1059),
(671, 150, 'comment', 12, '2016-05-24 11:37:48', 1059),
(672, 150, 'comment', 12, '2016-05-24 11:37:50', 1059),
(673, 150, 'comment', 12, '2016-05-24 11:38:57', 1059),
(674, 150, 'comment', 12, '2016-05-24 11:45:35', 1059),
(675, 150, 'comment', 12, '2016-05-24 11:47:18', 1059),
(676, 14, 'like', 150, '2016-05-24 14:43:26', 1073),
(677, 150, 'comment', 12, '2016-05-24 15:01:24', 1059),
(678, 150, 'comment', 12, '2016-05-24 15:01:36', 1059),
(679, 150, 'comment', 12, '2016-05-24 15:05:45', 1059),
(680, 150, 'comment', 12, '2016-05-24 15:06:33', 1059),
(681, 150, 'comment', 12, '2016-05-24 15:06:46', 1059),
(682, 150, 'comment', 12, '2016-05-24 15:11:26', 1059),
(683, 150, 'comment', 12, '2016-05-24 15:13:32', 1059),
(684, 14, 'request', 12, '2016-05-24 15:32:10', NULL),
(685, 150, 'comment', 12, '2016-05-24 15:41:13', 1059),
(686, 150, 'comment', 12, '2016-05-24 15:44:02', 1059),
(687, 150, 'comment', 12, '2016-05-24 15:54:37', 1059),
(688, 150, 'comment', 12, '2016-05-24 16:11:34', 1059),
(689, 150, 'comment', 12, '2016-05-24 18:09:14', 1059),
(690, 150, 'tag', 12, '2016-05-24 18:10:17', 1077),
(691, 147, 'comment', 12, '2016-05-24 18:10:18', 1077),
(692, 83, 'tag', 49, '2016-05-25 08:28:52', 1032),
(693, 36, 'comment', 49, '2016-05-25 08:28:52', 1032),
(694, 83, 'tag', 49, '2016-05-25 08:59:49', 1032),
(695, 36, 'comment', 49, '2016-05-25 08:59:49', 1032),
(696, 12, 'tag', 150, '2016-05-25 09:48:50', 1079),
(697, 12, 'request', 150, '2016-05-25 10:13:43', NULL),
(698, 45, 'like', 49, '2016-05-25 10:35:22', 1015),
(699, 36, 'like', 49, '2016-05-25 10:35:25', 1014),
(700, 49, 'started_following', 152, '2016-05-25 10:47:41', NULL),
(701, 49, 'like', 152, '2016-05-25 10:47:50', 1076),
(702, 49, 'like', 152, '2016-05-25 10:47:53', 979),
(703, 49, 'like', 152, '2016-05-25 10:47:57', 978),
(704, 49, 'like', 152, '2016-05-25 10:48:00', 895),
(705, 49, 'like', 152, '2016-05-25 10:48:03', 807),
(706, 49, 'like', 152, '2016-05-25 10:48:06', 358),
(707, 61, 'like', 49, '2016-05-25 11:28:10', 1058),
(708, 61, 'like', 49, '2016-05-25 11:28:13', 383),
(709, 61, 'like', 49, '2016-05-25 11:28:25', 380),
(710, 61, 'like', 49, '2016-05-25 11:28:27', 177),
(711, 61, 'like', 49, '2016-05-25 11:28:29', 138),
(712, 61, 'like', 49, '2016-05-25 11:28:30', 136),
(713, 61, 'started_following', 49, '2016-05-25 11:28:34', NULL),
(714, 61, 'comment', 49, '2016-05-25 11:29:13', 1058),
(715, 61, 'started_following', 49, '2016-05-25 11:30:11', NULL),
(716, 61, 'started_following', 49, '2016-05-25 11:30:13', NULL),
(717, 61, 'started_following', 49, '2016-05-25 11:30:16', NULL),
(718, 11, 'started_following', 49, '2016-05-25 13:51:53', NULL),
(719, 12, 'tag', 150, '2016-05-25 13:57:14', 0),
(720, 12, 'tag', 150, '2016-05-25 13:57:51', 0),
(721, 12, 'tag', 150, '2016-05-25 14:11:37', 1079),
(722, 12, 'tag', 150, '2016-05-25 14:11:44', 1079),
(723, 12, 'tag', 150, '2016-05-25 14:11:46', 1079),
(724, 12, 'tag', 150, '2016-05-25 14:12:04', 1079),
(725, 12, 'tag', 150, '2016-05-25 14:12:21', 1079),
(726, 9, 'comment', 61, '2016-05-25 14:15:45', 1080),
(727, 49, 'comment', 83, '2016-05-25 14:27:30', 1076),
(728, 83, 'like', 49, '2016-05-25 14:29:15', 1081),
(729, 147, 'comment', 61, '2016-05-25 14:30:44', 1082),
(730, 12, 'tag', 150, '2016-05-25 14:35:46', 1079),
(731, 53, 'like', 147, '2016-05-25 14:38:13', 1075),
(732, 12, 'tag', 150, '2016-05-25 14:53:54', 1079),
(733, 49, 'started_following', 147, '2016-05-25 15:04:32', NULL),
(734, 83, 'comment', 49, '2016-05-25 15:59:53', 1081),
(735, 1, 'started_following', 150, '2016-05-25 16:01:26', NULL),
(736, 1, 'started_following', 150, '2016-05-25 16:06:08', NULL),
(737, 1, 'started_following', 150, '2016-05-25 16:06:12', NULL),
(738, 85, 'request', 12, '2016-05-25 16:55:30', NULL),
(739, 8, 'comment', 61, '2016-05-25 17:47:00', 390),
(740, 150, 'accepted', 12, '2016-05-25 18:01:18', NULL),
(741, 150, 'started_following', 12, '2016-05-25 18:02:06', NULL),
(742, 150, 'started_following', 12, '2016-05-25 18:02:11', NULL),
(743, 150, 'started_following', 12, '2016-05-25 18:02:22', NULL),
(744, 150, 'started_following', 12, '2016-05-25 18:04:59', NULL),
(745, 150, 'started_following', 12, '2016-05-25 18:10:26', NULL),
(746, 83, 'like', 49, '2016-05-26 09:10:26', 1081),
(747, 147, 'started_following', 49, '2016-05-26 09:22:09', NULL),
(748, 12, 'tag', 150, '2016-05-26 11:04:16', 1079),
(749, 12, 'tag', 150, '2016-05-26 11:04:28', 1079),
(750, 83, 'comment', 147, '2016-05-26 14:02:31', 1081),
(751, 49, 'like', 152, '2016-05-26 15:21:36', 1076),
(752, 49, 'like', 152, '2016-05-26 15:21:40', 979),
(753, 49, 'like', 152, '2016-05-26 15:21:43', 978),
(754, 49, 'like', 152, '2016-05-26 15:21:48', 807),
(755, 49, 'like', 152, '2016-05-26 15:21:51', 358),
(756, 49, 'comment', 83, '2016-05-26 15:42:09', 1076),
(757, 49, 'started_following', 147, '2016-05-26 16:19:14', NULL),
(758, 147, 'started_following', 49, '2016-05-26 16:22:08', NULL),
(759, 150, 'started_following', 12, '2016-05-27 16:19:20', NULL),
(760, 150, 'started_following', 12, '2016-05-27 16:19:29', NULL),
(761, 150, 'started_following', 12, '2016-05-27 16:19:42', NULL),
(762, 150, 'started_following', 12, '2016-05-27 16:19:51', NULL),
(763, 150, 'started_following', 61, '2016-05-27 16:29:10', NULL),
(764, 150, 'started_following', 61, '2016-05-27 16:29:12', NULL),
(765, 150, 'started_following', 49, '2016-05-27 16:29:15', NULL),
(766, 150, 'started_following', 61, '2016-05-27 16:30:19', NULL),
(767, 150, 'started_following', 61, '2016-05-27 16:30:53', NULL),
(768, 61, 'like', 150, '2016-05-27 16:34:23', 1058),
(769, 61, 'like', 150, '2016-05-27 16:34:26', 383),
(770, 61, 'like', 150, '2016-05-27 16:34:37', 380),
(771, 61, 'like', 150, '2016-05-27 16:34:40', 177),
(772, 61, 'like', 150, '2016-05-27 16:34:41', 138),
(773, 12, 'like', 150, '2016-05-27 16:35:21', 1078),
(774, 12, 'like', 150, '2016-05-27 16:35:47', 1072),
(775, 12, 'like', 150, '2016-05-27 16:35:51', 1071),
(776, 12, 'like', 150, '2016-05-27 16:36:38', 1070),
(777, 12, 'comment', 150, '2016-05-27 16:38:03', 1078),
(778, 12, 'comment', 150, '2016-05-27 16:38:09', 1072),
(779, 150, 'comment', 61, '2016-05-27 16:48:18', 1079),
(780, 45, 'like', 49, '2016-05-27 16:57:10', 1015),
(781, 61, 'comment', 49, '2016-05-27 17:27:46', 1058),
(782, 28, 'comment', 83, '2016-05-27 17:36:39', 1033),
(783, 61, 'request', 49, '2016-05-27 17:49:02', NULL),
(784, 61, 'request', 49, '2016-05-27 17:52:35', NULL),
(785, 61, 'request', 49, '2016-05-27 17:53:09', NULL),
(786, 49, 'accepted', 61, '2016-05-27 17:53:43', NULL),
(787, 150, 'like', 12, '2016-05-27 18:05:23', 1079),
(788, 150, 'like', 12, '2016-05-27 18:06:07', 1079),
(789, 11, 'like', 61, '2016-05-27 18:33:53', 381),
(790, 150, 'comment', 61, '2016-05-27 21:15:01', 1079),
(791, 150, 'comment', 61, '2016-05-27 21:15:30', 1079),
(792, 150, 'comment', 61, '2016-05-27 21:15:32', 1079),
(793, 147, 'like', 49, '2016-05-28 09:39:01', 1082),
(794, 45, 'like', 83, '2016-05-28 11:27:31', 1015),
(795, 147, 'like', 49, '2016-05-30 10:03:34', 1077),
(796, 147, 'like', 49, '2016-05-30 10:03:37', 1077),
(797, 150, 'like', 49, '2016-05-30 10:05:21', 1079),
(798, 36, 'like', 49, '2016-05-30 10:05:31', 1032),
(799, 36, 'like', 49, '2016-05-30 10:05:51', 736),
(800, 35, 'like', 49, '2016-05-30 10:05:55', 725),
(801, 147, 'like', 49, '2016-05-30 10:19:41', 1086),
(802, 83, 'started_following', 49, '2016-05-30 10:20:40', NULL),
(803, 83, 'started_following', 49, '2016-05-30 10:22:27', NULL),
(804, 83, 'started_following', 49, '2016-05-30 10:25:08', NULL),
(805, 49, 'like', 83, '2016-05-30 10:31:11', 1076),
(806, 49, 'like', 83, '2016-05-30 10:31:30', 979),
(807, 49, 'like', 83, '2016-05-30 10:32:07', 979),
(808, 49, 'like', 83, '2016-05-30 10:32:09', 978),
(809, 49, 'like', 83, '2016-05-30 10:32:14', 1076),
(810, 49, 'like', 83, '2016-05-30 10:32:18', 807),
(811, 150, 'like', 49, '2016-05-30 10:33:27', 1059),
(812, 83, 'comment', 49, '2016-05-30 13:54:55', 1081),
(813, 83, 'comment', 49, '2016-05-30 13:55:24', 1081),
(814, 83, 'comment', 49, '2016-05-30 13:56:20', 1081),
(815, 83, 'comment', 49, '2016-05-30 13:57:11', 1081),
(816, 83, 'comment', 49, '2016-05-30 13:57:38', 1081),
(817, 83, 'comment', 49, '2016-05-30 13:59:30', 977),
(818, 83, 'comment', 49, '2016-05-30 13:59:53', 977),
(819, 83, 'started_following', 157, '2016-05-30 14:16:20', NULL),
(820, 83, 'started_following', 157, '2016-05-30 14:16:23', NULL),
(821, 83, 'like', 157, '2016-05-30 14:16:32', 1088),
(822, 83, 'like', 157, '2016-05-30 14:31:03', 505),
(823, 49, 'started_following', 152, '2016-05-31 09:01:29', NULL),
(824, 49, 'started_following', 152, '2016-05-31 09:03:01', NULL),
(825, 49, 'like', 152, '2016-05-31 09:03:07', 1076),
(826, 49, 'like', 152, '2016-05-31 09:03:21', 979),
(827, 52, 'started_following', 83, '2016-05-31 09:23:59', NULL),
(828, 83, 'started_following', 152, '2016-05-31 09:24:44', NULL),
(829, 83, 'like', 152, '2016-05-31 09:24:50', 1088),
(830, 83, 'like', 152, '2016-05-31 09:24:53', 1087),
(832, 83, 'started_following', 49, '2016-05-31 10:01:12', NULL),
(833, 83, 'started_following', 49, '2016-05-31 10:01:19', NULL),
(834, 83, 'like', 49, '2016-05-31 10:02:48', 1088),
(835, 83, 'like', 49, '2016-05-31 10:02:51', 1088),
(836, 83, 'like', 152, '2016-05-31 10:26:33', 1081),
(837, 61, 'request', 83, '2016-05-31 10:31:48', NULL),
(838, 61, 'request', 83, '2016-05-31 10:32:05', NULL),
(839, 61, 'like', 83, '2016-05-31 10:32:13', 1058),
(840, 61, 'like', 83, '2016-05-31 10:32:19', 383),
(841, 83, 'accepted', 61, '2016-05-31 10:34:04', NULL),
(842, 150, 'comment', 61, '2016-05-31 10:34:32', 1079),
(843, 150, 'comment', 61, '2016-05-31 10:34:49', 1079),
(844, 150, 'comment', 61, '2016-05-31 10:35:10', 1079),
(845, 61, 'like', 83, '2016-05-31 10:36:33', 136),
(846, 61, 'like', 83, '2016-05-31 10:36:38', 138),
(847, 61, 'like', 83, '2016-05-31 10:36:39', 177),
(848, 61, 'like', 83, '2016-05-31 10:36:43', 136),
(849, 61, 'like', 83, '2016-05-31 10:36:45', 138),
(850, 61, 'like', 83, '2016-05-31 10:36:51', 177),
(851, 61, 'like', 83, '2016-05-31 10:36:54', 138),
(852, 61, 'like', 83, '2016-05-31 10:36:58', 380),
(853, 150, 'like', 61, '2016-05-31 10:37:46', 1079),
(854, 36, 'like', 83, '2016-05-31 10:38:31', 1091),
(855, 29, 'like', 83, '2016-05-31 10:38:33', 1090),
(856, 38, 'like', 83, '2016-05-31 10:38:34', 1089),
(857, 150, 'comment', 61, '2016-05-31 10:38:42', 1079),
(858, 147, 'like', 83, '2016-05-31 10:38:46', 1086),
(859, 133, 'like', 83, '2016-05-31 10:38:49', 1085),
(860, 119, 'like', 83, '2016-05-31 10:38:52', 1084),
(861, 155, 'like', 83, '2016-05-31 10:38:53', 1083),
(862, 147, 'like', 83, '2016-05-31 10:38:56', 1082),
(863, 9, 'like', 83, '2016-05-31 10:39:00', 1080),
(864, 150, 'like', 83, '2016-05-31 10:39:03', 1079),
(865, 12, 'like', 83, '2016-05-31 10:39:07', 1078),
(866, 147, 'like', 83, '2016-05-31 10:39:10', 1077),
(867, 53, 'like', 83, '2016-05-31 10:39:16', 1075),
(868, 80, 'like', 83, '2016-05-31 10:39:17', 1074),
(869, 14, 'like', 83, '2016-05-31 10:39:19', 1073),
(870, 12, 'like', 83, '2016-05-31 10:39:24', 1072),
(871, 12, 'like', 83, '2016-05-31 10:39:27', 1071),
(872, 12, 'like', 83, '2016-05-31 10:39:30', 1070),
(873, 12, 'like', 83, '2016-05-31 10:39:32', 1069),
(874, 12, 'like', 83, '2016-05-31 10:39:37', 1068),
(875, 12, 'like', 83, '2016-05-31 10:39:39', 1067),
(876, 150, 'comment', 61, '2016-05-31 10:50:32', 1079),
(877, 150, 'like', 49, '2016-06-01 09:17:36', 1079),
(878, 49, 'started_following', 152, '2016-06-01 09:24:44', NULL),
(879, 49, 'like', 152, '2016-06-01 09:24:54', 978),
(882, 98, 'like', 49, '2016-06-01 09:27:39', 996),
(883, 98, 'like', 49, '2016-06-01 09:27:40', 946),
(884, 98, 'like', 49, '2016-06-01 09:27:41', 903),
(885, 98, 'like', 49, '2016-06-01 09:27:56', 764),
(886, 98, 'like', 49, '2016-06-01 09:27:58', 706),
(887, 98, 'like', 49, '2016-06-01 09:28:04', 623),
(888, 98, 'like', 49, '2016-06-01 09:28:06', 623),
(889, 98, 'like', 49, '2016-06-01 09:28:09', 623),
(890, 98, 'like', 49, '2016-06-01 09:28:11', 623),
(891, 98, 'comment', 49, '2016-06-01 09:28:50', 764),
(892, 49, 'like', 147, '2016-06-01 11:56:05', 1098),
(893, 49, 'like', 152, '2016-06-01 13:47:57', 1098),
(894, 49, 'like', 152, '2016-06-01 13:48:13', 807),
(895, 49, 'started_following', 152, '2016-06-01 13:49:36', NULL),
(896, 49, 'started_following', 152, '2016-06-01 13:50:24', NULL),
(897, 49, 'started_following', 152, '2016-06-01 13:53:00', NULL),
(898, 49, 'comment', 152, '2016-06-01 13:56:49', 979),
(899, 49, 'started_following', 152, '2016-06-01 13:59:42', NULL),
(900, 49, 'like', 152, '2016-06-01 13:59:52', 978),
(901, 83, 'like', 152, '2016-06-01 14:01:26', 977),
(902, 83, 'like', 152, '2016-06-01 14:01:30', 547),
(903, 83, 'like', 152, '2016-06-01 14:03:16', 505),
(904, 83, 'started_following', 152, '2016-06-01 14:05:53', NULL),
(905, 83, 'started_following', 49, '2016-06-01 14:07:48', NULL),
(906, 83, 'started_following', 147, '2016-06-01 14:08:49', NULL),
(907, 49, 'like', 147, '2016-06-01 14:23:55', 1098),
(908, 139, 'started_following', 147, '2016-06-01 14:25:19', NULL),
(909, 139, 'started_following', 147, '2016-06-01 14:26:44', NULL),
(910, 139, 'started_following', 147, '2016-06-01 14:27:26', NULL),
(911, 83, 'like', 147, '2016-06-01 14:47:24', 1088),
(912, 83, 'like', 147, '2016-06-01 14:47:40', 1087),
(913, 36, 'comment', 61, '2016-06-03 09:15:06', 1091),
(914, 36, 'comment', 61, '2016-06-03 09:15:11', 1091),
(915, 36, 'comment', 61, '2016-06-03 09:15:13', 1091),
(916, 12, 'request', 49, '2016-06-03 09:56:32', NULL),
(917, 49, 'accepted', 12, '2016-06-03 09:56:55', NULL),
(918, 49, 'request', 152, '2016-06-03 10:03:52', NULL),
(919, 152, 'accepted', 49, '2016-06-03 10:16:06', NULL),
(920, 83, 'started_following', 49, '2016-06-04 08:53:01', NULL),
(921, 83, 'started_following', 49, '2016-06-04 08:53:07', NULL),
(922, 11, 'started_following', 49, '2016-06-04 10:23:11', NULL),
(923, 11, 'started_following', 49, '2016-06-04 10:30:26', NULL),
(924, 49, 'like', 152, '2016-06-04 11:49:24', 1098),
(925, 49, 'like', 152, '2016-06-04 11:49:27', 1098),
(926, 49, 'like', 152, '2016-06-04 11:49:30', 1098),
(927, 49, 'like', 152, '2016-06-04 11:49:32', 1098),
(928, 49, 'like', 152, '2016-06-04 11:49:34', 1098),
(929, 11, 'started_following', 56, '2016-06-06 13:41:08', NULL),
(930, 11, 'started_following', 56, '2016-06-06 13:41:27', NULL),
(931, 50, 'like', 152, '2016-06-06 16:24:39', 1109),
(932, 50, 'comment', 152, '2016-06-06 16:34:05', 1109),
(933, 50, 'comment', 152, '2016-06-06 16:34:15', 1109),
(934, 1, 'started_following', 150, '2016-06-07 10:33:13', NULL),
(935, 1, 'started_following', 150, '2016-06-07 10:33:15', NULL),
(936, 1, 'started_following', 150, '2016-06-07 10:33:18', NULL),
(937, 1, 'started_following', 150, '2016-06-07 10:33:21', NULL),
(938, 3, 'started_following', 150, '2016-06-07 10:33:47', NULL),
(939, 12, 'request', 150, '2016-06-07 10:33:59', NULL);
INSERT INTO `notifications` (`notif_id`, `user_id`, `type`, `activity_user`, `notif_datetime`, `video_id`) VALUES
(940, 147, 'like', 49, '2016-06-07 11:42:50', 1082),
(941, 35, 'like', 49, '2016-06-08 08:50:33', 1113),
(942, 160, 'started_following', 49, '2016-06-08 10:34:04', NULL),
(943, 49, 'request', 160, '2016-06-08 10:34:15', NULL),
(944, 160, 'accepted', 49, '2016-06-08 10:34:40', NULL),
(945, 160, 'started_following', 83, '2016-06-08 10:35:40', NULL),
(946, 83, 'started_following', 160, '2016-06-08 10:35:52', NULL),
(947, 160, 'like', 49, '2016-06-08 10:37:31', 1115),
(948, 83, 'tag', 49, '2016-06-08 10:38:50', 1115),
(949, 160, 'comment', 49, '2016-06-08 10:38:52', 1115),
(950, 83, 'tag', 160, '2016-06-08 10:39:25', 1115),
(951, 49, 'tag', 160, '2016-06-08 10:39:26', 1115),
(952, 160, 'comment', 49, '2016-06-08 10:42:09', 1115),
(953, 83, 'started_following', 49, '2016-06-08 11:45:26', NULL),
(954, 12, 'like', 49, '2016-06-08 14:05:59', 1070),
(955, 12, 'like', 49, '2016-06-08 14:06:03', 1070),
(956, 12, 'like', 49, '2016-06-08 14:06:07', 1070),
(957, 36, 'like', 49, '2016-06-09 10:37:49', 639),
(958, 160, 'comment', 83, '2016-06-10 11:37:33', 1115),
(959, 160, 'comment', 83, '2016-06-10 11:38:40', 1115),
(960, 147, 'comment', 49, '2016-06-10 13:26:52', 1086),
(961, 49, 'tag', 83, '2016-06-10 13:44:31', 1116),
(962, 52, 'comment', 83, '2016-06-10 13:44:32', 1116),
(963, 49, 'tag', 83, '2016-06-10 13:45:21', 1033),
(964, 28, 'comment', 83, '2016-06-10 13:45:23', 1033),
(965, 49, 'tag', 83, '2016-06-10 14:03:59', 966),
(966, 28, 'comment', 83, '2016-06-10 14:04:00', 966),
(967, 49, 'tag', 83, '2016-06-10 14:04:26', 805),
(968, 27, 'comment', 83, '2016-06-10 14:04:27', 805),
(969, 49, 'comment', 160, '2016-06-11 16:39:34', 1098),
(970, 94, 'comment', 12, '2016-06-22 17:31:46', 1123),
(971, 118, 'comment', 12, '2016-06-24 15:15:10', 1127),
(972, 45, 'started_following', 83, '2016-06-24 16:08:25', NULL),
(973, 45, 'started_following', 83, '2016-06-24 16:08:29', NULL),
(974, 45, 'started_following', 83, '2016-06-24 16:08:34', NULL),
(975, 45, 'like', 83, '2016-06-24 16:10:13', 1118),
(976, 150, 'comment', 12, '2016-06-24 17:43:17', 1079),
(977, 150, 'comment', 12, '2016-06-24 18:22:48', 1079),
(978, 150, 'comment', 12, '2016-06-24 18:36:58', 1079),
(979, 150, 'comment', 12, '2016-06-24 18:38:20', 1079),
(980, 150, 'comment', 12, '2016-06-24 18:38:45', 1079),
(981, 119, 'comment', 11, '2016-06-25 11:14:27', 1129),
(982, 119, 'comment', 11, '2016-06-25 11:15:11', 1129),
(983, 52, 'started_following', 83, '2016-06-25 11:36:18', NULL),
(984, 52, 'started_following', 83, '2016-06-25 11:36:34', NULL),
(985, 150, 'comment', 12, '2016-06-27 10:13:37', 1079),
(986, 12, 'request', 150, '2016-06-27 11:31:20', NULL),
(987, 150, 'accepted', 12, '2016-06-27 11:45:25', NULL),
(988, 12, 'comment', 150, '2016-06-27 16:24:27', 1067),
(989, 152, 'started_following', 49, '2016-06-30 15:44:29', NULL),
(990, 12, 'comment', 49, '2016-06-30 16:35:35', 1130),
(991, 12, 'comment', 49, '2016-06-30 16:36:34', 1130),
(992, 12, 'comment', 49, '2016-06-30 16:37:00', 1130),
(993, 12, 'comment', 49, '2016-06-30 16:48:14', 1130),
(994, 12, 'comment', 49, '2016-06-30 16:48:48', 1130),
(995, 12, 'comment', 49, '2016-06-30 16:52:17', 1130),
(996, 12, 'comment', 49, '2016-06-30 16:52:25', 1130),
(997, 12, 'comment', 49, '2016-06-30 16:52:36', 1130),
(998, 36, 'comment', 49, '2016-06-30 16:53:35', 1091),
(999, 36, 'comment', 49, '2016-06-30 16:53:42', 1091),
(1000, 36, 'comment', 49, '2016-06-30 16:53:49', 1091),
(1001, 12, 'comment', 49, '2016-07-01 08:38:42', 1130),
(1002, 45, 'started_following', 83, '2016-07-01 11:38:55', NULL),
(1003, 45, 'started_following', 83, '2016-07-01 11:39:08', NULL),
(1004, 12, 'comment', 49, '2016-07-01 13:18:59', 1130),
(1005, 36, 'like', 49, '2016-07-01 13:20:36', 1091),
(1006, 83, 'comment', 49, '2016-07-01 13:22:24', 1088),
(1007, 83, 'like', 49, '2016-07-01 13:22:40', 1087),
(1008, 83, 'like', 49, '2016-07-01 13:22:43', 1088),
(1009, 83, 'like', 49, '2016-07-01 13:22:50', 1088),
(1010, 147, 'like', 49, '2016-07-01 13:23:30', 1086),
(1011, 147, 'like', 49, '2016-07-01 13:23:43', 1086),
(1012, 36, 'comment', 83, '2016-07-01 15:11:16', 1091),
(1013, 1, 'started_following', 150, '2016-07-04 16:20:54', NULL),
(1014, 2, 'started_following', 150, '2016-07-04 16:21:01', NULL),
(1015, 4, 'started_following', 150, '2016-07-04 16:21:10', NULL),
(1016, 5, 'started_following', 150, '2016-07-04 16:21:17', NULL),
(1017, 14, 'request', 150, '2016-07-04 16:21:29', NULL),
(1018, 12, 'comment', 11, '2016-07-05 11:50:27', 1130),
(1019, 83, 'started_following', 49, '2016-07-07 10:26:29', NULL),
(1020, 133, 'started_following', 150, '2016-07-07 18:00:03', NULL),
(1021, 119, 'started_following', 150, '2016-07-07 18:00:11', NULL),
(1022, 117, 'started_following', 150, '2016-07-07 18:01:03', NULL),
(1023, 118, 'started_following', 150, '2016-07-07 18:01:08', NULL),
(1024, 125, 'started_following', 150, '2016-07-07 18:01:12', NULL),
(1025, 97, 'started_following', 150, '2016-07-07 18:01:16', NULL),
(1026, 95, 'started_following', 150, '2016-07-07 18:01:20', NULL),
(1027, 94, 'started_following', 150, '2016-07-07 18:01:30', NULL),
(1028, 49, 'started_following', 12, '2016-07-08 15:41:01', NULL),
(1029, 150, 'request', 13, '2016-07-08 16:32:58', NULL),
(1030, 13, 'accepted', 150, '2016-07-08 16:33:21', NULL),
(1031, 150, 'request', 13, '2016-07-08 16:36:49', NULL),
(1032, 150, 'request', 13, '2016-07-08 16:37:02', NULL),
(1033, 13, 'accepted', 150, '2016-07-08 16:37:27', NULL),
(1034, 150, 'request', 13, '2016-07-08 16:41:35', NULL),
(1035, 13, 'accepted', 150, '2016-07-08 16:41:44', NULL),
(1036, 150, 'request', 150, '2016-07-11 11:52:47', NULL),
(1037, 150, 'comment', 13, '2016-07-11 12:04:56', 1079),
(1038, 12, 'like', 150, '2016-07-11 14:34:42', 1063),
(1039, 7, 'started_following', 12, '2016-07-11 15:15:06', NULL),
(1040, 7, 'started_following', 12, '2016-07-11 15:17:29', NULL),
(1041, 13, 'request', 150, '2016-07-11 15:23:50', NULL),
(1042, 12, 'request', 150, '2016-07-11 15:24:03', NULL),
(1043, 61, 'request', 150, '2016-07-11 15:24:48', NULL),
(1044, 2, 'started_following', 150, '2016-07-11 15:25:04', NULL),
(1045, 49, 'started_following', 150, '2016-07-11 15:29:20', NULL),
(1046, 150, 'comment', 12, '2016-07-11 15:39:59', 1079),
(1047, 150, 'comment', 12, '2016-07-11 15:40:17', 1079),
(1048, 150, 'comment', 12, '2016-07-11 15:40:46', 1079),
(1049, 12, 'request', 150, '2016-07-11 15:53:07', NULL),
(1050, 11, 'started_following', 12, '2016-07-11 15:53:09', NULL),
(1051, 11, 'started_following', 12, '2016-07-11 15:53:21', NULL),
(1052, 13, 'request', 150, '2016-07-11 15:54:13', NULL),
(1053, 49, 'started_following', 150, '2016-07-11 15:54:16', NULL),
(1054, 12, 'request', 150, '2016-07-11 15:56:49', NULL),
(1055, 49, 'started_following', 150, '2016-07-11 15:56:53', NULL),
(1056, 49, 'started_following', 150, '2016-07-11 15:56:56', NULL),
(1057, 49, 'started_following', 150, '2016-07-11 15:59:11', NULL),
(1058, 49, 'started_following', 150, '2016-07-11 15:59:14', NULL),
(1059, 49, 'started_following', 150, '2016-07-11 15:59:16', NULL),
(1060, 49, 'started_following', 150, '2016-07-11 15:59:35', NULL),
(1061, 49, 'started_following', 150, '2016-07-11 15:59:54', NULL),
(1062, 11, 'started_following', 12, '2016-07-11 16:01:36', NULL),
(1063, 11, 'started_following', 12, '2016-07-11 16:08:00', NULL),
(1064, 11, 'started_following', 12, '2016-07-11 16:08:20', NULL),
(1065, 49, 'started_following', 150, '2016-07-11 16:13:39', NULL),
(1066, 49, 'started_following', 150, '2016-07-11 16:14:00', NULL),
(1067, 49, 'started_following', 150, '2016-07-11 16:14:12', NULL),
(1068, 49, 'started_following', 150, '2016-07-11 16:14:42', NULL),
(1069, 11, 'started_following', 12, '2016-07-11 16:14:48', NULL),
(1070, 12, 'request', 150, '2016-07-11 16:14:50', NULL),
(1071, 12, 'request', 150, '2016-07-11 16:17:28', NULL),
(1072, 12, 'request', 150, '2016-07-11 16:17:41', NULL),
(1073, 11, 'started_following', 12, '2016-07-11 16:23:23', NULL),
(1074, 11, 'started_following', 12, '2016-07-11 16:23:30', NULL),
(1075, 11, 'started_following', 12, '2016-07-11 16:23:36', NULL),
(1076, 7, 'started_following', 12, '2016-07-11 16:24:18', NULL),
(1077, 7, 'started_following', 12, '2016-07-11 16:37:42', NULL),
(1078, 12, 'request', 150, '2016-07-11 16:47:20', NULL),
(1079, 12, 'request', 150, '2016-07-11 16:51:09', NULL),
(1080, 12, 'request', 150, '2016-07-11 16:54:03', NULL),
(1081, 12, 'request', 150, '2016-07-11 16:54:08', NULL),
(1082, 12, 'request', 150, '2016-07-11 16:55:12', NULL),
(1083, 12, 'request', 150, '2016-07-11 16:56:04', NULL),
(1084, 12, 'request', 150, '2016-07-11 16:58:14', NULL),
(1085, 12, 'request', 150, '2016-07-11 16:58:19', NULL),
(1086, 12, 'request', 150, '2016-07-11 16:58:23', NULL),
(1087, 49, 'started_following', 150, '2016-07-11 16:58:32', NULL),
(1088, 49, 'started_following', 150, '2016-07-11 16:58:35', NULL),
(1089, 12, 'request', 150, '2016-07-11 17:01:01', NULL),
(1090, 12, 'request', 150, '2016-07-11 17:01:05', NULL),
(1091, 49, 'started_following', 150, '2016-07-11 17:01:14', NULL),
(1092, 12, 'request', 150, '2016-07-11 17:01:23', NULL),
(1093, 49, 'started_following', 150, '2016-07-11 17:01:34', NULL),
(1094, 49, 'started_following', 150, '2016-07-11 17:01:37', NULL),
(1095, 49, 'started_following', 150, '2016-07-11 17:09:04', NULL),
(1096, 49, 'started_following', 150, '2016-07-11 17:09:49', NULL),
(1097, 15, 'started_following', 12, '2016-07-11 17:14:15', NULL),
(1098, 11, 'started_following', 12, '2016-07-11 17:20:21', NULL),
(1099, 7, 'started_following', 12, '2016-07-11 17:54:46', NULL),
(1100, 8, 'started_following', 7, '2016-07-11 17:55:52', NULL),
(1101, 9, 'started_following', 12, '2016-07-11 18:09:51', NULL),
(1102, 15, 'started_following', 12, '2016-07-11 18:12:59', NULL),
(1103, 20, 'started_following', 12, '2016-07-11 18:15:17', NULL),
(1104, 49, 'started_following', 12, '2016-07-11 18:15:27', NULL),
(1105, 61, 'request', 12, '2016-07-11 18:24:19', NULL),
(1106, 45, 'started_following', 12, '2016-07-11 18:24:33', NULL),
(1107, 1, 'started_following', 12, '2016-07-11 18:25:36', NULL),
(1108, 1, 'started_following', 12, '2016-07-11 18:25:40', NULL),
(1109, 150, 'tag', 12, '2016-07-11 19:06:23', 1130),
(1110, 7, 'started_following', 12, '2016-07-11 19:48:14', NULL),
(1111, 7, 'like', 12, '2016-07-11 20:12:45', 382),
(1112, 9, 'comment', 12, '2016-07-11 20:29:37', 1080),
(1113, 1, 'started_following', 12, '2016-07-12 08:55:27', NULL),
(1114, 9, 'like', 12, '2016-07-12 09:25:47', 1080),
(1115, 9, 'comment', 12, '2016-07-12 09:25:58', 1080),
(1116, 49, 'like', 12, '2016-07-12 09:30:10', 1076),
(1117, 49, 'started_following', 150, '2016-07-12 09:53:06', NULL),
(1118, 49, 'started_following', 150, '2016-07-12 09:53:08', NULL),
(1119, 49, 'started_following', 150, '2016-07-12 09:53:10', NULL),
(1120, 61, 'request', 150, '2016-07-12 09:53:18', NULL),
(1121, 61, 'request', 150, '2016-07-12 09:53:20', NULL),
(1122, 61, 'request', 150, '2016-07-12 09:54:07', NULL),
(1123, 61, 'request', 150, '2016-07-12 09:54:09', NULL),
(1124, 61, 'request', 150, '2016-07-12 09:54:11', NULL),
(1125, 61, 'request', 150, '2016-07-12 09:54:16', NULL),
(1126, 49, 'started_following', 150, '2016-07-12 09:54:21', NULL),
(1127, 49, 'started_following', 150, '2016-07-12 09:54:25', NULL),
(1128, 49, 'started_following', 150, '2016-07-12 09:54:27', NULL),
(1129, 49, 'started_following', 150, '2016-07-12 09:54:34', NULL),
(1130, 13, 'request', 150, '2016-07-12 09:54:54', NULL),
(1131, 49, 'started_following', 150, '2016-07-12 09:55:04', NULL),
(1132, 12, 'started_following', 150, '2016-07-12 09:57:20', NULL),
(1133, 12, 'started_following', 150, '2016-07-12 09:57:28', NULL),
(1134, 12, 'started_following', 150, '2016-07-12 09:57:50', NULL),
(1135, 12, 'started_following', 150, '2016-07-12 10:01:53', NULL),
(1136, 12, 'started_following', 150, '2016-07-12 10:01:58', NULL),
(1137, 12, 'started_following', 150, '2016-07-12 10:02:02', NULL),
(1138, 13, 'request', 150, '2016-07-12 10:02:15', NULL),
(1139, 49, 'started_following', 150, '2016-07-12 10:02:22', NULL),
(1140, 49, 'started_following', 150, '2016-07-12 10:02:30', NULL),
(1141, 49, 'started_following', 150, '2016-07-12 10:02:45', NULL),
(1142, 49, 'started_following', 150, '2016-07-12 10:02:48', NULL),
(1143, 49, 'started_following', 150, '2016-07-12 10:05:17', NULL),
(1144, 49, 'started_following', 150, '2016-07-12 10:05:23', NULL),
(1145, 49, 'started_following', 150, '2016-07-12 10:05:25', NULL),
(1146, 49, 'started_following', 150, '2016-07-12 10:05:30', NULL),
(1147, 49, 'started_following', 150, '2016-07-12 10:05:32', NULL),
(1148, 49, 'started_following', 150, '2016-07-12 10:07:54', NULL),
(1149, 49, 'started_following', 150, '2016-07-12 10:07:56', NULL),
(1150, 49, 'started_following', 150, '2016-07-12 10:07:59', NULL),
(1151, 49, 'started_following', 150, '2016-07-12 10:08:02', NULL),
(1152, 49, 'started_following', 150, '2016-07-12 10:08:08', NULL),
(1153, 49, 'started_following', 150, '2016-07-12 10:08:10', NULL),
(1154, 49, 'started_following', 150, '2016-07-12 10:11:26', NULL),
(1155, 49, 'started_following', 150, '2016-07-12 10:11:36', NULL),
(1156, 49, 'started_following', 150, '2016-07-12 10:12:04', NULL),
(1157, 49, 'started_following', 150, '2016-07-12 10:14:33', NULL),
(1158, 49, 'started_following', 150, '2016-07-12 10:15:33', NULL),
(1159, 49, 'started_following', 150, '2016-07-12 10:17:23', NULL),
(1160, 49, 'started_following', 150, '2016-07-12 10:18:33', NULL),
(1161, 49, 'started_following', 150, '2016-07-12 10:18:44', NULL),
(1162, 49, 'started_following', 150, '2016-07-12 10:18:46', NULL),
(1163, 49, 'started_following', 150, '2016-07-12 10:18:51', NULL),
(1164, 49, 'started_following', 150, '2016-07-12 10:19:00', NULL),
(1165, 49, 'started_following', 150, '2016-07-12 10:19:02', NULL),
(1166, 49, 'started_following', 150, '2016-07-12 10:19:05', NULL),
(1167, 49, 'started_following', 150, '2016-07-12 10:19:10', NULL),
(1168, 13, 'request', 150, '2016-07-12 10:19:17', NULL),
(1169, 13, 'request', 150, '2016-07-12 10:19:19', NULL),
(1170, 13, 'request', 150, '2016-07-12 10:19:24', NULL),
(1171, 49, 'started_following', 150, '2016-07-12 10:21:43', NULL),
(1172, 49, 'started_following', 150, '2016-07-12 10:21:45', NULL),
(1173, 13, 'request', 150, '2016-07-12 10:21:47', NULL),
(1174, 49, 'started_following', 150, '2016-07-12 10:21:53', NULL),
(1175, 61, 'request', 150, '2016-07-12 10:21:54', NULL),
(1176, 13, 'request', 150, '2016-07-12 10:21:58', NULL),
(1177, 3, 'started_following', 150, '2016-07-12 10:29:10', NULL),
(1178, 11, 'started_following', 150, '2016-07-12 10:29:18', NULL),
(1179, 49, 'started_following', 150, '2016-07-12 10:29:32', NULL),
(1180, 13, 'request', 150, '2016-07-12 10:38:40', NULL),
(1181, 49, 'started_following', 150, '2016-07-12 10:38:44', NULL),
(1182, 49, 'started_following', 150, '2016-07-12 10:38:48', NULL),
(1183, 61, 'request', 150, '2016-07-12 10:38:49', NULL),
(1184, 150, 'request', 12, '2016-07-12 10:41:19', NULL),
(1185, 12, 'accepted', 150, '2016-07-12 10:41:38', NULL),
(1186, 12, 'accepted', 150, '2016-07-12 10:41:40', NULL),
(1187, 12, 'accepted', 150, '2016-07-12 10:41:43', NULL),
(1188, 12, 'started_following', 150, '2016-07-12 10:43:42', NULL),
(1189, 49, 'started_following', 150, '2016-07-12 10:43:46', NULL),
(1190, 12, 'started_following', 150, '2016-07-12 10:43:50', NULL),
(1191, 49, 'started_following', 150, '2016-07-12 10:43:53', NULL),
(1192, 12, 'started_following', 150, '2016-07-12 10:43:59', NULL),
(1193, 12, 'started_following', 150, '2016-07-12 10:44:04', NULL),
(1194, 13, 'request', 150, '2016-07-12 10:44:07', NULL),
(1195, 49, 'started_following', 150, '2016-07-12 10:44:08', NULL),
(1196, 150, 'request', 12, '2016-07-12 10:54:55', NULL),
(1197, 7, 'started_following', 12, '2016-07-12 11:07:14', NULL),
(1198, 49, 'started_following', 150, '2016-07-12 11:11:57', NULL),
(1199, 49, 'started_following', 150, '2016-07-12 11:12:02', NULL),
(1200, 49, 'started_following', 150, '2016-07-12 11:12:17', NULL),
(1201, 49, 'started_following', 150, '2016-07-12 11:12:22', NULL),
(1202, 12, 'like', 150, '2016-07-12 11:12:45', 1134),
(1203, 12, 'like', 150, '2016-07-12 11:12:50', 1134),
(1204, 9, 'comment', 12, '2016-07-12 11:20:50', 1080),
(1205, 12, 'like', 150, '2016-07-12 11:23:22', 1134),
(1206, 12, 'comment', 150, '2016-07-12 11:37:05', 1134),
(1207, 12, 'comment', 150, '2016-07-12 11:45:21', 1134),
(1208, 6, 'started_following', 12, '2016-07-12 12:01:14', NULL),
(1209, 49, 'started_following', 150, '2016-07-12 12:03:34', NULL),
(1210, 49, 'started_following', 150, '2016-07-12 12:04:36', NULL),
(1211, 49, 'started_following', 150, '2016-07-12 12:04:40', NULL),
(1212, 49, 'started_following', 150, '2016-07-12 12:06:13', NULL),
(1213, 8, 'started_following', 12, '2016-07-12 13:08:32', NULL),
(1214, 15, 'comment', 12, '2016-07-12 13:11:56', 30),
(1215, 15, 'comment', 12, '2016-07-12 13:12:42', 30),
(1216, 7, 'started_following', 12, '2016-07-12 13:13:07', NULL),
(1217, 7, 'started_following', 12, '2016-07-12 13:22:54', NULL),
(1218, 12, 'accepted', 150, '2016-07-12 13:27:53', NULL),
(1219, 150, 'request', 12, '2016-07-12 13:44:45', NULL),
(1220, 12, 'comment', 150, '2016-07-12 13:48:45', 1134),
(1221, 12, 'accepted', 150, '2016-07-12 13:50:30', NULL),
(1222, 12, 'accepted', 150, '2016-07-12 13:50:33', NULL),
(1223, 12, 'accepted', 150, '2016-07-12 13:50:35', NULL),
(1224, 150, 'tag', 12, '2016-07-12 13:51:02', 1134),
(1225, 150, 'comment', 12, '2016-07-12 13:59:02', 1135),
(1226, 91, 'comment', 12, '2016-07-12 14:00:34', 1121),
(1227, 12, 'tag', 150, '2016-07-12 14:08:17', 1135),
(1228, 150, 'comment', 12, '2016-07-12 14:14:36', 1135),
(1229, 161, 'started_following', 12, '2016-07-12 14:18:23', NULL),
(1230, 12, 'started_following', 161, '2016-07-12 14:23:09', NULL),
(1231, 12, 'started_following', 161, '2016-07-12 14:23:14', NULL),
(1232, 150, 'tag', 12, '2016-07-12 14:44:31', 1067),
(1233, 12, 'comment', 150, '2016-07-12 14:44:53', 1134),
(1234, 150, 'request', 12, '2016-07-12 15:05:22', NULL),
(1235, 150, 'request', 12, '2016-07-12 15:05:25', NULL),
(1236, 12, 'accepted', 150, '2016-07-12 15:05:31', NULL),
(1237, 133, 'comment', 150, '2016-07-12 15:14:50', 1131),
(1238, 150, 'comment', 12, '2016-07-12 15:24:18', 1135),
(1239, 150, 'comment', 12, '2016-07-12 15:25:33', 1135),
(1240, 161, 'tag', 12, '2016-07-12 15:27:36', 1135),
(1241, 150, 'comment', 12, '2016-07-12 15:27:36', 1135),
(1242, 150, 'comment', 12, '2016-07-12 15:28:40', 1135),
(1243, 150, 'comment', 12, '2016-07-12 15:29:38', 1079),
(1244, 150, 'comment', 12, '2016-07-12 15:33:16', 1079),
(1245, 150, 'comment', 12, '2016-07-12 15:36:50', 1079),
(1246, 150, 'comment', 12, '2016-07-12 15:37:27', 1135),
(1247, 150, 'comment', 12, '2016-07-12 15:40:05', 1135),
(1248, 150, 'comment', 12, '2016-07-12 15:40:32', 1059),
(1249, 150, 'comment', 12, '2016-07-12 15:43:22', 1135),
(1250, 133, 'like', 150, '2016-07-12 15:44:22', 1131),
(1251, 150, 'like', 12, '2016-07-12 16:17:05', 1135),
(1252, 150, 'comment', 12, '2016-07-12 16:17:13', 1135),
(1253, 133, 'like', 150, '2016-07-12 16:56:15', 1131),
(1254, 133, 'like', 150, '2016-07-12 16:56:20', 1131),
(1255, 12, 'comment', 150, '2016-07-12 17:30:31', 1134),
(1256, 12, 'like', 150, '2016-07-12 17:30:50', 1134),
(1257, 12, 'like', 150, '2016-07-12 17:30:57', 1134),
(1258, 12, 'like', 150, '2016-07-12 17:31:01', 1134),
(1259, 7, 'started_following', 12, '2016-07-12 17:44:13', NULL),
(1260, 12, 'comment', 150, '2016-07-12 18:04:46', 1078),
(1261, 133, 'comment', 150, '2016-07-12 18:05:06', 1131),
(1262, 49, 'started_following', 12, '2016-07-12 18:06:22', NULL),
(1263, 12, 'comment', 150, '2016-07-12 18:06:46', 1078),
(1264, 7, 'started_following', 12, '2016-07-12 18:11:30', NULL),
(1265, 8, 'started_following', 12, '2016-07-12 18:12:12', NULL),
(1266, 7, 'started_following', 12, '2016-07-12 18:20:34', NULL),
(1267, 11, 'started_following', 12, '2016-07-12 18:20:49', NULL),
(1268, 2, 'started_following', 12, '2016-07-12 18:21:53', NULL),
(1269, 15, 'started_following', 12, '2016-07-12 18:22:18', NULL),
(1270, 125, 'comment', 150, '2016-07-12 18:22:44', 1126),
(1271, 7, 'started_following', 12, '2016-07-12 18:23:19', NULL),
(1272, 12, 'comment', 150, '2016-07-12 18:35:06', 1136),
(1273, 12, 'started_following', 150, '2016-07-12 18:38:15', NULL),
(1274, 12, 'comment', 150, '2016-07-12 18:38:33', 1136),
(1275, 12, 'comment', 150, '2016-07-12 18:42:05', 1136),
(1276, 12, 'comment', 150, '2016-07-12 18:42:39', 1136),
(1277, 12, 'comment', 150, '2016-07-12 18:42:50', 1136),
(1278, 12, 'comment', 150, '2016-07-12 18:42:57', 1136),
(1279, 12, 'comment', 150, '2016-07-12 18:43:46', 1136),
(1280, 12, 'comment', 150, '2016-07-12 18:45:41', 1136),
(1281, 12, 'started_following', 150, '2016-07-12 18:46:16', NULL),
(1282, 12, 'started_following', 150, '2016-07-12 18:46:21', NULL),
(1283, 12, 'started_following', 150, '2016-07-12 18:46:46', NULL),
(1284, 12, 'started_following', 150, '2016-07-12 18:46:51', NULL),
(1285, 7, 'started_following', 150, '2016-07-12 18:47:17', NULL),
(1286, 12, 'started_following', 150, '2016-07-13 06:22:02', NULL),
(1287, 12, 'started_following', 150, '2016-07-13 06:22:05', NULL),
(1288, 12, 'started_following', 150, '2016-07-13 06:22:08', NULL),
(1289, 12, 'started_following', 150, '2016-07-13 06:22:34', NULL),
(1290, 12, 'started_following', 150, '2016-07-13 06:24:59', NULL),
(1291, 12, 'started_following', 150, '2016-07-13 06:27:11', NULL),
(1292, 150, 'request', 12, '2016-07-13 06:27:20', NULL),
(1293, 12, 'accepted', 150, '2016-07-13 06:27:34', NULL),
(1294, 150, 'comment', 12, '2016-07-13 06:34:43', 1135),
(1295, 12, 'request', 150, '2016-07-13 06:43:21', NULL),
(1296, 150, 'accepted', 12, '2016-07-13 06:43:48', NULL),
(1297, 45, 'comment', 12, '2016-07-13 09:22:37', 1118),
(1298, 12, 'like', 150, '2016-07-13 09:25:33', 1136),
(1299, 12, 'like', 150, '2016-07-13 09:26:00', 1136),
(1300, 12, 'like', 150, '2016-07-13 09:26:05', 1136),
(1301, 12, 'like', 150, '2016-07-13 09:26:21', 1136),
(1302, 12, 'like', 150, '2016-07-13 09:31:56', 1136),
(1303, 150, 'started_following', 12, '2016-07-13 09:41:22', NULL),
(1304, 150, 'started_following', 12, '2016-07-13 09:43:27', NULL),
(1305, 150, 'started_following', 12, '2016-07-13 09:43:54', NULL),
(1306, 12, 'comment', 150, '2016-07-13 09:44:06', 1136),
(1307, 12, 'like', 150, '2016-07-13 09:51:14', 1136),
(1308, 12, 'like', 150, '2016-07-13 09:52:02', 1136),
(1309, 12, 'like', 150, '2016-07-13 09:52:07', 1136),
(1310, 12, 'like', 150, '2016-07-13 09:53:51', 1136),
(1311, 150, 'request', 12, '2016-07-13 09:54:15', NULL),
(1312, 12, 'like', 150, '2016-07-13 10:03:32', 1136),
(1313, 7, 'started_following', 12, '2016-07-13 10:04:40', NULL),
(1314, 12, 'like', 150, '2016-07-13 10:10:12', 1136),
(1315, 12, 'like', 150, '2016-07-13 10:14:59', 1136),
(1316, 7, 'started_following', 150, '2016-07-13 10:21:44', NULL),
(1317, 12, 'request', 150, '2016-07-13 10:31:18', NULL),
(1318, 13, 'request', 150, '2016-07-13 10:36:41', NULL),
(1319, 12, 'accepted', 150, '2016-07-13 10:37:06', NULL),
(1320, 150, 'accepted', 12, '2016-07-13 10:37:26', NULL),
(1321, 7, 'started_following', 150, '2016-07-13 10:38:02', NULL),
(1322, 9, 'started_following', 150, '2016-07-13 10:38:16', NULL),
(1323, 7, 'started_following', 150, '2016-07-13 10:38:26', NULL),
(1324, 7, 'started_following', 12, '2016-07-13 10:46:38', NULL),
(1325, 12, 'tag', 150, '2016-07-13 10:48:58', 1137),
(1326, 2, 'started_following', 150, '2016-07-13 10:57:37', NULL),
(1327, 150, 'like', 12, '2016-07-13 11:09:07', 1137),
(1328, 150, 'like', 12, '2016-07-13 11:10:06', 1137),
(1329, 150, 'like', 12, '2016-07-13 11:10:17', 1137),
(1330, 7, 'started_following', 12, '2016-07-13 11:25:52', NULL),
(1331, 150, 'comment', 12, '2016-07-13 11:50:15', 1137),
(1332, 150, 'comment', 12, '2016-07-13 11:51:56', 1137),
(1333, 12, 'like', 150, '2016-07-13 14:24:00', 1134),
(1334, 12, 'like', 150, '2016-07-13 14:24:05', 1134),
(1335, 12, 'request', 161, '2016-07-13 14:29:42', NULL),
(1336, 15, 'request', 161, '2016-07-13 14:32:31', NULL),
(1337, 16, 'started_following', 161, '2016-07-13 14:32:35', NULL),
(1338, 2, 'started_following', 161, '2016-07-13 14:37:41', NULL),
(1339, 161, 'accepted', 15, '2016-07-13 14:50:28', NULL),
(1340, 161, 'accepted', 15, '2016-07-13 14:50:30', NULL),
(1341, 161, 'accepted', 15, '2016-07-13 14:50:32', NULL),
(1342, 150, 'request', 12, '2016-07-13 15:08:36', NULL),
(1343, 12, 'accepted', 150, '2016-07-13 15:08:47', NULL),
(1344, 12, 'comment', 150, '2016-07-13 15:25:00', 1134),
(1345, 150, 'request', 12, '2016-07-13 15:36:08', NULL),
(1346, 150, 'request', 12, '2016-07-13 15:36:25', NULL),
(1347, 12, 'accepted', 150, '2016-07-13 15:36:39', NULL),
(1348, 12, 'request', 150, '2016-07-13 15:37:32', NULL),
(1349, 150, 'accepted', 12, '2016-07-13 15:37:42', NULL),
(1350, 12, 'request', 150, '2016-07-13 17:38:16', NULL),
(1351, 150, 'accepted', 12, '2016-07-13 17:38:37', NULL),
(1352, 49, 'like', 150, '2016-07-13 17:41:30', 1139),
(1353, 12, 'request', 150, '2016-07-13 17:56:39', NULL),
(1354, 118, 'like', 150, '2016-07-14 13:31:12', 935),
(1355, 1, 'started_following', 150, '2016-07-14 14:11:33', NULL),
(1356, 1, 'started_following', 150, '2016-07-14 14:13:00', NULL),
(1357, 14, 'request', 150, '2016-07-14 14:14:03', NULL),
(1358, 100, 'like', 150, '2016-07-14 14:15:15', 1143),
(1359, 12, 'tag', 150, '2016-07-14 16:48:11', 1137),
(1360, 9, 'tag', 150, '2016-07-14 16:48:11', 1137),
(1361, 9, 'like', 150, '2016-07-14 16:48:49', 1140),
(1362, 3, 'started_following', 150, '2016-07-14 16:51:47', NULL),
(1363, 100, 'like', 150, '2016-07-14 17:24:11', 1143),
(1364, 83, 'tag', 49, '2016-07-15 14:18:32', 358),
(1365, 9, 'like', 150, '2016-07-15 15:30:37', 1140),
(1366, 150, 'request', 15, '2016-07-15 16:45:56', NULL),
(1367, 15, 'accepted', 150, '2016-07-15 16:46:03', NULL),
(1368, 150, 'request', 15, '2016-07-15 17:14:29', NULL),
(1369, 15, 'accepted', 150, '2016-07-15 17:14:37', NULL),
(1370, 15, 'request', 150, '2016-07-15 17:15:03', NULL),
(1371, 150, 'accepted', 15, '2016-07-15 17:15:17', NULL),
(1372, 150, 'accepted', 12, '2016-07-15 17:19:22', NULL),
(1373, 12, 'request', 150, '2016-07-15 17:25:58', NULL),
(1374, 12, 'request', 150, '2016-07-15 17:27:30', NULL),
(1375, 150, 'accepted', 12, '2016-07-15 17:27:49', NULL),
(1376, 12, 'request', 150, '2016-07-15 18:31:04', NULL),
(1377, 12, 'request', 150, '2016-07-15 18:31:06', NULL),
(1378, 12, 'request', 9, '2016-07-15 18:38:33', NULL),
(1379, 9, 'accepted', 12, '2016-07-15 18:38:46', NULL),
(1380, 100, 'like', 12, '2016-07-15 18:55:03', 1143),
(1381, 9, 'like', 12, '2016-07-18 11:38:01', 1144),
(1382, 9, 'like', 12, '2016-07-18 11:38:05', 1144),
(1383, 100, 'like', 12, '2016-07-18 11:42:07', 1143),
(1384, 100, 'like', 12, '2016-07-18 11:42:09', 1143),
(1385, 100, 'like', 12, '2016-07-18 11:42:12', 1143),
(1386, 100, 'like', 12, '2016-07-18 11:42:15', 1143),
(1387, 9, 'like', 12, '2016-07-18 11:48:58', 1144),
(1388, 150, 'comment', 49, '2016-07-19 09:34:11', 1137),
(1389, 72, 'started_following', 83, '2016-07-19 14:49:47', NULL),
(1390, 52, 'comment', 83, '2016-07-19 14:59:21', 1116),
(1391, 49, 'request', 83, '2016-07-20 13:14:50', NULL),
(1392, 83, 'accepted', 49, '2016-07-20 13:15:01', NULL),
(1393, 83, 'started_following', 49, '2016-07-20 13:16:50', NULL),
(1394, 83, 'started_following', 49, '2016-07-20 13:16:52', NULL),
(1395, 49, 'request', 83, '2016-07-20 14:47:22', NULL),
(1396, 83, 'accepted', 49, '2016-07-20 15:29:10', NULL),
(1397, 150, 'accepted', 12, '2016-07-21 10:35:08', NULL),
(1398, 49, 'request', 150, '2016-07-21 10:48:54', NULL),
(1399, 83, 'started_following', 49, '2016-07-21 16:07:55', NULL),
(1400, 49, 'request', 83, '2016-07-21 16:08:31', NULL),
(1401, 83, 'accepted', 49, '2016-07-21 16:08:51', NULL),
(1402, 83, 'started_following', 49, '2016-07-21 16:11:52', NULL),
(1403, 83, 'started_following', 49, '2016-07-21 16:33:44', NULL),
(1404, 83, 'started_following', 49, '2016-07-21 16:38:47', NULL),
(1405, 83, 'started_following', 49, '2016-07-21 16:39:02', NULL),
(1406, 49, 'request', 83, '2016-07-22 08:59:12', NULL),
(1407, 83, 'accepted', 49, '2016-07-22 09:00:38', NULL),
(1408, 83, 'started_following', 49, '2016-07-22 09:03:11', NULL),
(1409, 49, 'request', 147, '2016-07-22 10:29:26', NULL),
(1410, 147, 'accepted', 49, '2016-07-22 10:30:02', NULL),
(1411, 137, 'started_following', 49, '2016-07-23 12:15:01', NULL),
(1412, 11, 'started_following', 49, '2016-07-23 13:22:03', NULL),
(1413, 49, 'tag', 83, '2016-07-25 14:14:19', 1131),
(1414, 133, 'comment', 83, '2016-07-25 14:14:19', 1131),
(1415, 49, 'tag', 83, '2016-07-25 14:14:44', 1117),
(1416, 78, 'comment', 83, '2016-07-25 14:14:44', 1117),
(1417, 49, 'tag', 83, '2016-07-25 14:15:41', 1112),
(1418, 80, 'comment', 83, '2016-07-25 14:15:41', 1112),
(1419, 9, 'like', 150, '2016-07-28 13:14:01', 1140),
(1420, 136, 'like', 147, '2016-07-28 16:22:51', 1142),
(1423, 13, 'request', 150, '2016-08-08 11:36:47', NULL),
(1424, 49, 'started_following', 150, '2016-08-08 11:37:02', NULL),
(1425, 49, 'started_following', 150, '2016-08-08 11:37:05', NULL),
(1426, 11, 'like', 91, '2016-08-19 11:05:14', 26),
(1427, 150, 'like', 49, '2016-09-30 15:14:22', 1148),
(1428, 52, 'started_following', 49, '2016-10-01 14:25:59', NULL),
(1429, 52, 'started_following', 49, '2016-10-01 14:26:07', NULL),
(1430, 52, 'started_following', 49, '2016-10-01 14:26:09', NULL),
(1433, 2, 'started_following', 49, '2016-11-23 15:09:41', NULL),
(1434, 49, 'started_following', 179, '2016-11-23 16:12:51', NULL),
(1435, 49, 'started_following', 180, '2016-11-23 16:13:24', NULL),
(1436, 49, 'started_following', 181, '2016-11-23 16:14:48', NULL),
(1437, 49, 'started_following', 182, '2016-11-23 16:15:24', NULL),
(1438, 49, 'started_following', 183, '2016-11-23 16:16:30', NULL),
(1439, 150, 'like', 49, '2016-11-28 15:30:46', 1148),
(1440, 150, 'like', 49, '2016-11-28 15:42:27', 1148),
(1441, 150, 'like', 49, '2016-11-28 15:42:29', 1148),
(1442, 150, 'like', 49, '2016-11-28 15:42:31', 1148),
(1451, 49, 'comment', 181, '2016-11-29 15:34:48', 979),
(1457, 150, 'like', 49, '2016-11-29 16:51:04', 1147),
(1458, 49, 'comment', 181, '2016-12-01 14:58:01', 1146),
(1459, 49, 'comment', 180, '2016-12-01 14:58:58', 1145),
(1460, 68, 'request', 49, '2016-12-01 16:03:41', NULL),
(1462, 2, 'started_following', 49, '2016-12-01 16:46:03', NULL),
(1465, 5, 'started_following', 49, '2016-12-01 16:53:38', NULL),
(1470, 49, 'tag', 83, '2016-12-02 13:36:27', 1168),
(1471, 49, 'tag', 83, '2016-12-02 13:39:12', 1169),
(1472, 49, 'started_following', 180, '2016-12-02 14:34:29', NULL),
(1473, 9, 'started_following', 49, '2016-12-03 10:26:38', NULL),
(1474, 10, 'request', 49, '2016-12-03 10:26:49', NULL),
(1476, 15, 'request', 49, '2016-12-06 16:44:01', NULL),
(1477, 19, 'started_following', 49, '2016-12-06 16:44:05', NULL),
(1478, 180, 'started_following', 49, '2016-12-09 15:57:37', NULL),
(1479, 49, 'comment', 180, '2016-12-13 16:40:36', 1204),
(1480, 49, 'comment', 181, '2016-12-13 16:41:04', 1204),
(1481, 49, 'comment', 182, '2016-12-13 16:41:41', 1204),
(1482, 49, 'started_following', 182, '2016-12-17 11:03:28', NULL),
(1483, 49, 'started_following', 182, '2016-12-17 11:03:49', NULL),
(1487, 49, 'request', 179, '2016-12-23 13:25:33', NULL),
(1488, 49, 'comment', 183, '2017-01-03 14:11:09', 1194),
(1489, 11, 'started_following', 49, '2017-01-05 15:37:07', NULL),
(1490, 11, 'started_following', 49, '2017-01-05 15:43:16', NULL),
(1491, 11, 'started_following', 49, '2017-01-05 15:43:22', NULL),
(1493, 5, 'started_following', 49, '2017-01-05 16:25:48', NULL),
(1494, 6, 'started_following', 49, '2017-01-05 16:25:51', NULL),
(1496, 2, 'started_following', 49, '2017-01-05 16:35:27', NULL),
(1498, 13, 'request', 49, '2017-01-05 16:39:51', NULL),
(1499, 174, 'started_following', 49, '2017-01-05 16:39:55', NULL),
(1500, 175, 'started_following', 49, '2017-01-05 16:39:58', NULL),
(1501, 176, 'started_following', 49, '2017-01-05 16:40:00', NULL),
(1502, 177, 'started_following', 49, '2017-01-05 16:40:02', NULL),
(1503, 2, 'started_following', 49, '2017-01-06 15:11:18', NULL),
(1504, 7, 'started_following', 49, '2017-01-06 15:26:42', NULL),
(1505, 10, 'request', 49, '2017-01-06 15:26:48', NULL),
(1506, 181, 'started_following', 49, '2017-01-06 15:26:51', NULL),
(1507, 182, 'started_following', 49, '2017-01-06 15:26:52', NULL),
(1508, 49, 'started_following', 49, '2017-01-10 10:50:55', NULL),
(1509, 49, 'started_following', 49, '2017-01-10 10:50:57', NULL),
(1510, 49, 'started_following', 49, '2017-01-10 10:50:58', NULL),
(1511, 49, 'started_following', 49, '2017-01-10 10:51:00', NULL),
(1512, 49, 'started_following', 49, '2017-01-10 10:51:01', NULL),
(1513, 49, 'comment', 183, '2017-01-10 11:37:42', 1204),
(1514, 49, 'comment', 183, '2017-01-10 11:38:06', 1204),
(1515, 49, 'comment', 183, '2017-01-10 11:38:06', 1204),
(1516, 49, 'comment', 183, '2017-01-10 11:43:58', 1204),
(1517, 10, 'request', 49, '2017-01-10 16:25:54', NULL),
(1518, 10, 'request', 49, '2017-01-10 16:25:58', NULL),
(1519, 10, 'request', 49, '2017-01-10 16:33:18', NULL),
(1520, 13, 'request', 49, '2017-01-10 16:33:49', NULL),
(1523, 1, 'started_following', 182, '2017-01-11 09:36:48', NULL),
(1524, 2, 'started_following', 182, '2017-01-11 09:36:51', NULL),
(1525, 3, 'started_following', 182, '2017-01-11 09:41:13', NULL),
(1526, 1, 'started_following', 182, '2017-01-11 09:48:00', NULL),
(1527, 2, 'started_following', 182, '2017-01-11 09:48:01', NULL),
(1528, 3, 'started_following', 182, '2017-01-11 09:52:21', NULL),
(1529, 4, 'started_following', 182, '2017-01-11 09:55:34', NULL),
(1530, 5, 'started_following', 182, '2017-01-11 09:55:47', NULL),
(1531, 6, 'started_following', 182, '2017-01-11 09:56:09', NULL),
(1532, 7, 'started_following', 182, '2017-01-11 09:56:11', NULL),
(1533, 1, 'started_following', 182, '2017-01-11 10:36:36', NULL),
(1534, 2, 'started_following', 182, '2017-01-11 10:36:46', NULL),
(1535, 3, 'started_following', 182, '2017-01-11 10:37:01', NULL),
(1536, 3, 'started_following', 182, '2017-01-11 10:47:44', NULL),
(1537, 1, 'started_following', 182, '2017-01-11 11:03:00', NULL),
(1538, 2, 'started_following', 182, '2017-01-11 11:03:03', NULL),
(1539, 4, 'started_following', 182, '2017-01-11 11:03:07', NULL),
(1562, 1, 'started_following', 182, '2017-01-12 09:00:23', NULL),
(1563, 12, 'request', 182, '2017-01-12 09:17:17', NULL),
(1574, 179, 'started_following', 49, '2017-01-12 13:28:38', NULL),
(1575, 17, 'request', 49, '2017-01-12 13:29:23', NULL),
(1576, 25, 'started_following', 49, '2017-01-12 13:29:30', NULL),
(1577, 53, 'started_following', 49, '2017-01-12 13:36:08', NULL),
(1578, 53, 'started_following', 49, '2017-01-12 13:36:37', NULL),
(1579, 51, 'started_following', 49, '2017-01-12 13:37:32', NULL),
(1580, 37, 'started_following', 49, '2017-01-12 13:40:38', NULL),
(1584, 1, 'started_following', 182, '2017-01-12 14:45:14', NULL),
(1585, 2, 'started_following', 182, '2017-01-12 14:45:15', NULL),
(1586, 2, 'started_following', 182, '2017-01-12 14:45:23', NULL),
(1587, 2, 'started_following', 182, '2017-01-12 14:45:24', NULL),
(1588, 2, 'started_following', 182, '2017-01-12 14:45:24', NULL),
(1589, 3, 'started_following', 182, '2017-01-12 14:45:27', NULL),
(1590, 4, 'started_following', 182, '2017-01-12 14:45:28', NULL),
(1591, 5, 'started_following', 182, '2017-01-12 14:45:30', NULL),
(1592, 6, 'started_following', 182, '2017-01-12 14:45:32', NULL),
(1593, 7, 'started_following', 182, '2017-01-12 14:45:35', NULL),
(1594, 8, 'started_following', 182, '2017-01-12 14:46:25', NULL),
(1595, 1, 'started_following', 182, '2017-01-12 14:52:37', NULL),
(1596, 1, 'started_following', 182, '2017-01-12 14:52:53', NULL),
(1597, 1, 'started_following', 182, '2017-01-12 15:02:01', NULL),
(1598, 9, 'started_following', 182, '2017-01-12 15:24:32', NULL),
(1599, 1, 'started_following', 182, '2017-01-12 15:30:20', NULL),
(1600, 1, 'started_following', 182, '2017-01-12 15:32:54', NULL),
(1601, 1, 'started_following', 182, '2017-01-12 15:33:21', NULL),
(1602, 1, 'started_following', 182, '2017-01-12 16:06:02', NULL),
(1603, 1, 'started_following', 182, '2017-01-12 16:06:19', NULL),
(1604, 1, 'started_following', 182, '2017-01-12 16:06:35', NULL),
(1605, 1, 'started_following', 182, '2017-01-12 16:10:58', NULL),
(1606, 1, 'started_following', 182, '2017-01-12 16:13:05', NULL),
(1607, 2, 'started_following', 182, '2017-01-12 16:15:43', NULL),
(1608, 1, 'started_following', 182, '2017-01-12 16:22:14', NULL),
(1616, 5, 'started_following', 183, '2017-01-13 09:55:50', NULL),
(1618, 1, 'started_following', 186, '2017-01-16 16:30:40', NULL),
(1619, 2, 'started_following', 186, '2017-01-16 16:30:43', NULL),
(1620, 3, 'started_following', 186, '2017-01-16 16:30:45', NULL),
(1621, 4, 'started_following', 186, '2017-01-16 16:30:47', NULL),
(1622, 5, 'started_following', 186, '2017-01-16 16:30:48', NULL),
(1623, 6, 'started_following', 186, '2017-01-16 16:30:50', NULL),
(1624, 7, 'started_following', 186, '2017-01-16 16:30:52', NULL),
(1625, 7, 'comment', 186, '2017-01-16 16:40:35', 382),
(1626, 2, 'comment', 186, '2017-01-16 16:41:30', 28),
(1627, 11, 'started_following', 187, '2017-01-17 09:15:59', NULL),
(1628, 11, 'started_following', 187, '2017-01-17 09:16:03', NULL),
(1629, 11, 'started_following', 187, '2017-01-17 09:16:15', NULL),
(1630, 11, 'started_following', 187, '2017-01-17 09:16:17', NULL),
(1631, 11, 'started_following', 187, '2017-01-17 09:16:17', NULL),
(1632, 11, 'started_following', 187, '2017-01-17 09:16:18', NULL),
(1633, 2, 'started_following', 187, '2017-01-17 09:24:01', NULL),
(1634, 49, 'comment', 187, '2017-01-17 09:27:25', 1207),
(1635, 187, 'started_following', 49, '2017-01-17 12:04:13', NULL),
(1636, 187, 'started_following', 49, '2017-01-17 12:04:24', NULL),
(1637, 187, 'started_following', 49, '2017-01-17 12:04:25', NULL),
(1638, 187, 'started_following', 49, '2017-01-17 12:04:31', NULL),
(1639, 1, 'started_following', 187, '2017-01-17 13:28:36', NULL),
(1640, 89, 'started_following', 49, '2017-01-24 14:32:30', NULL),
(1660, 183, 'started_following', 182, '2017-01-26 10:26:24', NULL),
(1661, 183, 'started_following', 182, '2017-01-26 10:26:45', NULL),
(1665, 182, 'started_following', 183, '2017-01-26 10:31:45', NULL),
(1682, 49, 'like', 180, '2017-01-30 14:29:19', 1216),
(1685, 49, 'like', 181, '2017-01-30 14:32:04', 1216),
(1689, 49, 'started_following', 199, '2017-02-02 14:30:27', NULL),
(1692, 2, 'like', 49, '2017-02-03 08:31:18', 1244),
(1696, 77, 'started_following', 49, '2017-02-03 08:50:58', NULL),
(1698, 98, 'started_following', 49, '2017-02-03 09:06:49', NULL),
(1702, 47, 'started_following', 49, '2017-02-03 09:35:21', NULL),
(1703, 14, 'request', 49, '2017-02-03 09:38:00', NULL),
(1704, 56, 'started_following', 49, '2017-02-03 09:40:34', NULL),
(1707, 67, 'started_following', 49, '2017-02-03 09:51:02', NULL),
(1708, 99, 'started_following', 49, '2017-02-03 09:58:33', NULL),
(1709, 69, 'started_following', 49, '2017-02-03 10:01:52', NULL),
(1710, 78, 'started_following', 49, '2017-02-03 10:04:20', NULL),
(1714, 38, 'started_following', 49, '2017-02-03 10:15:28', NULL),
(1715, 90, 'started_following', 49, '2017-02-03 10:15:49', NULL),
(1716, 39, 'started_following', 49, '2017-02-03 10:19:21', NULL),
(1717, 16, 'started_following', 49, '2017-02-03 10:30:49', NULL),
(1719, 92, 'started_following', 49, '2017-02-03 10:35:03', NULL),
(1720, 70, 'started_following', 49, '2017-02-03 10:52:56', NULL),
(1724, 100, 'started_following', 49, '2017-02-03 11:10:56', NULL),
(1726, 101, 'started_following', 49, '2017-02-03 11:15:34', NULL),
(1727, 71, 'started_following', 49, '2017-02-03 11:29:26', NULL),
(1728, 21, 'started_following', 49, '2017-02-03 11:30:41', NULL),
(1729, 27, 'started_following', 49, '2017-02-03 11:35:29', NULL),
(1730, 40, 'started_following', 49, '2017-02-03 11:38:24', NULL),
(1731, 57, 'started_following', 49, '2017-02-03 11:42:01', NULL),
(1732, 18, 'started_following', 49, '2017-02-03 11:44:11', NULL),
(1733, 102, 'started_following', 49, '2017-02-03 11:47:40', NULL),
(1734, 58, 'started_following', 49, '2017-02-03 11:51:10', NULL),
(1735, 1, 'started_following', 49, '2017-02-03 11:52:17', NULL),
(1736, 79, 'started_following', 49, '2017-02-03 11:56:14', NULL),
(1738, 20, 'started_following', 49, '2017-02-03 13:03:58', NULL),
(1739, 4, 'started_following', 49, '2017-02-03 13:16:46', NULL),
(1740, 88, 'started_following', 49, '2017-02-03 13:17:00', NULL),
(1741, 93, 'started_following', 49, '2017-02-03 13:17:07', NULL),
(1742, 94, 'started_following', 49, '2017-02-03 13:17:13', NULL),
(1744, 96, 'started_following', 49, '2017-02-03 13:17:21', NULL),
(1745, 97, 'started_following', 49, '2017-02-03 13:17:22', NULL),
(1746, 95, 'started_following', 49, '2017-02-03 13:23:00', NULL),
(1748, 3, 'started_following', 49, '2017-02-03 13:43:25', NULL),
(1749, 28, 'started_following', 49, '2017-02-03 13:47:11', NULL),
(1750, 30, 'started_following', 49, '2017-02-03 13:47:25', NULL),
(1751, 29, 'started_following', 49, '2017-02-03 13:47:28', NULL),
(1752, 32, 'started_following', 49, '2017-02-03 13:47:40', NULL),
(1753, 33, 'started_following', 49, '2017-02-03 13:47:41', NULL),
(1754, 80, 'started_following', 49, '2017-02-03 13:56:33', NULL),
(1755, 81, 'started_following', 49, '2017-02-03 13:56:35', NULL),
(1756, 82, 'started_following', 49, '2017-02-03 13:56:43', NULL),
(1758, 8, 'started_following', 49, '2017-02-03 14:02:32', NULL),
(1760, 91, 'started_following', 49, '2017-02-03 14:07:57', NULL),
(1762, 49, 'request', 74, '2017-02-03 16:18:30', NULL),
(1797, 74, 'accepted', 49, '2017-02-03 16:20:46', NULL),
(1798, 49, 'request', 2, '2017-02-04 15:30:42', NULL),
(1802, 2, 'accepted', 49, '2017-02-04 15:31:04', NULL),
(1803, 48, 'started_following', 49, '2017-02-07 08:28:37', NULL),
(1804, 46, 'started_following', 49, '2017-02-07 08:28:39', NULL),
(1805, 45, 'started_following', 49, '2017-02-07 08:28:40', NULL),
(1847, 14, 'request', 183, '2017-02-09 10:52:34', NULL),
(1848, 15, 'request', 183, '2017-02-09 10:52:36', NULL),
(1849, 16, 'started_following', 183, '2017-02-09 10:52:38', NULL),
(1850, 17, 'request', 183, '2017-02-09 10:52:40', NULL),
(1851, 18, 'started_following', 183, '2017-02-09 10:52:42', NULL),
(1852, 19, 'started_following', 183, '2017-02-09 10:52:44', NULL),
(1853, 20, 'started_following', 183, '2017-02-09 10:52:46', NULL),
(1854, 12, 'request', 183, '2017-02-09 10:59:10', NULL),
(1855, 13, 'request', 183, '2017-02-09 10:59:15', NULL),
(1856, 49, 'comment', 2, '2017-02-09 16:14:20', 1271),
(1857, 49, 'comment', 2, '2017-02-09 16:14:21', 1271),
(1858, 49, 'comment', 183, '2017-02-10 10:09:53', 1275),
(1861, 49, 'like', 199, '2017-02-10 10:11:33', 1275),
(1862, 49, 'comment', 199, '2017-02-10 10:22:19', 1275),
(1864, 12, 'request', 199, '2017-02-10 11:55:52', NULL),
(1865, 13, 'request', 199, '2017-02-10 11:55:53', NULL),
(1893, 11, 'started_following', 199, '2017-02-11 11:36:44', NULL),
(1894, 14, 'request', 199, '2017-02-11 11:36:49', NULL),
(1895, 15, 'request', 199, '2017-02-11 11:36:51', NULL),
(1896, 16, 'started_following', 199, '2017-02-11 11:36:52', NULL),
(1897, 18, 'started_following', 199, '2017-02-11 11:36:58', NULL),
(1898, 19, 'started_following', 199, '2017-02-11 11:37:09', NULL),
(1899, 20, 'started_following', 199, '2017-02-11 11:37:10', NULL),
(1900, 25, 'started_following', 199, '2017-02-11 11:37:15', NULL),
(1909, 1, 'started_following', 199, '2017-02-11 15:28:23', NULL),
(1910, 2, 'started_following', 199, '2017-02-11 15:28:24', NULL),
(1913, 199, 'accepted', 49, '2017-02-13 09:08:53', NULL),
(1914, 87, 'started_following', 36, '2017-02-14 10:06:33', NULL),
(1918, 188, 'request', 49, '2017-02-15 16:45:19', NULL),
(1921, 183, 'comment', 49, '2017-02-16 11:55:11', 1305),
(1923, 77, 'started_following', 183, '2017-02-16 13:21:47', NULL),
(1924, 79, 'started_following', 183, '2017-02-16 13:21:48', NULL),
(1925, 81, 'started_following', 183, '2017-02-16 13:21:50', NULL),
(1926, 80, 'started_following', 183, '2017-02-16 13:21:52', NULL),
(1927, 183, 'comment', 49, '2017-02-16 16:28:11', 1310),
(1928, 183, 'comment', 49, '2017-02-17 08:31:34', 1310),
(1930, 183, 'comment', 49, '2017-02-17 08:42:24', 1307),
(1931, 183, 'comment', 49, '2017-02-17 08:42:41', 1307),
(1932, 183, 'comment', 49, '2017-02-17 08:47:23', 1306),
(1938, 2, 'like', 183, '2017-02-18 14:41:32', 1319),
(1943, 33, 'started_following', 183, '2017-02-20 14:42:55', NULL),
(1946, 183, 'started_following', 2, '2017-02-21 16:34:38', NULL),
(1947, 41, 'started_following', 49, '2017-02-24 15:23:54', NULL),
(1948, 42, 'started_following', 49, '2017-02-24 16:05:23', NULL),
(1949, 43, 'started_following', 49, '2017-02-24 16:05:26', NULL),
(1950, 44, 'started_following', 49, '2017-02-24 16:05:32', NULL),
(1951, 56, 'started_following', 183, '2017-02-27 09:23:50', NULL),
(1952, 57, 'started_following', 183, '2017-02-27 09:23:58', NULL),
(1953, 58, 'started_following', 183, '2017-02-27 09:23:59', NULL),
(1954, 2, 'comment', 183, '2017-02-27 09:25:54', 1420),
(1966, 162, 'tag', 2, '2017-02-28 16:30:33', 1432),
(1967, 183, 'comment', 2, '2017-03-01 13:21:09', 1434),
(1968, 183, 'comment', 2, '2017-03-01 15:56:42', 1448),
(1969, 2, 'comment', 183, '2017-03-01 15:58:31', 1442),
(1971, 183, 'accepted', 49, '2017-03-04 14:40:49', NULL),
(1972, 183, 'started_following', 49, '2017-03-04 14:46:15', NULL),
(1973, 183, 'comment', 49, '2017-03-07 13:48:51', 1528),
(1974, 183, 'comment', 49, '2017-03-07 13:48:52', 1528),
(1975, 183, 'comment', 49, '2017-03-07 13:48:52', 1528),
(1976, 183, 'comment', 49, '2017-03-07 13:50:16', 1525),
(1977, 183, 'comment', 49, '2017-03-07 13:53:28', 1525),
(1978, 183, 'comment', 49, '2017-03-07 13:54:14', 1525),
(1979, 183, 'comment', 49, '2017-03-07 13:56:39', 1528),
(1980, 183, 'comment', 49, '2017-03-07 13:56:39', 1528),
(1981, 183, 'comment', 49, '2017-03-07 13:56:39', 1528),
(1982, 183, 'comment', 49, '2017-03-08 17:04:13', 1540),
(1983, 183, 'comment', 2, '2017-03-08 17:05:21', 1540),
(1984, 183, 'comment', 2, '2017-03-08 17:08:27', 1540),
(1985, 183, 'started_following', 45, '2017-03-16 13:58:20', NULL),
(1986, 183, 'started_following', 83, '2017-03-16 14:02:44', NULL),
(1987, 183, 'started_following', 180, '2017-03-16 14:12:33', NULL),
(1988, 68, 'request', 183, '2017-03-16 14:57:33', NULL),
(1990, 83, 'started_following', 183, '2017-03-16 16:13:30', NULL),
(1993, 183, 'comment', 49, '2017-03-17 13:21:50', 1641),
(1994, 183, 'comment', 49, '2017-03-17 13:21:51', 1641),
(1995, 182, 'started_following', 181, '2017-03-17 13:58:03', NULL),
(1997, 183, 'started_following', 78, '2017-03-17 14:18:13', NULL),
(1998, 183, 'started_following', 54, '2017-03-17 14:28:00', NULL),
(1999, 183, 'started_following', 179, '2017-03-17 14:57:27', NULL),
(2001, 183, 'started_following', 31, '2017-03-17 15:17:38', NULL),
(2002, 102, 'started_following', 183, '2017-03-18 08:57:18', NULL),
(2003, 103, 'started_following', 183, '2017-03-18 08:57:21', NULL),
(2004, 32, 'started_following', 183, '2017-03-18 16:12:49', NULL),
(2005, 30, 'started_following', 183, '2017-03-18 16:12:50', NULL),
(2006, 29, 'started_following', 183, '2017-03-18 16:12:51', NULL),
(2007, 28, 'started_following', 183, '2017-03-18 16:12:53', NULL),
(2008, 27, 'started_following', 183, '2017-03-18 16:12:54', NULL),
(2060, 182, 'like', 183, '2017-03-20 15:05:29', 1658),
(2064, 183, 'like', 49, '2017-03-20 15:42:04', 1654),
(2079, 183, 'comment', 49, '2017-03-20 16:39:44', 1654),
(2080, 183, 'comment', 49, '2017-03-20 16:40:29', 1654),
(2081, 183, 'comment', 49, '2017-03-20 16:40:34', 1654),
(2082, 183, 'comment', 49, '2017-03-21 08:56:33', 1661),
(2083, 183, 'comment', 49, '2017-03-21 09:14:28', 1661),
(2084, 183, 'comment', 49, '2017-03-21 09:15:44', 1661),
(2085, 183, 'comment', 49, '2017-03-21 09:17:31', 1661),
(2086, 183, 'comment', 49, '2017-03-21 09:17:37', 1661),
(2087, 183, 'comment', 49, '2017-03-21 09:23:05', 1660),
(2088, 183, 'comment', 49, '2017-03-21 09:23:21', 1660),
(2089, 183, 'comment', 49, '2017-03-21 09:23:32', 1660),
(2090, 183, 'comment', 49, '2017-03-21 09:23:40', 1660),
(2091, 49, 'comment', 183, '2017-03-21 09:24:11', 1662),
(2092, 183, 'comment', 49, '2017-03-21 09:39:14', 1661),
(2093, 183, 'comment', 182, '2017-03-21 09:40:26', 1661),
(2094, 183, 'comment', 182, '2017-03-21 12:01:07', 1661),
(2095, 183, 'comment', 182, '2017-03-21 12:02:27', 1661),
(2096, 183, 'comment', 182, '2017-03-21 12:02:45', 1661),
(2097, 183, 'comment', 182, '2017-03-21 12:58:24', 1661),
(2098, 183, 'comment', 182, '2017-03-21 12:59:00', 1661),
(2099, 183, 'comment', 182, '2017-03-21 12:59:25', 1661),
(2100, 183, 'comment', 182, '2017-03-21 13:00:11', 1661),
(2104, 183, 'comment', 182, '2017-03-21 13:19:05', 1663),
(2105, 183, 'comment', 182, '2017-03-21 13:19:32', 1663),
(2106, 183, 'comment', 182, '2017-03-21 13:20:15', 1663),
(2107, 183, 'comment', 182, '2017-03-21 13:22:46', 1663),
(2108, 183, 'comment', 182, '2017-03-21 13:27:38', 1663),
(2109, 183, 'comment', 182, '2017-03-21 13:28:51', 1663),
(2110, 183, 'comment', 182, '2017-03-21 13:31:07', 1663),
(2111, 183, 'comment', 182, '2017-03-21 13:34:52', 1663),
(2112, 183, 'comment', 182, '2017-03-21 13:48:23', 1663),
(2113, 183, 'comment', 182, '2017-03-21 13:48:23', 1663),
(2114, 183, 'comment', 182, '2017-03-21 13:58:44', 1663),
(2115, 183, 'comment', 182, '2017-03-21 13:59:43', 1663),
(2116, 183, 'comment', 182, '2017-03-22 09:14:14', 1663),
(2117, 183, 'comment', 182, '2017-03-22 09:22:04', 1663),
(2118, 0, 'comment', 182, '2017-03-22 09:41:38', 1663),
(2119, 183, 'comment', 182, '2017-03-22 09:59:03', 1665),
(2120, 183, 'comment', 182, '2017-03-22 11:40:57', 1665),
(2121, 183, 'comment', 182, '2017-03-22 11:46:07', 1665),
(2123, 183, 'comment', 182, '2017-03-22 11:51:11', 1665),
(2124, 183, 'comment', 182, '2017-03-22 11:51:41', 1665),
(2125, 183, 'comment', 182, '2017-03-22 12:01:44', 1665),
(2126, 183, 'comment', 182, '2017-03-22 12:02:29', 1665),
(2127, 183, 'comment', 182, '2017-03-22 12:03:13', 1665),
(2128, 183, 'comment', 182, '2017-03-22 13:05:30', 1665),
(2129, 183, 'comment', 182, '2017-03-22 13:12:45', 1665),
(2130, 183, 'comment', 182, '2017-03-22 13:13:42', 1665),
(2133, 183, 'comment', 182, '2017-03-22 13:42:48', 1665),
(2134, 183, 'comment', 182, '2017-03-22 13:45:03', 1665),
(2135, 183, 'comment', 182, '2017-03-22 13:51:32', 1665),
(2136, 183, 'comment', 182, '2017-03-22 13:58:21', 1665),
(2146, 182, 'accepted', 183, '2017-03-22 15:31:46', NULL),
(2148, 183, 'comment', 181, '2017-03-22 15:32:41', 1665),
(2149, 183, 'comment', 181, '2017-03-22 15:36:05', 1665),
(2150, 183, 'comment', 181, '2017-03-22 15:36:57', 1665),
(2151, 183, 'comment', 181, '2017-03-22 16:08:16', 1665),
(2152, 183, 'comment', 181, '2017-03-22 16:08:27', 1665),
(2153, 183, 'comment', 181, '2017-03-22 16:08:57', 1665),
(2154, 183, 'comment', 181, '2017-03-22 16:09:48', 1665),
(2155, 183, 'comment', 181, '2017-03-22 16:10:27', 1665),
(2156, 183, 'comment', 181, '2017-03-22 16:12:18', 1665),
(2157, 183, 'comment', 181, '2017-03-22 16:26:29', 1665),
(2158, 183, 'comment', 181, '2017-03-23 08:23:42', 1666),
(2161, 183, 'comment', 181, '2017-03-23 09:54:21', 1666),
(2162, 183, 'comment', 181, '2017-03-23 09:57:54', 1666),
(2163, 183, 'comment', 181, '2017-03-23 10:04:01', 1666),
(2164, 183, 'comment', 181, '2017-03-23 10:11:43', 1666),
(2165, 183, 'comment', 181, '2017-03-23 10:22:38', 1666),
(2166, 183, 'comment', 181, '2017-03-23 10:31:47', 1666),
(2168, 183, 'comment', 181, '2017-03-24 09:04:19', 1669),
(2169, 183, 'comment', 181, '2017-03-24 09:04:25', 1669);
INSERT INTO `notifications` (`notif_id`, `user_id`, `type`, `activity_user`, `notif_datetime`, `video_id`) VALUES
(2171, 183, 'comment', 181, '2017-03-24 09:08:43', 1669),
(2172, 183, 'comment', 181, '2017-03-24 09:08:52', 1669),
(2173, 183, 'comment', 181, '2017-03-24 09:10:20', 1669),
(2174, 183, 'comment', 181, '2017-03-24 09:15:11', 1669),
(2175, 183, 'comment', 181, '2017-03-24 09:17:32', 1669),
(2176, 183, 'comment', 181, '2017-03-24 09:17:32', 1669),
(2177, 183, 'comment', 181, '2017-03-24 09:23:44', 1669),
(2178, 183, 'comment', 181, '2017-03-24 09:36:59', 1669),
(2179, 183, 'comment', 181, '2017-03-24 09:42:54', 1669),
(2180, 183, 'comment', 181, '2017-03-24 09:49:43', 1669),
(2181, 183, 'comment', 181, '2017-03-24 09:51:46', 1669),
(2182, 183, 'comment', 181, '2017-03-24 09:55:35', 1669),
(2183, 183, 'comment', 181, '2017-03-24 09:56:11', 1669),
(2184, 183, 'comment', 181, '2017-03-24 10:05:12', 1669),
(2185, 183, 'comment', 181, '2017-03-24 10:09:27', 1669),
(2186, 183, 'comment', 181, '2017-03-24 10:10:23', 1669),
(2187, 183, 'comment', 181, '2017-03-24 10:10:24', 1669),
(2188, 183, 'comment', 181, '2017-03-24 10:15:35', 1669),
(2201, 181, 'started_following', 183, '2017-03-24 13:42:21', NULL),
(2209, 183, 'accepted', 181, '2017-03-24 14:11:57', NULL),
(2212, 181, 'accepted', 183, '2017-03-24 14:12:55', NULL),
(2214, 199, 'accepted', 183, '2017-03-24 14:14:39', NULL),
(2215, 183, 'like', 199, '2017-03-24 14:15:38', 1670),
(2216, 183, 'comment', 199, '2017-03-24 14:15:50', 1670),
(2217, 183, 'comment', 199, '2017-03-24 14:21:34', 1670),
(2218, 183, 'comment', 199, '2017-03-24 14:24:56', 1670),
(2219, 183, 'comment', 199, '2017-03-24 14:27:46', 1670),
(2220, 183, 'comment', 199, '2017-03-24 14:29:14', 1670),
(2221, 183, 'comment', 199, '2017-03-24 14:36:29', 1670),
(2222, 183, 'comment', 199, '2017-03-24 14:39:18', 1670),
(2223, 183, 'comment', 199, '2017-03-24 14:42:52', 1670),
(2224, 183, 'comment', 199, '2017-03-24 14:42:54', 1670),
(2225, 183, 'comment', 199, '2017-03-24 14:45:44', 1670),
(2226, 183, 'comment', 199, '2017-03-24 14:48:10', 1670),
(2227, 183, 'comment', 199, '2017-03-24 14:55:22', 1670),
(2228, 183, 'comment', 199, '2017-03-24 15:14:06', 1670),
(2229, 183, 'comment', 199, '2017-03-24 15:29:45', 1670),
(2230, 183, 'comment', 199, '2017-03-24 15:30:58', 1670),
(2231, 183, 'comment', 199, '2017-03-24 15:31:35', 1670),
(2232, 183, 'comment', 199, '2017-03-24 15:37:03', 1670),
(2233, 183, 'comment', 199, '2017-03-24 15:37:08', 1670),
(2234, 183, 'comment', 199, '2017-03-24 15:37:12', 1670),
(2235, 183, 'comment', 199, '2017-03-24 15:37:16', 1670),
(2236, 183, 'comment', 199, '2017-03-24 15:37:21', 1670),
(2237, 183, 'comment', 199, '2017-03-24 15:37:26', 1670),
(2238, 183, 'comment', 199, '2017-03-24 15:40:59', 1670),
(2239, 183, 'comment', 199, '2017-03-24 15:41:05', 1670),
(2240, 183, 'comment', 199, '2017-03-24 15:41:48', 1670),
(2241, 183, 'comment', 182, '2017-03-24 16:32:21', 1670),
(2242, 183, 'comment', 182, '2017-03-24 16:32:40', 1670),
(2244, 183, 'comment', 182, '2017-03-24 16:34:26', 1670),
(2245, 183, 'comment', 182, '2017-03-24 16:41:48', 1670),
(2246, 183, 'comment', 182, '2017-03-24 16:42:28', 1670),
(2247, 183, 'comment', 182, '2017-03-24 16:42:42', 1670),
(2248, 183, 'comment', 182, '2017-03-24 16:43:17', 1670),
(2249, 183, 'comment', 182, '2017-03-24 16:47:37', 1670),
(2250, 183, 'comment', 182, '2017-03-24 16:51:19', 1670),
(2251, 183, 'comment', 182, '2017-03-24 16:51:54', 1670),
(2252, 183, 'comment', 182, '2017-03-24 16:53:40', 1670),
(2253, 183, 'comment', 182, '2017-03-24 16:53:55', 1670),
(2254, 183, 'comment', 182, '2017-03-25 08:36:53', 1670),
(2255, 183, 'comment', 182, '2017-03-25 08:39:00', 1670),
(2256, 183, 'comment', 182, '2017-03-25 08:41:11', 1670),
(2257, 183, 'comment', 182, '2017-03-25 08:41:23', 1670),
(2258, 183, 'comment', 182, '2017-03-25 08:41:28', 1670),
(2259, 183, 'comment', 182, '2017-03-25 08:41:39', 1670),
(2260, 182, 'comment', 183, '2017-03-25 09:26:29', 1671),
(2261, 183, 'comment', 182, '2017-03-25 10:03:11', 1670),
(2262, 183, 'comment', 182, '2017-03-25 10:03:42', 1670),
(2263, 183, 'comment', 182, '2017-03-25 10:04:54', 1670),
(2264, 182, 'comment', 183, '2017-03-25 10:17:44', 1671),
(2265, 182, 'comment', 182, '2017-03-25 10:20:00', 1671),
(2266, 182, 'comment', 183, '2017-03-25 10:21:12', 1671),
(2267, 182, 'comment', 183, '2017-03-25 10:21:13', 1671),
(2268, 183, 'comment', 182, '2017-03-25 11:30:24', 1671),
(2269, 183, 'comment', 182, '2017-03-25 11:30:24', 1671),
(2270, 183, 'comment', 182, '2017-03-25 11:30:25', 1671),
(2271, 183, 'comment', 182, '2017-03-25 11:30:25', 1671),
(2272, 199, 'comment', 183, '2017-03-25 11:45:36', 1670),
(2273, 199, 'comment', 183, '2017-03-25 11:45:37', 1670),
(2274, 199, 'comment', 183, '2017-03-25 11:45:40', 1670),
(2275, 199, 'comment', 183, '2017-03-25 11:45:41', 1670),
(2276, 199, 'comment', 183, '2017-03-25 11:45:43', 1670),
(2277, 199, 'comment', 183, '2017-03-25 11:45:45', 1670),
(2278, 199, 'comment', 183, '2017-03-25 11:45:46', 1670),
(2279, 199, 'comment', 183, '2017-03-25 11:45:48', 1670),
(2280, 199, 'comment', 183, '2017-03-25 11:45:50', 1670),
(2281, 199, 'comment', 183, '2017-03-25 11:45:51', 1670),
(2282, 199, 'comment', 183, '2017-03-25 11:45:53', 1670),
(2283, 199, 'comment', 183, '2017-03-25 11:45:54', 1670),
(2284, 199, 'comment', 183, '2017-03-25 11:45:55', 1670),
(2285, 199, 'comment', 183, '2017-03-25 11:45:57', 1670),
(2286, 199, 'comment', 183, '2017-03-25 11:45:58', 1670),
(2287, 199, 'comment', 183, '2017-03-25 11:45:59', 1670),
(2288, 199, 'comment', 183, '2017-03-25 11:46:01', 1670),
(2289, 199, 'comment', 183, '2017-03-25 11:46:02', 1670),
(2290, 199, 'comment', 183, '2017-03-25 11:46:03', 1670),
(2291, 199, 'comment', 183, '2017-03-25 11:46:05', 1670),
(2292, 199, 'comment', 183, '2017-03-25 11:46:06', 1670),
(2293, 199, 'comment', 183, '2017-03-25 11:46:07', 1670),
(2294, 199, 'comment', 183, '2017-03-25 11:46:09', 1670),
(2295, 199, 'comment', 183, '2017-03-25 11:46:11', 1670),
(2296, 199, 'comment', 183, '2017-03-25 11:46:12', 1670),
(2297, 182, 'comment', 183, '2017-03-25 11:46:14', 1670),
(2298, 182, 'comment', 183, '2017-03-25 11:46:16', 1670),
(2299, 182, 'comment', 183, '2017-03-25 11:46:17', 1670),
(2300, 182, 'comment', 183, '2017-03-25 11:46:19', 1670),
(2301, 182, 'comment', 183, '2017-03-25 11:46:21', 1670),
(2302, 182, 'comment', 183, '2017-03-25 11:46:22', 1670),
(2303, 182, 'comment', 183, '2017-03-25 11:46:23', 1670),
(2304, 182, 'comment', 183, '2017-03-25 11:46:26', 1670),
(2305, 182, 'comment', 183, '2017-03-25 11:46:27', 1670),
(2306, 182, 'comment', 183, '2017-03-25 11:46:28', 1670),
(2307, 182, 'comment', 183, '2017-03-25 11:46:30', 1670),
(2308, 182, 'comment', 183, '2017-03-25 11:46:31', 1670),
(2309, 182, 'comment', 183, '2017-03-25 11:46:32', 1670),
(2310, 182, 'comment', 183, '2017-03-25 11:46:34', 1670),
(2311, 182, 'comment', 183, '2017-03-25 11:46:35', 1670),
(2312, 182, 'comment', 183, '2017-03-25 11:46:36', 1670),
(2313, 182, 'comment', 183, '2017-03-25 11:46:38', 1670),
(2314, 182, 'comment', 183, '2017-03-25 11:46:39', 1670),
(2315, 182, 'comment', 183, '2017-03-25 11:46:40', 1670),
(2316, 182, 'comment', 183, '2017-03-25 11:46:42', 1670),
(2317, 182, 'comment', 183, '2017-03-25 11:46:43', 1670),
(2318, 183, 'comment', 182, '2017-03-25 11:59:07', 1671),
(2319, 182, 'comment', 183, '2017-03-25 11:59:25', 1671),
(2320, 182, 'comment', 183, '2017-03-25 12:00:51', 1671),
(2321, 182, 'comment', 183, '2017-03-25 13:04:14', 1671),
(2322, 182, 'comment', 183, '2017-03-25 13:05:44', 1671),
(2323, 183, 'comment', 182, '2017-03-25 13:08:19', 1672),
(2324, 49, 'comment', 183, '2017-03-25 13:24:23', 1677),
(2329, 182, 'accepted', 49, '2017-03-25 13:28:05', NULL),
(2330, 49, 'comment', 182, '2017-03-25 13:32:33', 1677),
(2331, 49, 'comment', 182, '2017-03-25 13:45:18', 1677),
(2332, 49, 'comment', 182, '2017-03-25 14:04:26', 1677),
(2333, 49, 'comment', 182, '2017-03-25 14:04:42', 1677),
(2334, 49, 'comment', 182, '2017-03-25 14:06:50', 1677),
(2335, 49, 'comment', 182, '2017-03-25 14:06:52', 1677),
(2336, 49, 'comment', 182, '2017-03-25 14:20:41', 1677),
(2337, 49, 'comment', 182, '2017-03-25 14:23:10', 1677),
(2338, 49, 'comment', 182, '2017-03-25 14:23:11', 1677),
(2339, 49, 'comment', 182, '2017-03-25 14:24:57', 1677),
(2340, 183, 'comment', 182, '2017-03-25 14:24:57', 1677),
(2341, 182, 'comment', 182, '2017-03-25 14:24:58', 1677),
(2342, 182, 'comment', 182, '2017-03-25 14:24:58', 1677),
(2343, 182, 'comment', 182, '2017-03-25 14:24:58', 1677),
(2344, 49, 'comment', 182, '2017-03-25 14:26:56', 1677),
(2345, 183, 'comment', 182, '2017-03-25 14:26:57', 1677),
(2346, 182, 'comment', 182, '2017-03-25 14:26:57', 1677),
(2347, 182, 'comment', 182, '2017-03-25 14:26:57', 1677),
(2348, 49, 'comment', 182, '2017-03-25 14:28:20', 1677),
(2349, 183, 'comment', 182, '2017-03-25 14:28:20', 1677),
(2350, 182, 'comment', 182, '2017-03-25 14:28:20', 1677),
(2351, 182, 'comment', 182, '2017-03-25 14:28:21', 1677),
(2352, 182, 'comment', 182, '2017-03-25 14:28:21', 1677),
(2353, 49, 'comment', 182, '2017-03-25 14:29:26', 1677),
(2354, 183, 'comment', 182, '2017-03-25 14:29:26', 1677),
(2355, 49, 'comment', 182, '2017-03-25 14:29:26', 1677),
(2356, 183, 'comment', 182, '2017-03-25 14:29:26', 1677),
(2357, 182, 'comment', 182, '2017-03-25 14:29:26', 1677),
(2358, 182, 'comment', 182, '2017-03-25 14:29:27', 1677),
(2359, 182, 'comment', 182, '2017-03-25 14:29:27', 1677),
(2360, 182, 'comment', 182, '2017-03-25 14:29:27', 1677),
(2361, 182, 'comment', 182, '2017-03-25 14:29:27', 1677),
(2362, 182, 'comment', 182, '2017-03-25 14:29:27', 1677),
(2363, 182, 'comment', 182, '2017-03-25 14:29:27', 1677),
(2364, 182, 'comment', 182, '2017-03-25 14:29:28', 1677),
(2365, 182, 'comment', 182, '2017-03-25 14:29:28', 1677),
(2366, 183, 'comment', 182, '2017-03-25 14:43:44', 1672),
(2367, 183, 'comment', 182, '2017-03-25 14:43:45', 1672),
(2368, 182, 'comment', 182, '2017-03-25 14:43:45', 1672),
(2369, 182, 'comment', 182, '2017-03-25 14:43:45', 1672),
(2370, 182, 'comment', 183, '2017-03-25 14:44:44', 1671),
(2371, 182, 'comment', 183, '2017-03-25 14:44:45', 1671),
(2372, 183, 'comment', 183, '2017-03-25 14:44:45', 1671),
(2373, 183, 'comment', 183, '2017-03-25 14:44:45', 1671),
(2374, 183, 'comment', 183, '2017-03-25 14:44:46', 1671),
(2375, 183, 'comment', 183, '2017-03-25 14:44:46', 1671),
(2376, 49, 'comment', 183, '2017-03-25 14:46:14', 1677),
(2377, 183, 'comment', 183, '2017-03-25 14:46:15', 1677),
(2378, 182, 'comment', 183, '2017-03-25 14:46:15', 1677),
(2379, 182, 'comment', 183, '2017-03-25 14:46:15', 1677),
(2380, 183, 'comment', 183, '2017-03-25 14:46:16', 1677),
(2381, 49, 'comment', 183, '2017-03-25 14:46:53', 1677),
(2382, 183, 'comment', 183, '2017-03-25 14:46:53', 1677),
(2383, 182, 'comment', 183, '2017-03-25 14:46:53', 1677),
(2384, 182, 'comment', 183, '2017-03-25 14:46:54', 1677),
(2385, 183, 'comment', 183, '2017-03-25 14:46:54', 1677),
(2386, 183, 'comment', 183, '2017-03-25 14:46:55', 1677),
(2387, 183, 'comment', 182, '2017-03-25 14:54:55', 1672),
(2388, 183, 'comment', 182, '2017-03-25 14:54:55', 1672),
(2389, 182, 'comment', 182, '2017-03-25 14:54:55', 1672),
(2390, 182, 'comment', 182, '2017-03-25 14:54:56', 1672),
(2391, 182, 'comment', 182, '2017-03-25 14:54:56', 1672),
(2392, 183, 'comment', 182, '2017-03-25 14:59:32', 1672),
(2393, 182, 'comment', 182, '2017-03-25 14:59:32', 1672),
(2394, 182, 'comment', 182, '2017-03-25 14:59:32', 1672),
(2395, 182, 'comment', 182, '2017-03-25 14:59:33', 1672),
(2396, 182, 'comment', 182, '2017-03-25 14:59:33', 1672),
(2397, 49, 'comment', 182, '2017-03-25 15:04:37', 1677),
(2398, 183, 'comment', 182, '2017-03-25 15:04:38', 1677),
(2399, 182, 'comment', 182, '2017-03-25 15:04:38', 1677),
(2400, 49, 'comment', 182, '2017-03-25 15:05:13', 1677),
(2401, 183, 'comment', 182, '2017-03-25 15:05:13', 1677),
(2402, 182, 'comment', 182, '2017-03-25 15:05:13', 1677),
(2403, 182, 'comment', 182, '2017-03-25 15:05:14', 1677),
(2404, 49, 'comment', 182, '2017-03-25 15:06:48', 1677),
(2405, 183, 'comment', 182, '2017-03-25 15:06:49', 1677),
(2406, 182, 'comment', 182, '2017-03-25 15:06:49', 1677),
(2407, 182, 'comment', 182, '2017-03-25 15:06:49', 1677),
(2408, 182, 'comment', 182, '2017-03-25 15:06:50', 1677),
(2409, 49, 'comment', 182, '2017-03-25 15:08:51', 1677),
(2410, 183, 'comment', 182, '2017-03-25 15:08:51', 1677),
(2411, 182, 'comment', 182, '2017-03-25 15:08:52', 1677),
(2412, 182, 'comment', 182, '2017-03-25 15:08:52', 1677),
(2413, 182, 'comment', 182, '2017-03-25 15:08:52', 1677),
(2414, 182, 'comment', 182, '2017-03-25 15:08:53', 1677),
(2415, 49, 'comment', 182, '2017-03-25 15:16:27', 1677),
(2416, 183, 'comment', 182, '2017-03-25 15:16:27', 1677),
(2417, 182, 'comment', 182, '2017-03-25 15:16:27', 1677),
(2418, 182, 'comment', 182, '2017-03-25 15:16:28', 1677),
(2419, 182, 'comment', 182, '2017-03-25 15:16:28', 1677),
(2420, 182, 'comment', 182, '2017-03-25 15:16:28', 1677),
(2421, 182, 'comment', 182, '2017-03-25 15:16:29', 1677),
(2422, 49, 'comment', 182, '2017-03-25 15:29:35', 1677),
(2423, 183, 'comment', 182, '2017-03-25 15:29:35', 1677),
(2424, 182, 'comment', 182, '2017-03-25 15:29:35', 1677),
(2425, 182, 'comment', 182, '2017-03-25 15:29:36', 1677),
(2426, 182, 'comment', 182, '2017-03-25 15:29:36', 1677),
(2427, 182, 'comment', 182, '2017-03-25 15:29:36', 1677),
(2428, 182, 'comment', 182, '2017-03-25 15:29:37', 1677),
(2429, 182, 'comment', 182, '2017-03-25 15:29:37', 1677),
(2430, 49, 'comment', 182, '2017-03-25 15:29:47', 1677),
(2431, 183, 'comment', 182, '2017-03-25 15:29:47', 1677),
(2432, 182, 'comment', 182, '2017-03-25 15:29:47', 1677),
(2433, 182, 'comment', 182, '2017-03-25 15:29:48', 1677),
(2434, 182, 'comment', 182, '2017-03-25 15:29:48', 1677),
(2435, 182, 'comment', 182, '2017-03-25 15:29:49', 1677),
(2436, 182, 'comment', 182, '2017-03-25 15:29:49', 1677),
(2437, 182, 'comment', 182, '2017-03-25 15:29:49', 1677),
(2438, 182, 'comment', 182, '2017-03-25 15:29:50', 1677),
(2439, 183, 'comment', 182, '2017-03-25 15:48:01', 1672),
(2440, 182, 'comment', 182, '2017-03-25 15:48:01', 1672),
(2441, 182, 'comment', 182, '2017-03-25 15:48:01', 1672),
(2442, 182, 'comment', 182, '2017-03-25 15:48:02', 1672),
(2443, 182, 'comment', 182, '2017-03-25 15:48:02', 1672),
(2444, 182, 'comment', 182, '2017-03-25 15:48:02', 1672),
(2445, 183, 'comment', 182, '2017-03-25 15:56:25', 1672),
(2446, 182, 'comment', 182, '2017-03-25 15:56:25', 1672),
(2447, 182, 'comment', 182, '2017-03-25 15:56:25', 1672),
(2448, 49, 'comment', 182, '2017-03-25 16:04:12', 1677),
(2449, 183, 'comment', 182, '2017-03-25 16:04:12', 1677),
(2450, 182, 'comment', 182, '2017-03-25 16:04:12', 1677),
(2451, 182, 'comment', 182, '2017-03-25 16:04:13', 1677),
(2452, 49, 'comment', 182, '2017-03-25 16:05:38', 1677),
(2453, 183, 'comment', 182, '2017-03-25 16:05:38', 1677),
(2454, 182, 'comment', 182, '2017-03-25 16:05:38', 1677),
(2455, 182, 'comment', 182, '2017-03-25 16:05:39', 1677),
(2456, 182, 'comment', 182, '2017-03-25 16:05:39', 1677),
(2457, 183, 'tag', 182, '2017-03-25 16:06:31', 1677),
(2458, 49, 'comment', 182, '2017-03-25 16:06:31', 1677),
(2459, 183, 'comment', 182, '2017-03-25 16:06:31', 1677),
(2460, 182, 'comment', 182, '2017-03-25 16:06:32', 1677),
(2461, 182, 'comment', 182, '2017-03-25 16:06:32', 1677),
(2462, 182, 'comment', 182, '2017-03-25 16:06:32', 1677),
(2463, 182, 'comment', 182, '2017-03-25 16:06:33', 1677),
(2464, 183, 'tag', 182, '2017-03-25 16:13:46', 1677),
(2465, 49, 'comment', 182, '2017-03-25 16:13:47', 1677),
(2466, 183, 'comment', 182, '2017-03-25 16:13:47', 1677),
(2467, 182, 'comment', 182, '2017-03-25 16:13:47', 1677),
(2468, 182, 'comment', 182, '2017-03-25 16:13:48', 1677),
(2469, 182, 'comment', 182, '2017-03-25 16:13:48', 1677),
(2470, 182, 'comment', 182, '2017-03-25 16:13:49', 1677),
(2471, 182, 'comment', 182, '2017-03-25 16:13:49', 1677),
(2472, 183, 'tag', 182, '2017-03-25 16:16:16', 1677),
(2473, 49, 'comment', 182, '2017-03-25 16:16:16', 1677),
(2474, 183, 'comment', 182, '2017-03-25 16:16:16', 1677),
(2475, 182, 'comment', 182, '2017-03-25 16:16:17', 1677),
(2476, 182, 'comment', 182, '2017-03-25 16:16:17', 1677),
(2477, 182, 'comment', 182, '2017-03-25 16:16:18', 1677),
(2478, 182, 'comment', 182, '2017-03-25 16:16:18', 1677),
(2479, 182, 'comment', 182, '2017-03-25 16:16:18', 1677),
(2480, 182, 'comment', 182, '2017-03-25 16:16:19', 1677),
(2481, 183, 'tag', 182, '2017-03-25 16:19:09', 1677),
(2482, 49, 'comment', 182, '2017-03-25 16:19:09', 1677),
(2483, 183, 'comment', 182, '2017-03-25 16:19:09', 1677),
(2484, 182, 'comment', 182, '2017-03-25 16:19:10', 1677),
(2485, 182, 'comment', 182, '2017-03-25 16:19:10', 1677),
(2486, 182, 'comment', 182, '2017-03-25 16:19:10', 1677),
(2487, 182, 'comment', 182, '2017-03-25 16:19:11', 1677),
(2488, 182, 'comment', 182, '2017-03-25 16:19:11', 1677),
(2489, 182, 'comment', 182, '2017-03-25 16:19:11', 1677),
(2490, 182, 'comment', 182, '2017-03-25 16:19:12', 1677),
(2491, 67, 'started_following', 183, '2017-03-27 16:39:31', NULL),
(2492, 174, 'started_following', 183, '2017-03-27 16:39:42', NULL),
(2493, 175, 'started_following', 183, '2017-03-27 16:39:45', NULL),
(2494, 176, 'started_following', 183, '2017-03-27 16:39:47', NULL),
(2495, 177, 'started_following', 183, '2017-03-27 16:39:48', NULL),
(2496, 188, 'request', 183, '2017-03-27 16:39:55', NULL),
(2497, 183, 'tag', 182, '2017-03-28 14:20:24', 1682),
(2498, 182, 'comment', 183, '2017-03-28 14:36:29', 1682),
(2499, 182, 'comment', 183, '2017-03-28 14:36:30', 1682),
(2500, 183, 'comment', 183, '2017-03-28 14:36:30', 1682),
(2501, 49, 'tag', 183, '2017-03-28 15:07:01', 1682),
(2502, 182, 'comment', 183, '2017-03-28 15:07:01', 1682),
(2503, 182, 'comment', 183, '2017-03-28 15:07:01', 1682),
(2504, 183, 'comment', 183, '2017-03-28 15:07:02', 1682),
(2505, 183, 'comment', 183, '2017-03-28 15:07:02', 1682),
(2506, 182, 'comment', 183, '2017-03-28 15:16:10', 1682),
(2507, 182, 'comment', 183, '2017-03-28 15:16:11', 1682),
(2508, 182, 'comment', 183, '2017-03-28 15:16:11', 1682),
(2509, 183, 'comment', 183, '2017-03-28 15:16:11', 1682),
(2510, 182, 'comment', 183, '2017-03-28 15:16:11', 1682),
(2511, 183, 'comment', 183, '2017-03-28 15:16:11', 1682),
(2512, 183, 'comment', 183, '2017-03-28 15:16:12', 1682),
(2513, 183, 'comment', 183, '2017-03-28 15:16:12', 1682),
(2514, 183, 'comment', 183, '2017-03-28 15:16:12', 1682),
(2515, 183, 'comment', 183, '2017-03-28 15:16:13', 1682),
(2516, 183, 'comment', 183, '2017-03-28 15:16:13', 1682),
(2517, 2, 'tag', 183, '2017-03-28 15:18:43', 1682),
(2518, 182, 'comment', 183, '2017-03-28 15:18:43', 1682),
(2519, 182, 'comment', 183, '2017-03-28 15:18:43', 1682),
(2520, 183, 'comment', 183, '2017-03-28 15:18:44', 1682),
(2521, 183, 'comment', 183, '2017-03-28 15:18:44', 1682),
(2522, 183, 'comment', 183, '2017-03-28 15:18:45', 1682),
(2523, 183, 'comment', 183, '2017-03-28 15:18:45', 1682),
(2524, 183, 'comment', 183, '2017-03-28 15:18:45', 1682),
(2525, 182, 'comment', 183, '2017-03-28 15:24:35', 1682),
(2526, 182, 'comment', 183, '2017-03-28 15:24:35', 1682),
(2527, 183, 'comment', 183, '2017-03-28 15:24:35', 1682),
(2528, 183, 'comment', 183, '2017-03-28 15:24:36', 1682),
(2529, 183, 'comment', 183, '2017-03-28 15:24:36', 1682),
(2530, 183, 'comment', 183, '2017-03-28 15:24:36', 1682),
(2531, 182, 'comment', 183, '2017-03-28 15:31:00', 1682),
(2532, 182, 'comment', 183, '2017-03-28 15:31:00', 1682),
(2533, 183, 'comment', 183, '2017-03-28 15:31:01', 1682),
(2534, 183, 'comment', 183, '2017-03-28 15:31:01', 1682),
(2535, 183, 'comment', 183, '2017-03-28 15:31:01', 1682),
(2536, 183, 'comment', 183, '2017-03-28 15:31:02', 1682),
(2537, 183, 'comment', 183, '2017-03-28 15:31:02', 1682),
(2538, 49, 'tag', 183, '2017-03-28 15:32:11', 1682),
(2539, 182, 'comment', 183, '2017-03-28 15:32:11', 1682),
(2540, 182, 'comment', 183, '2017-03-28 15:32:11', 1682),
(2541, 183, 'comment', 183, '2017-03-28 15:32:12', 1682),
(2542, 183, 'comment', 183, '2017-03-28 15:32:12', 1682),
(2543, 183, 'comment', 183, '2017-03-28 15:32:12', 1682),
(2544, 183, 'comment', 183, '2017-03-28 15:32:13', 1682),
(2545, 183, 'comment', 183, '2017-03-28 15:32:13', 1682),
(2546, 183, 'comment', 183, '2017-03-28 15:32:13', 1682),
(2547, 182, 'comment', 183, '2017-03-28 15:33:54', 1682),
(2548, 182, 'comment', 183, '2017-03-28 15:33:54', 1682),
(2549, 183, 'comment', 183, '2017-03-28 15:33:55', 1682),
(2550, 183, 'comment', 183, '2017-03-28 15:33:55', 1682),
(2551, 183, 'comment', 183, '2017-03-28 15:33:55', 1682),
(2552, 183, 'comment', 183, '2017-03-28 15:33:56', 1682),
(2553, 182, 'comment', 183, '2017-03-28 15:42:00', 1682),
(2554, 182, 'comment', 183, '2017-03-28 15:42:00', 1682),
(2555, 183, 'comment', 183, '2017-03-28 15:42:00', 1682),
(2556, 183, 'comment', 183, '2017-03-28 15:42:00', 1682),
(2557, 183, 'comment', 183, '2017-03-28 15:42:00', 1682),
(2558, 183, 'comment', 183, '2017-03-28 15:42:01', 1682),
(2559, 183, 'comment', 183, '2017-03-28 15:42:01', 1682),
(2560, 2, 'tag', 183, '2017-03-28 16:00:02', 1682),
(2561, 182, 'comment', 183, '2017-03-28 16:00:02', 1682),
(2562, 182, 'comment', 183, '2017-03-28 16:00:03', 1682),
(2563, 183, 'comment', 183, '2017-03-28 16:00:03', 1682),
(2564, 183, 'comment', 183, '2017-03-28 16:00:03', 1682),
(2565, 49, 'tag', 183, '2017-03-29 10:54:55', 1689),
(2566, 99, 'started_following', 183, '2017-03-29 14:34:44', NULL),
(2567, 182, 'comment', 183, '2017-03-29 17:03:50', 1690),
(2568, 183, 'comment', 183, '2017-03-29 17:03:52', 1690),
(2570, 45, 'started_following', 183, '2017-03-31 09:38:10', NULL),
(2571, 54, 'started_following', 183, '2017-03-31 09:38:18', NULL),
(2572, 78, 'started_following', 183, '2017-03-31 09:38:23', NULL),
(2574, 180, 'started_following', 183, '2017-03-31 09:38:38', NULL),
(2575, 199, 'started_following', 183, '2017-03-31 09:38:51', NULL),
(2577, 183, 'comment', 182, '2017-03-31 11:53:28', 1720),
(2578, 182, 'comment', 182, '2017-03-31 11:53:30', 1720),
(2581, 97, 'started_following', 183, '2017-04-05 10:32:46', NULL),
(2582, 206, 'started_following', 183, '2017-04-05 10:53:32', NULL),
(2584, 183, 'comment', 182, '2017-04-06 16:24:38', 1752),
(2585, 182, 'comment', 182, '2017-04-06 16:24:38', 1752),
(2586, 49, 'comment', 182, '2017-04-07 08:49:00', 1730),
(2587, 49, 'like', 182, '2017-04-07 08:49:25', 1730),
(2588, 49, 'comment', 182, '2017-04-07 09:01:13', 1730),
(2589, 49, 'comment', 182, '2017-04-07 09:08:13', 1730),
(2590, 180, 'started_following', 182, '2017-04-07 10:55:48', NULL),
(2591, 179, 'started_following', 182, '2017-04-07 10:55:58', NULL),
(2592, 83, 'tag', 183, '2017-04-11 14:51:01', 1783),
(2593, 180, 'tag', 183, '2017-04-11 14:51:02', 1783),
(2594, 11, 'tag', 183, '2017-04-11 14:51:02', 1783),
(2595, 181, 'tag', 183, '2017-04-11 14:51:02', 1783),
(2596, 49, 'tag', 183, '2017-04-11 14:51:02', 1783),
(2597, 2, 'tag', 183, '2017-04-11 14:51:40', 1783),
(2598, 11, 'tag', 183, '2017-04-11 15:42:53', 1783),
(2599, 182, 'tag', 183, '2017-04-17 15:18:47', 1785),
(2600, 181, 'tag', 183, '2017-04-18 11:58:34', 1790),
(2601, 182, 'tag', 183, '2017-04-19 08:52:02', 1791),
(2603, 181, 'request', 205, '2017-04-20 08:19:15', NULL),
(2609, 183, 'comment', 205, '2017-04-20 08:42:16', 1791),
(2610, 183, 'comment', 205, '2017-04-20 09:00:08', 1791),
(2614, 205, 'comment', 183, '2017-04-20 13:47:02', 1791),
(2615, 205, 'comment', 183, '2017-04-20 13:47:03', 1791),
(2616, 181, 'tag', 183, '2017-04-20 13:52:20', 1791),
(2617, 205, 'comment', 183, '2017-04-20 13:52:20', 1791),
(2618, 205, 'comment', 183, '2017-04-20 13:52:21', 1791),
(2619, 205, 'comment', 183, '2017-04-20 14:01:00', 1791),
(2620, 205, 'comment', 183, '2017-04-20 14:01:01', 1791),
(2621, 205, 'comment', 183, '2017-04-20 14:12:13', 1791),
(2622, 205, 'comment', 183, '2017-04-20 14:12:14', 1791),
(2623, 205, 'comment', 183, '2017-04-21 08:38:29', 1791),
(2624, 205, 'comment', 183, '2017-04-21 08:38:30', 1791),
(2625, 183, 'comment', 205, '2017-04-21 08:39:30', 1791),
(2626, 183, 'comment', 205, '2017-04-21 08:39:31', 1791),
(2627, 183, 'comment', 205, '2017-04-21 08:39:32', 1791),
(2628, 183, 'comment', 205, '2017-04-21 08:39:34', 1791),
(2629, 183, 'comment', 205, '2017-04-21 08:39:36', 1791),
(2630, 183, 'comment', 205, '2017-04-21 08:39:37', 1791),
(2631, 205, 'comment', 183, '2017-04-21 09:26:26', 1791),
(2632, 205, 'comment', 183, '2017-04-21 09:26:27', 1791),
(2633, 205, 'comment', 183, '2017-04-21 09:26:29', 1791),
(2634, 183, 'comment', 205, '2017-04-21 09:27:12', 1791),
(2635, 183, 'comment', 205, '2017-04-21 09:27:14', 1791),
(2636, 183, 'comment', 205, '2017-04-21 09:27:15', 1791),
(2637, 183, 'comment', 205, '2017-04-21 09:27:16', 1791),
(2638, 183, 'comment', 205, '2017-04-21 09:27:18', 1791),
(2639, 183, 'comment', 205, '2017-04-21 09:27:19', 1791),
(2640, 183, 'comment', 205, '2017-04-21 09:27:20', 1791),
(2641, 183, 'comment', 205, '2017-04-21 09:27:37', 1791),
(2642, 183, 'comment', 205, '2017-04-21 09:27:38', 1791),
(2643, 183, 'comment', 205, '2017-04-21 09:27:40', 1791),
(2644, 183, 'comment', 205, '2017-04-21 09:27:42', 1791),
(2645, 183, 'comment', 205, '2017-04-21 09:27:43', 1791),
(2646, 183, 'comment', 205, '2017-04-21 09:27:44', 1791),
(2647, 183, 'comment', 205, '2017-04-21 09:27:46', 1791),
(2648, 183, 'comment', 205, '2017-04-21 10:21:05', 1791),
(2649, 183, 'comment', 205, '2017-04-21 10:21:05', 1791),
(2650, 205, 'comment', 183, '2017-04-21 10:21:21', 1791),
(2651, 205, 'comment', 183, '2017-04-21 10:21:22', 1791),
(2652, 205, 'comment', 183, '2017-04-21 10:21:23', 1791),
(2653, 205, 'comment', 183, '2017-04-21 10:21:25', 1791),
(2654, 205, 'comment', 183, '2017-04-21 10:21:26', 1791),
(2655, 205, 'comment', 183, '2017-04-21 10:21:27', 1791),
(2656, 205, 'comment', 183, '2017-04-21 10:22:24', 1791),
(2657, 205, 'comment', 183, '2017-04-21 10:22:25', 1791),
(2658, 205, 'comment', 183, '2017-04-21 10:22:27', 1791),
(2659, 205, 'comment', 183, '2017-04-21 10:22:28', 1791),
(2660, 205, 'comment', 183, '2017-04-21 10:22:29', 1791),
(2661, 205, 'comment', 183, '2017-04-21 10:22:30', 1791),
(2662, 205, 'comment', 183, '2017-04-21 10:27:52', 1791),
(2663, 205, 'comment', 183, '2017-04-21 10:27:53', 1791),
(2664, 205, 'comment', 183, '2017-04-21 10:27:54', 1791),
(2665, 205, 'comment', 183, '2017-04-21 10:27:56', 1791),
(2666, 205, 'comment', 183, '2017-04-21 10:27:58', 1791),
(2667, 205, 'comment', 183, '2017-04-21 10:27:59', 1791),
(2668, 183, 'comment', 205, '2017-04-21 10:28:33', 1791),
(2669, 183, 'comment', 205, '2017-04-21 10:28:33', 1791),
(2670, 183, 'comment', 205, '2017-04-21 10:36:18', 1791),
(2671, 183, 'comment', 205, '2017-04-21 10:36:19', 1791),
(2672, 205, 'comment', 183, '2017-04-21 10:37:14', 1791),
(2673, 205, 'comment', 183, '2017-04-21 10:37:15', 1791),
(2674, 205, 'comment', 183, '2017-04-21 10:37:16', 1791),
(2675, 205, 'comment', 183, '2017-04-21 10:37:19', 1791),
(2676, 205, 'comment', 183, '2017-04-21 10:37:20', 1791),
(2677, 205, 'comment', 183, '2017-04-21 10:37:21', 1791),
(2678, 205, 'comment', 183, '2017-04-21 10:37:23', 1791),
(2679, 205, 'comment', 183, '2017-04-21 10:37:25', 1791),
(2680, 183, 'comment', 205, '2017-04-21 10:45:12', 1791),
(2681, 183, 'comment', 205, '2017-04-21 10:45:12', 1791),
(2682, 205, 'comment', 183, '2017-04-21 10:45:45', 1791),
(2683, 205, 'comment', 183, '2017-04-21 10:45:46', 1791),
(2684, 205, 'comment', 183, '2017-04-21 10:45:47', 1791),
(2685, 205, 'comment', 183, '2017-04-21 10:45:49', 1791),
(2686, 205, 'comment', 183, '2017-04-21 10:45:51', 1791),
(2687, 205, 'comment', 183, '2017-04-21 10:45:52', 1791),
(2688, 205, 'comment', 183, '2017-04-21 10:45:53', 1791),
(2689, 205, 'comment', 183, '2017-04-21 10:45:55', 1791),
(2690, 205, 'comment', 183, '2017-04-21 10:45:56', 1791),
(2691, 183, 'comment', 205, '2017-04-21 10:50:35', 1791),
(2692, 183, 'comment', 205, '2017-04-21 10:50:35', 1791),
(2693, 183, 'comment', 205, '2017-04-21 13:20:26', 1791),
(2694, 205, 'comment', 183, '2017-04-21 13:21:51', 1791),
(2695, 183, 'comment', 205, '2017-04-21 13:26:13', 1791),
(2696, 205, 'comment', 183, '2017-04-21 13:26:37', 1791),
(2697, 205, 'comment', 183, '2017-04-21 13:39:32', 1791),
(2698, 183, 'comment', 205, '2017-04-21 13:43:25', 1791),
(2699, 183, 'comment', 205, '2017-04-21 13:45:58', 1791),
(2700, 205, 'comment', 183, '2017-04-21 13:46:39', 1791),
(2701, 183, 'comment', 182, '2017-04-21 13:48:32', 1791),
(2702, 205, 'comment', 182, '2017-04-21 13:48:33', 1791),
(2703, 183, 'comment', 205, '2017-04-21 13:48:59', 1791),
(2704, 182, 'comment', 205, '2017-04-21 13:49:00', 1791),
(2705, 183, 'comment', 181, '2017-04-21 13:51:28', 1791),
(2706, 205, 'comment', 181, '2017-04-21 13:51:30', 1791),
(2707, 182, 'comment', 181, '2017-04-21 13:51:32', 1791),
(2708, 183, 'comment', 181, '2017-04-21 13:55:41', 1791),
(2709, 205, 'comment', 181, '2017-04-21 13:55:43', 1791),
(2710, 182, 'comment', 181, '2017-04-21 13:55:44', 1791),
(2711, 183, 'comment', 181, '2017-04-21 14:53:23', 1791),
(2712, 205, 'comment', 181, '2017-04-21 14:53:24', 1791),
(2713, 183, 'comment', 181, '2017-04-21 14:53:25', 1791),
(2714, 182, 'comment', 181, '2017-04-21 14:53:25', 1791),
(2717, 183, 'like', 182, '2017-04-21 16:22:16', 1791),
(2718, 183, 'like', 181, '2017-04-21 16:38:45', 1790),
(2719, 83, 'tag', 0, '2017-04-22 15:17:47', 1792),
(2720, 11, 'tag', 0, '2017-04-22 15:17:47', 1792),
(2721, 83, 'tag', 0, '2017-04-22 15:34:15', 1793),
(2722, 11, 'tag', 0, '2017-04-22 15:34:15', 1793),
(2723, 83, 'tag', 0, '2017-04-22 15:40:02', 1794),
(2724, 11, 'tag', 0, '2017-04-22 15:40:02', 1794),
(2725, 83, 'tag', 183, '2017-04-22 15:46:36', 1795),
(2726, 180, 'tag', 183, '2017-04-22 15:46:36', 1795),
(2727, 181, 'tag', 183, '2017-04-22 15:57:12', 1796),
(2728, 181, 'tag', 183, '2017-04-22 15:57:58', 1),
(2729, 181, 'tag', 183, '2017-04-22 15:58:32', 2),
(2730, 182, 'tag', 183, '2017-04-24 09:10:44', 1798),
(2731, 182, 'tag', 183, '2017-04-24 09:12:34', 5),
(2732, 182, 'tag', 183, '2017-04-24 09:15:17', 6),
(2733, 182, 'tag', 183, '2017-04-24 09:27:18', 1799),
(2734, 182, 'tag', 183, '2017-04-24 09:29:19', 7),
(2735, 182, 'tag', 183, '2017-04-24 09:31:04', 8),
(2736, 83, 'tag', 183, '2017-04-24 13:50:46', 1800),
(2737, 180, 'tag', 183, '2017-04-24 13:50:46', 1800),
(2738, 83, 'tag', 183, '2017-04-24 13:51:36', 9),
(2739, 180, 'tag', 183, '2017-04-24 13:51:36', 9),
(2740, 83, 'tag', 183, '2017-04-24 13:52:39', 10),
(2741, 180, 'tag', 183, '2017-04-24 13:52:39', 10),
(2742, 83, 'tag', 183, '2017-04-25 10:49:42', 1801),
(2743, 181, 'tag', 183, '2017-04-25 10:49:42', 1801),
(2744, 83, 'tag', 183, '2017-04-25 10:51:20', 11),
(2745, 83, 'tag', 183, '2017-04-25 10:53:51', 12),
(2746, 83, 'tag', 183, '2017-04-25 10:55:14', 13),
(2747, 83, 'tag', 183, '2017-04-25 10:56:00', 14),
(2748, 83, 'tag', 183, '2017-04-25 10:57:23', 15),
(2749, 83, 'tag', 49, '2017-04-25 13:33:23', 1812),
(2750, 182, 'tag', 49, '2017-04-25 13:33:23', 1812),
(2751, 183, 'tag', 49, '2017-04-25 13:33:23', 1812),
(2753, 183, 'started_following', 181, '2017-04-26 08:58:30', NULL),
(2754, 181, 'request', 49, '2017-04-26 11:05:46', NULL),
(2755, 83, 'tag', 183, '2017-04-27 09:03:46', 1821),
(2756, 83, 'tag', 183, '2017-04-27 09:21:11', 1822),
(2757, 83, 'tag', 183, '2017-04-27 09:23:02', 23),
(2758, 11, 'tag', 183, '2017-04-27 09:32:44', 1823),
(2759, 182, 'tag', 183, '2017-04-27 09:32:44', 1823),
(2760, 180, 'tag', 183, '2017-04-27 09:32:44', 1823),
(2761, 83, 'tag', 183, '2017-04-27 09:32:44', 1823),
(2762, 83, 'tag', 183, '2017-04-27 09:32:44', 1823),
(2763, 31, 'started_following', 183, '2017-04-28 10:26:39', NULL),
(2764, 11, 'started_following', 183, '2017-04-28 10:28:54', NULL),
(2765, 179, 'started_following', 183, '2017-04-28 10:29:06', NULL),
(2767, 83, 'tag', 183, '2017-04-28 11:07:38', 1829),
(2768, 11, 'tag', 183, '2017-04-28 11:07:38', 1829),
(2769, 83, 'tag', 183, '2017-04-28 11:10:23', 33),
(2770, 11, 'tag', 183, '2017-04-28 11:10:23', 33),
(2771, 83, 'tag', 183, '2017-04-28 11:16:52', 34),
(2772, 11, 'tag', 183, '2017-04-28 11:16:52', 34),
(2773, 83, 'tag', 183, '2017-04-28 11:25:36', 35),
(2774, 11, 'tag', 183, '2017-04-28 11:25:36', 35),
(2776, 105, 'started_following', 183, '2017-05-03 10:03:02', NULL),
(2783, 49, 'tag', 183, '2017-05-08 08:54:42', 1860),
(2784, 49, 'tag', 183, '2017-05-08 09:09:28', 61),
(2785, 49, 'tag', 183, '2017-05-08 09:12:31', 62),
(2786, 49, 'tag', 183, '2017-05-08 09:15:10', 63),
(2790, 0, 'like', 183, '2017-05-08 14:45:09', 63),
(2791, 49, 'comment', 183, '2017-05-08 16:21:49', 1852),
(2792, 0, 'comment', 183, '2017-05-09 08:31:07', 63),
(2793, 11, 'comment', 183, '2017-05-09 08:31:07', 63),
(2794, 0, 'comment', 183, '2017-05-09 08:47:45', 63),
(2795, 11, 'comment', 183, '2017-05-09 08:47:45', 63),
(2796, 11, 'comment', 183, '2017-05-09 09:04:35', 63),
(2798, 83, 'tag', 49, '2017-05-10 09:26:33', 68),
(2799, 180, 'tag', 49, '2017-05-10 09:26:33', 68),
(2800, 83, 'tag', 49, '2017-05-10 09:35:25', 69),
(2801, 180, 'tag', 49, '2017-05-10 09:35:25', 69),
(2802, 83, 'tag', 49, '2017-05-10 09:47:29', 70),
(2803, 180, 'tag', 49, '2017-05-10 09:47:29', 70),
(2804, 83, 'tag', 49, '2017-05-10 09:50:29', 71),
(2805, 180, 'tag', 49, '2017-05-10 09:50:29', 71),
(2806, 83, 'tag', 49, '2017-05-10 09:54:32', 72),
(2807, 180, 'tag', 49, '2017-05-10 09:54:32', 72),
(2808, 83, 'tag', 49, '2017-05-10 10:00:55', 0),
(2809, 180, 'tag', 49, '2017-05-10 10:00:55', 0),
(2810, 83, 'tag', 49, '2017-05-10 10:03:53', 0),
(2811, 180, 'tag', 49, '2017-05-10 10:03:53', 0),
(2820, 0, 'like', 2, '2017-05-10 15:10:53', 1858),
(2821, 182, 'tag', 49, '2017-05-10 15:36:10', 81),
(2822, 83, 'tag', 49, '2017-05-13 11:31:58', 1863),
(2823, 180, 'tag', 49, '2017-05-13 11:31:58', 1863),
(2824, 182, 'tag', 49, '2017-05-13 11:31:58', 1863),
(2825, 183, 'tag', 49, '2017-05-13 11:31:58', 1863),
(2826, 83, 'tag', 49, '2017-05-15 10:02:48', 1864),
(2827, 183, 'comment', 49, '2017-05-19 16:22:32', 1846),
(2828, 182, 'tag', 49, '2017-05-22 15:26:15', 1867),
(2829, 183, 'tag', 49, '2017-05-22 15:26:15', 1867),
(2831, 49, 'comment', 205, '2017-05-26 15:44:14', 1868),
(2832, 2, 'started_following', 183, '2017-05-26 16:26:16', NULL),
(2833, 182, 'tag', 183, '2017-05-26 16:27:46', 0),
(2834, 182, 'tag', 183, '2017-05-26 16:28:00', 0),
(2836, 49, 'tag', 182, '2017-05-27 09:06:07', 1894),
(2837, 183, 'tag', 182, '2017-05-27 09:06:07', 1894),
(2838, 205, 'accepted', 49, '2017-05-27 16:03:12', NULL),
(2839, 182, 'tag', 49, '2017-05-27 16:15:25', 1895),
(2840, 183, 'tag', 49, '2017-05-27 16:15:25', 1895),
(2841, 183, 'comment', 2, '2017-05-30 15:57:53', 1886),
(2842, 183, 'comment', 2, '2017-05-30 15:58:06', 1886),
(2843, 183, 'tag', 49, '2017-06-01 11:42:34', 1899),
(2844, 182, 'tag', 49, '2017-06-01 11:42:34', 1899),
(2845, 183, 'tag', 49, '2017-06-01 11:43:53', 86),
(2846, 182, 'tag', 49, '2017-06-01 11:43:53', 86),
(2847, 183, 'tag', 49, '2017-06-01 11:44:36', 87),
(2848, 182, 'tag', 49, '2017-06-01 11:44:36', 87),
(2849, 183, 'tag', 49, '2017-06-01 11:45:13', 88),
(2850, 182, 'tag', 49, '2017-06-01 11:45:13', 88),
(2858, 0, 'like', 49, '2017-06-02 09:46:38', 1870),
(2863, 205, 'started_following', 183, '2017-06-02 16:28:43', NULL),
(2864, 205, 'comment', 183, '2017-06-02 16:29:48', 1884),
(2865, 2, 'started_following', 205, '2017-06-02 17:12:05', NULL),
(2869, 183, 'started_following', 205, '2017-06-03 10:05:53', NULL),
(2870, 0, 'like', 205, '2017-06-03 10:07:10', 1884),
(2872, 205, 'comment', 183, '2017-06-03 10:22:57', 1882),
(2875, 183, 'like', 183, '2017-06-03 14:04:14', 89),
(2879, 104, 'started_following', 183, '2017-06-03 16:06:41', NULL),
(2880, 51, 'started_following', 183, '2017-06-03 16:06:57', NULL),
(2883, 183, 'tag', 205, '2017-06-05 10:45:57', 1904),
(2964, 205, 'like', 205, '2017-06-07 13:31:05', 1905),
(2987, 2, 'like', 205, '2017-06-08 15:03:28', 1900),
(2997, 49, 'like', 183, '2017-06-09 09:09:09', 1895),
(2999, 2, 'like', 182, '2017-06-13 14:13:41', 1901),
(3004, 182, 'accepted', 205, '2017-06-14 10:18:27', NULL),
(3010, 205, 'like', 182, '2017-06-14 11:36:30', 1902),
(3011, 205, 'comment', 182, '2017-06-14 13:30:04', 1912),
(3012, 183, 'accepted', 205, '2017-06-14 16:52:50', NULL),
(3015, 205, 'like', 183, '2017-06-14 16:59:31', 1911),
(3018, 49, 'like', 205, '2017-06-15 09:29:12', 1864),
(3019, 183, 'like', 205, '2017-06-15 13:49:58', 1896),
(3020, 5, 'started_following', 205, '2017-06-15 14:18:51', NULL),
(3021, 6, 'started_following', 205, '2017-06-15 14:18:53', NULL),
(3022, 11, 'started_following', 205, '2017-06-15 14:18:55', NULL),
(3024, 35, 'started_following', 205, '2017-06-15 14:18:58', NULL),
(3026, 150, 'request', 205, '2017-06-15 14:19:01', NULL),
(3027, 12, 'request', 205, '2017-06-15 14:19:02', NULL),
(3028, 16, 'started_following', 205, '2017-06-15 14:19:42', NULL),
(3029, 17, 'request', 205, '2017-06-15 14:19:45', NULL),
(3030, 18, 'started_following', 205, '2017-06-15 14:19:46', NULL),
(3031, 19, 'started_following', 205, '2017-06-15 14:19:47', NULL),
(3033, 30, 'started_following', 205, '2017-06-15 15:27:56', NULL),
(3035, 32, 'started_following', 205, '2017-06-15 15:27:59', NULL),
(3036, 7, 'started_following', 205, '2017-06-16 09:41:07', NULL),
(3038, 13, 'request', 205, '2017-06-16 09:41:17', NULL),
(3039, 8, 'started_following', 205, '2017-06-16 09:41:19', NULL),
(3040, 20, 'started_following', 205, '2017-06-16 09:48:35', NULL),
(3041, 31, 'started_following', 205, '2017-06-16 09:48:52', NULL),
(3042, 205, 'accepted', 182, '2017-06-16 10:32:47', NULL),
(3043, 183, 'accepted', 182, '2017-06-16 10:32:48', NULL),
(3044, 205, 'comment', 2, '2017-06-16 15:54:46', 1912),
(3045, 182, 'comment', 2, '2017-06-16 15:54:47', 1912),
(3046, 205, 'comment', 2, '2017-06-16 15:55:33', 1912),
(3047, 182, 'comment', 2, '2017-06-16 15:55:34', 1912),
(3048, 183, 'like', 2, '2017-06-16 16:16:48', 1903),
(3056, 182, 'request', 205, '2017-06-17 15:49:41', NULL),
(3057, 36, 'started_following', 205, '2017-06-17 16:06:52', NULL),
(3058, 103, 'started_following', 205, '2017-06-17 16:24:35', NULL),
(3059, 182, 'like', 205, '2017-06-17 16:30:47', 1914),
(3060, 49, 'tag', 183, '2017-06-19 16:46:42', 1915),
(3061, 182, 'tag', 183, '2017-06-19 16:46:42', 1915),
(3062, 205, 'tag', 183, '2017-06-19 16:46:42', 1915);

-- --------------------------------------------------------

--
-- Table structure for table `veeds_active_videos`
--

CREATE TABLE IF NOT EXISTS `veeds_active_videos` (
  `video_id` int(11) NOT NULL AUTO_INCREMENT,
  `video_name` varchar(100) NOT NULL,
  `description` text NOT NULL,
  `video_file` text NOT NULL,
  `user_id` int(11) NOT NULL,
  `video_thumb` text NOT NULL,
  `date_upload` datetime NOT NULL,
  `view_count` int(11) NOT NULL,
  `like_count` int(11) NOT NULL,
  `location` text NOT NULL,
  `video_length` float NOT NULL,
  `landscape_file` text,
  `time_stamp_key` text NOT NULL,
  PRIMARY KEY (`video_id`)
) ENGINE=InnoDB  DEFAULT CHARSET=latin1 AUTO_INCREMENT=96 ;

--
-- Dumping data for table `veeds_active_videos`
--

INSERT INTO `veeds_active_videos` (`video_id`, `video_name`, `description`, `video_file`, `user_id`, `video_thumb`, `date_upload`, `view_count`, `like_count`, `location`, `video_length`, `landscape_file`, `time_stamp_key`) VALUES
(1, '@testuser100', 'Ahqhwhshawh ', 'veeds_14928478781492847878.mov', 183, 'veeds_14928478781492847878.png', '2017-04-22 15:57:58', 0, 0, 'University Dr, 1, Orange, Old Towne, CA, United States', 2, 'veeds_l_14928478781492847878.mov', ''),
(2, '@testuser100', 'Ahqhwhshawh ', 'veeds_14928479121492847912.mov', 183, 'veeds_14928479121492847912.png', '2017-04-22 15:58:32', 0, 0, 'University Dr, 1, Orange, Old Towne, CA, United States', 2, 'veeds_l_14928479121492847912.mov', ''),
(3, '@testuser300', 'Fkskskwwkn ', 'veeds_14928504061492850406.mov', 183, 'veeds_14928504061492850406.png', '2017-04-22 16:40:06', 0, 0, 'Manuel L. Quezon Street, Antipolo City, Rizal, Philippines', 2, 'veeds_l_14928504061492850406.mov', ''),
(4, '@testuser300', 'Fkskskwwkn ', 'veeds_14928505801492850580.mov', 183, 'veeds_14928505801492850580.png', '2017-04-22 16:43:00', 0, 0, 'Manuel L. Quezon Street, Antipolo City, Rizal, Philippines', 2, 'veeds_l_14928505801492850580.mov', ''),
(5, '@testuser200', 'Morning test ', 'veeds_14929963541492996354.mov', 183, 'veeds_14929963541492996354.png', '2017-04-24 09:12:34', 0, 0, 'Cainta, Rizal, Philippines', 2, 'veeds_l_14929963541492996354.mov', ''),
(6, '@testuser200', 'Morning test ', 'veeds_14929965171492996517.mov', 183, 'veeds_14929965171492996517.png', '2017-04-24 09:15:17', 0, 0, 'Cainta, Rizal, Philippines', 2, 'veeds_l_14929965171492996517.mov', ''),
(7, '@testuser200', 'Test ', 'veeds_14929973591492997359.mov', 183, 'veeds_14929973591492997359.png', '2017-04-24 09:29:19', 0, 0, 'Cainta, Rizal, Philippines', 2, 'veeds_l_14929973591492997359.mov', ''),
(8, '@testuser200', 'Test ', 'veeds_14929974641492997464.mov', 183, 'veeds_14929974641492997464.png', '2017-04-24 09:31:04', 0, 0, 'Cainta, Rizal, Philippines', 2, 'veeds_l_14929974641492997464.mov', ''),
(9, '@xolovesruthy and @kevinmalande', 'Afternoon test, Dana ok an  ', 'veeds_14930130961493013096.mov', 183, 'veeds_14930130961493013096.png', '2017-04-24 13:51:36', 0, 0, 'San Roque, Northern Samar, Philippines', 2, 'veeds_l_14930130961493013096.mov', '149301275028888'),
(10, '@xolovesruthy and @kevinmalande', 'Afternoon test, Dana ok an  ', 'veeds_14930131591493013159.mov', 183, 'veeds_14930131591493013159.png', '2017-04-24 13:52:39', 0, 0, 'San Roque, Northern Samar, Philippines', 2, 'veeds_l_14930131591493013159.mov', '149301275028888'),
(11, '@xolovesruthy and 2 others', 'Continues upload test ', 'veeds_14930886801493088680.mov', 183, 'veeds_14930886801493088680.png', '2017-04-25 10:51:20', 0, 0, 'Antipolo City, Rizal, Philippines', 2, 'veeds_l_14930886801493088680.mov', '149308822141684'),
(12, '@xolovesruthy and 2 others', 'Continues upload test ', 'veeds_14930888311493088831.mov', 183, 'veeds_14930888311493088831.png', '2017-04-25 10:53:51', 0, 0, 'Antipolo City, Rizal, Philippines', 2, 'veeds_l_14930888311493088831.mov', '149308822141684'),
(13, '@xolovesruthy and 2 others', 'Continues upload test ', 'veeds_14930889141493088914.mov', 183, 'veeds_14930889141493088914.png', '2017-04-25 10:55:14', 0, 0, 'Antipolo City, Rizal, Philippines', 2, 'veeds_l_14930889141493088914.mov', '149308822141684'),
(14, '@xolovesruthy and 2 others', 'Continues upload test ', 'veeds_14930889601493088960.mov', 183, 'veeds_14930889601493088960.png', '2017-04-25 10:56:00', 0, 0, 'Antipolo City, Rizal, Philippines', 2, 'veeds_l_14930889601493088960.mov', '149308822141684'),
(15, '@xolovesruthy and 2 others', 'Continues upload test ', 'veeds_14930890431493089043.mov', 183, 'veeds_14930890431493089043.png', '2017-04-25 10:57:23', 0, 0, 'Antipolo City, Rizal, Philippines', 2, 'veeds_l_14930890431493089043.mov', '149308822141684'),
(16, 'Tag', 'Try again  ', 'veeds_14931675081493167508.mov', 181, 'veeds_14931675081493167508.png', '2017-04-26 08:45:08', 0, 0, 'Location', 2, 'veeds_l_14931675081493167508.mov', '149316706651450'),
(17, 'Tag', 'Try again  ', 'veeds_14931676001493167600.mov', 181, 'veeds_14931676001493167600.png', '2017-04-26 08:46:40', 0, 0, 'Location', 2, 'veeds_l_14931676001493167600.mov', '149316706651450'),
(18, 'Tag', 'try and try ', 'veeds_14931706781493170678.mov', 181, 'veeds_14931706781493170678.png', '2017-04-26 09:37:58', 0, 0, 'Location', 2, 'veeds_l_14931706781493170678.mov', '149317030190184'),
(19, 'Tag', 'try and try ', 'veeds_14931707301493170730.mov', 181, 'veeds_14931707301493170730.png', '2017-04-26 09:38:50', 0, 0, 'Location', 2, 'veeds_l_14931707301493170730.mov', '149317030190184'),
(20, 'Tag', 'Dhaka ', 'veeds_14931897001493189700.mov', 181, 'veeds_14931897001493189700.png', '2017-04-26 14:55:00', 0, 0, 'Location', 2, 'veeds_l_14931897001493189700.mov', '149318935074576'),
(21, 'Tag', 'Dnsjahs ', 'veeds_14931912051493191205.mov', 181, 'veeds_14931912051493191205.png', '2017-04-26 15:20:05', 0, 0, 'Location', 2, 'veeds_l_14931912051493191205.mov', '149319081181837'),
(22, 'Tag', 'Dnsjahs ', 'veeds_14931912561493191256.mov', 181, 'veeds_14931912561493191256.png', '2017-04-26 15:20:56', 0, 0, 'Location', 2, 'veeds_l_14931912561493191256.mov', '149319081181837'),
(23, '@xolovesruthy', 'Lalalalalalala ', 'veeds_14932561821493256182.mov', 183, 'veeds_14932561821493256182.png', '2017-04-27 09:23:02', 0, 0, 'Geary St, 883, San Francisco, Tenderloin, CA, United States', 2, 'veeds_l_14932561821493256182.mov', '149325570810050'),
(24, 'Tag', 'Dbsnsjsk ', 'veeds_14932576681493257668.mov', 183, 'veeds_14932576681493257668.png', '2017-04-27 09:47:48', 0, 0, 'Location', 2, 'veeds_l_14932576681493257668.mov', '149325716248479'),
(25, 'Tag', 'Snsjsjsksk ', 'veeds_14932583851493258385.mov', 183, 'veeds_14932583851493258385.png', '2017-04-27 09:59:45', 0, 0, 'Location', 2, 'veeds_l_14932583851493258385.mov', '149325779966970'),
(26, 'Tag', 'Shajasjajak ', 'veeds_14932590471493259047.mov', 183, 'veeds_14932590471493259047.png', '2017-04-27 10:10:47', 0, 0, 'Location', 2, 'veeds_l_14932590471493259047.mov', '149325850459725'),
(27, 'Tag', 'Djdjsjsj ', 'veeds_14932597511493259751.mov', 183, 'veeds_14932597511493259751.png', '2017-04-27 10:22:31', 0, 0, 'Location', 2, 'veeds_l_14932597511493259751.mov', '149325909016139'),
(28, 'Tag', 'Cjakwkwkw ', 'veeds_14932611151493261115.mov', 183, 'veeds_14932611151493261115.png', '2017-04-27 10:45:15', 0, 0, 'Location', 2, 'veeds_l_14932611151493261115.mov', '149326044249706'),
(29, 'Tag', 'Cjakwkwkw ', 'veeds_14932613851493261385.mov', 183, 'veeds_14932613851493261385.png', '2017-04-27 10:49:45', 0, 0, 'Location', 2, 'veeds_l_14932613851493261385.mov', '149326044249706'),
(30, 'Tag', 'Cjakwkwkw ', 'veeds_14932615941493261594.mov', 183, 'veeds_14932615941493261594.png', '2017-04-27 10:53:14', 0, 0, 'Location', 2, 'veeds_l_14932615941493261594.mov', '149326044249706'),
(31, 'Tag', 'Cjakwkwkw ', 'veeds_14932620501493262050.mov', 183, 'veeds_14932620501493262050.png', '2017-04-27 11:00:50', 0, 0, 'Location', 2, 'veeds_l_14932620501493262050.mov', '149326044249706'),
(32, 'Tag', 'Cjakwkwkw ', 'veeds_14932621481493262148.mov', 183, 'veeds_14932621481493262148.png', '2017-04-27 11:02:28', 0, 0, 'Location', 2, 'veeds_l_14932621481493262148.mov', '149326044249706'),
(33, '@xolovesruthy and @quikflik', 'Shakqodnsn ', 'veeds_14933490231493349023.mov', 183, 'veeds_14933490231493349023.png', '2017-04-28 11:10:23', 0, 0, 'W March Ln, 3133, Stockton, Brookside, CA, United States', 2, 'veeds_l_14933490231493349023.mov', '149334848021397'),
(34, '@xolovesruthy and @quikflik', 'Shakqodnsn ', 'veeds_14933494121493349412.mov', 183, 'veeds_14933494121493349412.png', '2017-04-28 11:16:52', 0, 0, 'W March Ln, 3133, Stockton, Brookside, CA, United States', 2, 'veeds_l_14933494121493349412.mov', '149334848021397'),
(35, '@xolovesruthy and @quikflik', 'Shakqodnsn ', 'veeds_14933499361493349936.mov', 183, 'veeds_14933499361493349936.png', '2017-04-28 11:25:36', 0, 0, 'W March Ln, 3133, Stockton, Brookside, CA, United States', 2, 'veeds_l_14933499361493349936.mov', '149334848021397'),
(36, 'Tag', 'Shajajaoznzna ', 'veeds_14933512291493351229.mov', 183, 'veeds_14933512291493351229.png', '2017-04-28 11:47:09', 0, 0, 'Location', 2, 'veeds_l_14933512291493351229.mov', '149335007419797'),
(37, '', 'Office. Asan ka je?? ', 'veeds_14933710301493371030.mov', 2, 'veeds_14933710301493371030.png', '2017-04-28 17:17:10', 0, 0, 'Cainta, Rizal, Philippines', 2, 'veeds_l_14933710301493371030.mov', '149337065447432'),
(38, 'Tag', 'Office. Asan ka je?? ', 'veeds_14933710751493371075.mov', 2, 'veeds_14933710751493371075.png', '2017-04-28 17:17:55', 0, 0, 'Cainta, Rizal, Philippines', 2, 'veeds_l_14933710751493371075.mov', '149337065447432'),
(39, 'Tag', 'Office. Asan ka je?? ', 'veeds_14933710871493371087.mov', 2, 'veeds_14933710871493371087.png', '2017-04-28 17:18:07', 0, 0, 'Cainta, Rizal, Philippines', 2, 'veeds_l_14933710871493371087.mov', '149337065447432'),
(40, 'Tag', 'Office. Asan ka je?? ', 'veeds_14933711381493371138.mov', 2, 'veeds_14933711381493371138.png', '2017-04-28 17:18:58', 0, 0, 'Cainta, Rizal, Philippines', 2, 'veeds_l_14933711381493371138.mov', '149337065447432'),
(41, 'Tag', 'Office. Asan ka je?? ', 'veeds_14933711451493371145.mov', 2, 'veeds_14933711451493371145.png', '2017-04-28 17:19:05', 0, 0, 'Cainta, Rizal, Philippines', 2, 'veeds_l_14933711451493371145.mov', '149337065447432'),
(42, 'Tag', 'Office. Asan ka je?? ', 'veeds_14933711721493371172.mov', 2, 'veeds_14933711721493371172.png', '2017-04-28 17:19:32', 0, 0, 'Cainta, Rizal, Philippines', 2, 'veeds_l_14933711721493371172.mov', '149337065447432'),
(43, 'Tag', 'Office. Asan ka je?? ', 'veeds_14933712041493371204.mov', 2, 'veeds_14933712041493371204.png', '2017-04-28 17:20:04', 0, 0, 'Cainta, Rizal, Philippines', 2, 'veeds_l_14933712041493371204.mov', '149337065447432'),
(44, 'Tag', 'Office. Asan ka je?? ', 'veeds_14933715461493371546.mov', 2, 'veeds_14933715461493371546.png', '2017-04-28 17:25:46', 0, 0, 'Cainta, Rizal, Philippines', 2, 'veeds_l_14933715461493371546.mov', '149337065447432'),
(45, 'Tag', 'Office. Asan ka je?? ', 'veeds_14933715871493371587.mov', 2, 'veeds_14933715871493371587.png', '2017-04-28 17:26:27', 0, 0, 'Cainta, Rizal, Philippines', 2, 'veeds_l_14933715871493371587.mov', '149337065447432'),
(46, 'Tag', ' ', 'veeds_14934467941493446794.mov', 183, 'veeds_14934467941493446794.png', '2017-04-29 14:19:54', 0, 0, 'Location', 2, 'veeds_l_14934467941493446794.mov', '149344647323659'),
(47, 'Tag', ' ', 'veeds_14934473931493447393.mov', 183, 'veeds_14934473931493447393.png', '2017-04-29 14:29:53', 0, 0, 'Location', 2, 'veeds_l_14934473931493447393.mov', '149344694144236'),
(48, 'Tag', ' ', 'veeds_14934476151493447615.mov', 183, 'veeds_14934476151493447615.png', '2017-04-29 14:33:35', 0, 0, 'Location', 2, 'veeds_l_14934476151493447615.mov', '149344730272259'),
(49, 'Tag', ' ', 'veeds_14934477191493447719.mov', 183, 'veeds_14934477191493447719.png', '2017-04-29 14:35:19', 0, 0, 'Location', 2, 'veeds_l_14934477191493447719.mov', '149344730272259'),
(50, 'Tag', ' ', 'veeds_14934481461493448146.mov', 183, 'veeds_14934481461493448146.png', '2017-04-29 14:42:26', 0, 0, 'Location', 2, 'veeds_l_14934481461493448146.mov', '149344785219044'),
(51, 'Tag', ' ', 'veeds_14934486991493448699.mov', 183, 'veeds_14934486991493448699.png', '2017-04-29 14:51:39', 0, 0, 'Location', 2, 'veeds_l_14934486991493448699.mov', '149344833867971'),
(52, 'Tag', ' ', 'veeds_14934493861493449386.mov', 183, 'veeds_14934493861493449386.png', '2017-04-29 15:03:06', 0, 0, 'Location', 2, 'veeds_l_14934493861493449386.mov', '149344909590961'),
(53, 'Tag', ' ', 'veeds_14934501371493450137.mov', 183, 'veeds_14934501371493450137.png', '2017-04-29 15:15:37', 0, 0, 'Location', 2, 'veeds_l_14934501371493450137.mov', '149344984273161'),
(54, 'Tag', ' ', 'veeds_14934501911493450191.mov', 183, 'veeds_14934501911493450191.png', '2017-04-29 15:16:31', 0, 0, 'Location', 2, 'veeds_l_14934501911493450191.mov', '149344984273161'),
(55, 'Tag', 'Office today. Nag mimirror pa din cya ', 'veeds_14940513731494051373.mov', 2, 'veeds_14940513731494051373.png', '2017-05-06 14:16:13', 1, 0, 'Location', 2, 'veeds_l_14940513731494051373.mov', '149405097846260'),
(56, 'Tag', 'Office today. Nag mimirror pa din cya ', 'veeds_14940513881494051388.mov', 2, 'veeds_14940513881494051388.png', '2017-05-06 14:16:28', 0, 0, 'Location', 2, NULL, '149405097846260'),
(57, 'Tag', ' ', 'veeds_14940540421494054042.mov', 2, 'veeds_14940540421494054042.png', '2017-05-06 15:00:42', 3, 0, 'Location', 2, 'veeds_l_14940540421494054042.mov', '149405377126501'),
(58, 'Tag', ' ', 'veeds_14940540711494054071.mov', 2, 'veeds_14940540711494054071.png', '2017-05-06 15:01:11', 1, 0, 'Location', 2, 'veeds_l_14940540711494054071.mov', '149405377126501'),
(59, 'Tag', ' ', 'veeds_14940541031494054103.mov', 2, 'veeds_14940541031494054103.png', '2017-05-06 15:01:43', 1, 0, 'Location', 2, 'veeds_l_14940541031494054103.mov', '149405377126501'),
(60, 'Tag', 'Second try ', 'veeds_14940560551494056055.mov', 2, 'veeds_14940560551494056055.png', '2017-05-06 15:34:15', 1, 0, 'Location', 2, 'veeds_l_14940560551494056055.mov', '149405570267203'),
(61, '@Jhejhe', 'Ejejsjs ', 'veeds_14942057681494205768.mov', 183, 'veeds_14942057681494205768.png', '2017-05-08 09:09:28', 2, 0, 'Cambridge Cainta, Philippines', 2, 'veeds_l_14942057681494205768.mov', '149420458713354'),
(62, '@Jhejhe', 'Ejejsjs ', 'veeds_14942059511494205951.mov', 183, 'veeds_14942059511494205951.png', '2017-05-08 09:12:31', 0, 0, 'Cambridge Cainta, Philippines', 2, 'veeds_l_14942059511494205951.mov', '149420458713354'),
(63, '@Jhejhe', 'Ejejsjs ', 'veeds_14942061101494206110.mov', 183, 'veeds_14942061101494206110.png', '2017-05-08 09:15:10', 1, 0, 'Cambridge Cainta, Philippines', 2, 'veeds_l_14942061101494206110.mov', '149420458713354'),
(64, 'Tag', ' ', 'veeds_14943772291494377229.mov', 49, 'veeds_14943772291494377229.png', '2017-05-10 08:47:09', 0, 0, 'Location', 2, 'veeds_l_14943772291494377229.mov', '149437666994275'),
(65, 'Tag', ' ', 'veeds_14943773881494377388.mov', 49, 'veeds_14943773881494377388.png', '2017-05-10 08:49:48', 0, 0, 'Location', 2, 'veeds_l_14943773881494377388.mov', '149437666994275'),
(66, 'Tag', ' ', 'veeds_14943780141494378014.mov', 49, 'veeds_14943780141494378014.png', '2017-05-10 09:00:14', 0, 0, 'Location', 2, 'veeds_l_14943780141494378014.mov', '149437666994275'),
(67, 'Tag', ' ', 'veeds_14943781111494378111.mov', 49, 'veeds_14943781111494378111.png', '2017-05-10 09:01:51', 0, 0, 'Location', 2, 'veeds_l_14943781111494378111.mov', '149437666994275'),
(68, '@xolovesruthy @kevinmalande', ' ', 'veeds_14943795931494379593.mov', 49, 'veeds_14943795931494379593.png', '2017-05-10 09:26:33', 0, 0, 'Location', 2, 'veeds_l_14943795931494379593.mov', '149437666994275'),
(69, '@xolovesruthy @kevinmalande', ' ', 'veeds_14943801251494380125.mov', 49, 'veeds_14943801251494380125.png', '2017-05-10 09:35:25', 1, 0, 'Location', 2, 'veeds_l_14943801251494380125.mov', '149437666994275'),
(70, '@xolovesruthy @kevinmalande', ' ', 'veeds_14943808491494380849.mov', 49, 'veeds_14943808491494380849.png', '2017-05-10 09:47:29', 0, 0, 'Location', 2, 'veeds_l_14943808491494380849.mov', '149437666994275'),
(71, '@xolovesruthy @kevinmalande', ' ', 'veeds_14943810291494381029.mov', 49, 'veeds_14943810291494381029.png', '2017-05-10 09:50:29', 0, 0, 'Location', 2, 'veeds_l_14943810291494381029.mov', '149437666994275'),
(72, '@xolovesruthy @kevinmalande', ' ', 'veeds_14943812721494381272.mov', 49, 'veeds_14943812721494381272.png', '2017-05-10 09:54:32', 0, 0, 'Location', 2, 'veeds_l_14943812721494381272.mov', '149437666994275'),
(73, '@xolovesruthy @kevinmalande', ' ', 'veeds_14943816551494381655.mov', 49, 'veeds_14943816551494381655.png', '2017-05-10 10:00:55', 0, 0, 'Location', 2, 'veeds_l_14943816551494381655.mov', '149437666994275'),
(74, '@xolovesruthy @kevinmalande', ' ', 'veeds_14943818331494381833.mov', 49, 'veeds_14943818331494381833.png', '2017-05-10 10:03:53', 2, 0, 'Cambridge Cainta, Philippines', 2, 'veeds_l_14943818331494381833.mov', '149437666994275'),
(75, 'Tag', ' ', 'veeds_14943937781494393778.mov', 49, 'veeds_14943937781494393778.png', '2017-05-10 13:22:58', 1, 0, 'Location', 2, 'veeds_l_14943937781494393778.mov', '149439349876221'),
(76, 'Tag', ' ', 'veeds_14943941571494394157.mov', 49, 'veeds_14943941571494394157.png', '2017-05-10 13:29:17', 0, 0, 'Location', 2, 'veeds_l_14943941571494394157.mov', '149439349876221'),
(77, 'Tag', ' ', 'veeds_14943942941494394294.mov', 49, 'veeds_14943942941494394294.png', '2017-05-10 13:31:34', 1, 0, 'Location', 2, 'veeds_l_14943942941494394294.mov', '149439349876221'),
(78, 'Tag', ' ', 'veeds_14943945211494394521.mov', 49, 'veeds_14943945211494394521.png', '2017-05-10 13:35:21', 2, 0, 'Location', 2, 'veeds_l_14943945211494394521.mov', '149439349876221'),
(79, 'Tag', ' ', 'veeds_14943948781494394878.mov', 49, 'veeds_14943948781494394878.png', '2017-05-10 13:41:18', 0, 0, 'Location', 2, 'veeds_l_14943948781494394878.mov', '149439349876221'),
(80, 'Tag', ' ', 'veeds_14943962751494396275.mov', 49, 'veeds_14943962751494396275.png', '2017-05-10 14:04:35', 0, 0, 'Location', 2, 'veeds_l_14943962751494396275.mov', '149439349876221'),
(81, 'Tag', ' ', 'veeds_14943964281494396428.mov', 49, 'veeds_14943964281494396428.png', '2017-05-10 14:07:08', 1, 0, 'Location', 2, 'veeds_l_14943964281494396428.mov', '149439349876221'),
(82, 'Tag', ' ', 'veeds_14944035931494403593.mov', 49, 'veeds_14944035931494403593.png', '2017-05-10 16:06:33', 0, 0, 'Location', 2, 'veeds_l_14944035931494403593.mov', '149439349876221'),
(83, 'Tag', ' ', 'veeds_14944039041494403904.mov', 49, 'veeds_14944039041494403904.png', '2017-05-10 16:11:44', 0, 0, 'Location', 2, 'veeds_l_14944039041494403904.mov', '149439349876221'),
(84, 'Tag', ' ', 'veeds_14944039491494403949.mov', 49, 'veeds_14944039491494403949.png', '2017-05-10 16:12:29', 0, 0, 'Location', 2, 'veeds_l_14944039491494403949.mov', '149439349876221'),
(85, '', ' ', 'veeds_14951620481495162048.mov', 49, 'veeds_14951620481495162048.png', '2017-05-19 10:47:28', 1, 0, '', 2, 'veeds_l_14951620481495162048.mov', '149516161173152'),
(86, '@testuser300 and @testuser200', 'Test mic  ', 'veeds_14962886331496288633.mov', 49, 'veeds_14962886331496288633.png', '2017-06-01 11:43:53', 3, 0, 'Cambridge Cainta, Philippines', 2, 'veeds_l_14962886331496288633.mov', '149628816540578'),
(87, '@testuser300 and @testuser200', 'Test mic  ', 'veeds_14962886761496288676.mov', 49, 'veeds_14962886761496288676.png', '2017-06-01 11:44:36', 0, 0, 'Cambridge Cainta, Philippines', 2, 'veeds_l_14962886761496288676.mov', '149628816540578'),
(88, '@testuser300 and @testuser200', 'Test mic  ', 'veeds_14962887131496288713.mov', 49, 'veeds_14962887131496288713.png', '2017-06-01 11:45:13', 0, 0, 'Cambridge Cainta, Philippines', 2, 'veeds_l_14962887131496288713.mov', '149628816540578'),
(89, 'Tag', 'fita ', 'veeds_14964695921496469592.mov', 183, 'veeds_14964695921496469592.png', '2017-06-03 13:59:52', 2, 0, 'Cambridge Cainta, Philippines', 2, 'veeds_l_14964695921496469592.mov', '149646909677670'),
(90, 'Tag', 'fita ', 'veeds_14964696341496469634.mov', 183, 'veeds_14964696341496469634.png', '2017-06-03 14:00:34', 1, 0, 'Cambridge Cainta, Philippines', 2, 'veeds_l_14964696341496469634.mov', '149646909677670'),
(91, 'Tag', 'saturday ', 'veeds_14964705691496470569.mov', 183, 'veeds_14964705691496470569.png', '2017-06-03 14:16:09', 1, 0, 'Cambridge Cainta, Philippines', 2, 'veeds_l_14964705691496470569.mov', '149646909677670'),
(92, 'Tag', 'saturday ', 'veeds_14964706701496470670.mov', 183, 'veeds_14964706701496470670.png', '2017-06-03 14:17:50', 2, 0, 'Cambridge Cainta, Philippines', 2, 'veeds_l_14964706701496470670.mov', '149646909677670'),
(93, 'Tag', 'saturday ', 'veeds_14964707151496470715.mov', 183, 'veeds_14964707151496470715.png', '2017-06-03 14:18:35', 4, 0, 'Cambridge Cainta, Philippines', 2, 'veeds_l_14964707151496470715.mov', '149646909677670'),
(94, 'Tag', ' ', 'veeds_14976035751497603575.mov', 182, 'veeds_14976035751497603575.png', '2017-06-16 16:59:35', 0, 0, 'Location', 2, 'veeds_l_14976035751497603575.mov', '149760325308914'),
(95, 'Tag', ' ', 'veeds_14976036281497603628.mov', 182, 'veeds_14976036281497603628.png', '2017-06-16 17:00:28', 0, 0, 'Location', 2, 'veeds_l_14976036281497603628.mov', '149760325308914');

-- --------------------------------------------------------

--
-- Table structure for table `veeds_comments`
--

CREATE TABLE IF NOT EXISTS `veeds_comments` (
  `comment_id` int(11) NOT NULL AUTO_INCREMENT,
  `video_id` int(11) NOT NULL,
  `user_id` int(11) NOT NULL,
  `comment` text NOT NULL,
  `comment_date` datetime NOT NULL,
  PRIMARY KEY (`comment_id`)
) ENGINE=InnoDB  DEFAULT CHARSET=latin1 AUTO_INCREMENT=1066 ;

--
-- Dumping data for table `veeds_comments`
--

INSERT INTO `veeds_comments` (`comment_id`, `video_id`, `user_id`, `comment`, `comment_date`) VALUES
(1, 1, 2, '@cao', '2016-02-09 16:32:27'),
(2, 1, 2, '@jdeps', '2016-02-09 17:41:57'),
(3, 2, 2, 'Oooo sketchy!', '2016-02-09 18:01:18'),
(4, 4, 7, '@jdeps san to?', '2016-02-10 15:07:39'),
(5, 5, 7, '@wendsang sino tong baby?', '2016-02-10 15:08:18'),
(6, 4, 7, '@wendsang', '2016-02-10 15:08:34'),
(7, 18, 14, 'test', '2016-02-18 11:04:08'),
(8, 18, 12, 'Try', '2016-02-19 14:02:26'),
(9, 25, 12, 'Try', '2016-02-19 14:02:48'),
(10, 24, 12, 'Testing', '2016-02-19 14:03:11'),
(11, 24, 12, '#pogi', '2016-02-19 14:05:10'),
(12, 28, 13, '@isler', '2016-03-01 14:55:44'),
(13, 21, 9, 'Test', '2016-03-04 14:43:03'),
(14, 29, 11, '@test1', '2016-03-04 16:41:07'),
(15, 53, 11, 'And they chose a #jaguar', '2016-03-08 18:56:44'),
(16, 47, 11, '@cao', '2016-03-08 23:43:22'),
(17, 45, 11, '@cute', '2016-03-08 23:43:39'),
(18, 45, 11, '@cute_kaila', '2016-03-08 23:43:52'),
(19, 63, 11, 'Wow', '2016-03-09 14:11:07'),
(20, 95, 11, 'Hahaha ball has no air!', '2016-03-10 16:08:29'),
(21, 103, 11, '@cao', '2016-03-10 21:51:19'),
(22, 103, 11, '@cute_kaila', '2016-03-10 21:51:31'),
(23, 101, 11, '@cao', '2016-03-10 21:52:47'),
(24, 94, 11, '@cao', '2016-03-10 22:15:30'),
(25, 63, 11, '@cute_kaila @cao', '2016-03-10 22:16:53'),
(26, 60, 11, '@cao', '2016-03-10 22:18:39'),
(27, 60, 11, '@cute_kaila', '2016-03-10 22:18:44'),
(28, 43, 8, 'Nice!!!!', '2016-03-10 22:51:47'),
(29, 105, 11, 'Hahaha so chubby pa', '2016-03-10 23:02:32'),
(30, 150, 11, 'asa', '2016-03-14 16:18:25'),
(31, 152, 11, 'Hanakaka?????????yututufg', '2016-03-14 16:19:13'),
(32, 154, 11, 'aa', '2016-03-14 16:36:48'),
(33, 130, 12, 'Hhhhhhhhh', '2016-03-15 10:10:29'),
(34, 200, 11, '@cao @jdeps', '2016-03-16 22:07:37'),
(35, 138, 12, 'Tttttt', '2016-03-17 13:55:47'),
(36, 29, 12, 'aaa', '2016-03-18 10:22:29'),
(37, 29, 12, 'bbb', '2016-03-18 10:22:33'),
(38, 29, 12, 'ccc', '2016-03-18 10:22:35'),
(39, 29, 12, 'ddd', '2016-03-18 10:22:40'),
(40, 230, 11, 'A', '2016-03-18 17:13:38'),
(41, 230, 11, 'B', '2016-03-18 17:13:42'),
(42, 230, 11, 'C', '2016-03-18 17:14:23'),
(43, 230, 12, 'D', '2016-03-21 11:21:12'),
(44, 230, 12, 'aa', '2016-03-21 11:46:18'),
(45, 278, 12, 'aa', '2016-03-21 12:04:43'),
(46, 278, 12, 'bb', '2016-03-21 12:48:01'),
(47, 278, 12, 'cc', '2016-03-21 12:54:28'),
(48, 278, 12, 'dd', '2016-03-21 12:58:20'),
(49, 278, 12, 'ee', '2016-03-21 13:01:49'),
(50, 278, 12, 'Ff', '2016-03-21 13:05:26'),
(51, 278, 12, 'Gg', '2016-03-21 13:25:50'),
(52, 278, 12, 'Hh', '2016-03-21 13:45:46'),
(53, 278, 12, 'Ii', '2016-03-21 13:50:25'),
(54, 244, 12, 'Aa', '2016-03-21 13:57:07'),
(55, 278, 12, 'Test', '2016-03-21 18:34:44'),
(56, 278, 12, 'Fff', '2016-03-22 11:32:46'),
(57, 356, 11, 'Look!!!!!', '2016-03-30 10:34:45'),
(58, 356, 11, '@cao', '2016-03-30 10:34:57'),
(59, 357, 7, 'Hahahahaha thanks ma for the support!!', '2016-03-30 21:34:03'),
(60, 391, 77, 'nice', '2016-04-01 10:57:04'),
(61, 358, 83, 'hahah', '2016-04-08 08:56:57'),
(62, 495, 12, 'Test', '2016-04-12 15:52:22'),
(63, 527, 45, 'nice', '2016-04-13 09:09:26'),
(64, 527, 45, 'Awesome', '2016-04-13 09:09:56'),
(65, 530, 68, 'great', '2016-04-13 09:49:48'),
(66, 530, 68, '', '2016-04-13 09:50:27'),
(67, 510, 14, 'Test ', '2016-04-18 16:27:31'),
(68, 630, 103, '@xolovesruthy', '2016-04-19 10:10:27'),
(69, 278, 85, 'Tttttteeeee\n', '2016-04-21 19:43:52'),
(70, 278, 85, 'Rrrrrrr', '2016-04-21 19:44:20'),
(71, 278, 85, 'Rrrrrrr', '2016-04-21 19:44:31'),
(72, 510, 14, 'Test', '2016-04-21 20:05:01'),
(73, 510, 12, 'Try', '2016-04-22 13:20:49'),
(74, 510, 12, 'Test ulit', '2016-04-22 13:30:13'),
(75, 510, 12, 'Test', '2016-04-22 13:58:27'),
(76, 510, 12, 'Test', '2016-04-22 14:00:15'),
(77, 510, 12, 'Kkkk', '2016-04-22 14:08:54'),
(78, 510, 12, 'Kkkk', '2016-04-22 14:10:44'),
(79, 510, 12, 'Llll', '2016-04-22 14:16:09'),
(80, 510, 12, 'Jjjj', '2016-04-22 14:18:57'),
(81, 510, 12, 'Ww', '2016-04-22 14:21:39'),
(82, 510, 12, 'Wwddd', '2016-04-22 14:23:16'),
(83, 510, 12, 'Ddddd', '2016-04-22 14:27:00'),
(84, 510, 12, 'Iiiiii', '2016-04-22 14:28:14'),
(85, 510, 12, 'Hhhhh', '2016-04-22 14:40:41'),
(86, 510, 12, 'Bb', '2016-04-22 14:42:47'),
(87, 704, 12, 'Okay so this is how we comment. How many characters available?', '2016-04-22 16:39:36'),
(88, 383, 12, 'So this is how we comment. How many characters?', '2016-04-22 16:40:19'),
(89, 510, 12, 'Aaa', '2016-04-22 16:40:55'),
(90, 510, 12, 'Aaa', '2016-04-22 16:40:56'),
(91, 510, 12, 'Aaa', '2016-04-22 16:41:16'),
(92, 381, 49, 'Huawei judgement undisturbed Shenandoah just due  industries industry judgement undisturbed musicians ', '2016-04-22 16:58:23'),
(93, 729, 11, '@itsabouttime', '2016-04-22 17:00:59'),
(94, 358, 49, 'xoLovesruthy shhs ', '2016-04-22 17:01:00'),
(95, 510, 12, 'Testinghhhhh hhahxshgxusgcshhxh hbgxsgxhghh', '2016-04-22 17:04:48'),
(96, 510, 14, '@isler test', '2016-04-22 17:18:06'),
(97, 510, 14, '@isler test2', '2016-04-22 17:20:12'),
(99, 358, 115, 'me', '2016-04-23 17:05:30'),
(100, 749, 49, '@xolovesruthy ', '2016-04-25 12:55:50'),
(101, 390, 13, '@ccute_kaila xxbj @iisler', '2016-04-25 16:46:16'),
(102, 390, 13, '@isler @jcubillas@myoptimind.com ', '2016-04-25 17:34:13'),
(103, 390, 13, 'Test', '2016-04-25 17:35:01'),
(104, 390, 13, 'Testing', '2016-04-25 17:35:35'),
(105, 390, 13, '@jcubillas@myoptimind.com', '2016-04-25 17:36:31'),
(106, 390, 13, 'Test', '2016-04-25 17:42:15'),
(107, 390, 13, 'Hi', '2016-04-25 17:45:20'),
(108, 382, 13, 'Hi', '2016-04-25 17:46:17'),
(109, 358, 49, 'gfdbbbbbbh', '2016-04-26 12:53:20'),
(110, 806, 49, 'Nice @xolovesruthy ', '2016-04-27 09:04:58'),
(111, 806, 49, '@xolovesruthy ', '2016-04-27 09:09:05'),
(112, 652, 49, '@xolovesruthy ', '2016-04-28 12:53:00'),
(113, 652, 49, '@xolovesruthy ', '2016-04-28 12:56:53'),
(114, 807, 49, '', '2016-04-28 13:05:26'),
(115, 835, 49, '@Let Shot ', '2016-04-28 13:59:09'),
(116, 807, 81, 'Monggo. ', '2016-05-02 08:07:57'),
(117, 835, 49, '@xolovesruthy ', '2016-05-02 08:10:47'),
(118, 910, 49, 'Nice', '2016-05-03 09:40:46'),
(119, 910, 11, 'Cool', '2016-05-03 09:42:44'),
(120, 910, 11, 'Cool', '2016-05-03 09:42:44'),
(121, 901, 49, '@quikflik ', '2016-05-03 10:03:18'),
(122, 851, 49, '@quikflik ', '2016-05-03 10:04:08'),
(123, 835, 49, '@quikflik ', '2016-05-03 10:04:23'),
(124, 911, 83, 'Nice', '2016-05-03 10:12:36'),
(125, 911, 49, 'Nice', '2016-05-03 14:11:39'),
(126, 547, 49, 'Duckworthggnhhitdghduducicjdjckfudu4fjccgdsgjohggbgudhdbdifnfitigkgidudeusudkvkvcckcjfudueyewwweerutuu44i688585746w5115r86oyigkvhjiooknnbcxzSdugigohphogkgjvjchchdhdsawwerigkvkvvvgjgjgjfjfjfjgjgjfjgjcc', '2016-05-03 14:42:13'),
(127, 895, 49, 'Gigufuffuddhftdhgohkccfdfgghhhnnnhufudeydurututugjgjcjchdhsgsuflhkhigigkvjcdgsufigkchdifkgkghchdhsydwrwteupgp uhh ljlbkvkhjchdhdffdddddddddddddddddddddkgkbblhhhhhhhhhjhjjjkkkkkbkvkvkvjcjchcchchgghuuyt', '2016-05-03 14:43:50'),
(128, 895, 83, '12356789101112131415161718192021222324252627282930313233343536373839404142434445464748495051525354555657585960616263646566676869707172737475767778798081828384858687888990919293949596979899100101102103', '2016-05-03 15:25:05'),
(129, 895, 83, 'Hshhxgsh', '2016-05-03 15:34:00'),
(130, 895, 49, 'The word thou is a second person singular pronoun in English. It is now largely archaic, having been replaced in almost all contexts by you. It is used in parts of Northern England and by Scots (/u/)', '2016-05-05 10:59:07'),
(131, 895, 49, 'The word thou is a second person singular pronoun in English. It is now largely archaic, having been replaced in almost all contexts by you. It is used in parts of Northern England and by Scots (/u/)', '2016-05-05 10:59:26'),
(132, 969, 11, 'Cool!!', '2016-05-06 16:31:00'),
(133, 969, 11, 'Cool!!', '2016-05-06 16:31:01'),
(134, 969, 11, 'Cool!!', '2016-05-06 16:31:03'),
(135, 969, 11, '', '2016-05-06 16:31:40'),
(136, 895, 49, 'cool', '2016-05-06 16:51:57'),
(137, 895, 49, 'monggo. ', '2016-05-07 09:32:14'),
(138, 895, 49, 'monggo.', '2016-05-07 09:32:44'),
(139, 895, 49, 'Hahaha', '2016-05-07 09:36:07'),
(140, 978, 83, 'Cactus ', '2016-05-07 14:35:24'),
(142, 973, 49, '@Adventure Time', '2016-05-07 15:06:59'),
(145, 895, 49, '@Adventure Time ', '2016-05-07 15:16:56'),
(147, 130, 62, 'Nice ', '2016-05-07 15:42:41'),
(148, 505, 49, 'Katol pa. Hahaha!', '2016-05-07 16:05:38'),
(149, 978, 11, 'Hahahahaha', '2016-05-07 18:15:34'),
(150, 510, 12, '@itsabouttime ', '2016-05-10 14:26:50'),
(151, 510, 12, 'Test, ', '2016-05-10 14:30:26'),
(152, 510, 12, 'Your''s ', '2016-05-10 14:31:17'),
(153, 986, 11, 'Your''s', '2016-05-11 16:09:15'),
(154, 510, 14, 'Test', '2016-05-12 11:26:00'),
(155, 190, 14, 'A', '2016-05-12 11:26:45'),
(156, 383, 12, 'Fgfghh', '2016-05-13 13:46:07'),
(157, 510, 14, 'Test2', '2016-05-13 13:46:23'),
(158, 510, 14, 'You''re', '2016-05-13 14:02:51'),
(159, 984, 11, 'Wow', '2016-05-13 15:10:52'),
(160, 940, 134, 'yours''', '2016-05-13 17:12:26'),
(161, 895, 49, 'She''s ', '2016-05-14 08:40:27'),
(162, 190, 12, '#test', '2016-05-17 09:59:46'),
(163, 383, 12, 'Test', '2016-05-17 15:36:50'),
(164, 1059, 12, 'hellow pows', '2016-05-23 10:02:16'),
(165, 1059, 12, 'hellow ulit', '2016-05-23 10:03:04'),
(166, 1059, 150, 'Hehe', '2016-05-23 13:59:37'),
(167, 1067, 14, 'A', '2016-05-23 18:32:50'),
(168, 895, 49, 'Trying', '2016-05-24 08:40:36'),
(172, 1074, 49, 'cute''s', '2016-05-24 09:05:33'),
(173, 1059, 12, 'Hello', '2016-05-24 09:42:49'),
(174, 1059, 12, 'Hello', '2016-05-24 09:43:44'),
(175, 1059, 12, 'Hello', '2016-05-24 09:43:56'),
(176, 1032, 49, 'Nice''s', '2016-05-24 09:45:44'),
(177, 1059, 12, 'Hello', '2016-05-24 09:57:34'),
(178, 1059, 12, 'Hello', '2016-05-24 10:00:57'),
(179, 1059, 12, 'Again', '2016-05-24 10:01:56'),
(180, 1059, 12, 'Again', '2016-05-24 10:03:31'),
(181, 1059, 12, 'Again', '2016-05-24 10:05:03'),
(182, 1059, 12, 'Againtet', '2016-05-24 10:05:39'),
(183, 1059, 12, 'Firsttime', '2016-05-24 10:07:17'),
(184, 1059, 12, 'Firsttime', '2016-05-24 10:10:47'),
(185, 1059, 12, 'Test', '2016-05-24 10:11:51'),
(186, 1059, 12, 'Test', '2016-05-24 10:14:11'),
(187, 1059, 12, 'Test', '2016-05-24 10:14:41'),
(188, 1059, 12, 'Test', '2016-05-24 10:15:40'),
(189, 1059, 12, 'Test', '2016-05-24 10:15:41'),
(190, 1059, 12, 'Test', '2016-05-24 10:25:04'),
(191, 1059, 12, 'Test', '2016-05-24 10:25:53'),
(192, 1059, 12, 'Test', '2016-05-24 10:29:01'),
(193, 1059, 12, 'Test', '2016-05-24 10:32:40'),
(194, 1059, 12, 'Test', '2016-05-24 10:32:41'),
(195, 1059, 12, 'Test', '2016-05-24 11:07:59'),
(196, 1059, 12, 'Test', '2016-05-24 11:10:55'),
(197, 1059, 12, 'Test', '2016-05-24 11:16:40'),
(198, 1059, 12, 'Jel', '2016-05-24 11:24:27'),
(199, 1059, 12, 'Jel', '2016-05-24 11:24:45'),
(200, 1059, 12, 'Jel', '2016-05-24 11:24:47'),
(201, 1059, 12, 'Jel', '2016-05-24 11:24:58'),
(202, 1059, 12, 'Jel', '2016-05-24 11:25:24'),
(203, 1059, 12, 'Jel', '2016-05-24 11:33:12'),
(204, 1059, 12, 'Jel', '2016-05-24 11:34:45'),
(205, 1059, 12, 'Jel', '2016-05-24 11:34:46'),
(206, 1059, 12, 'Jel', '2016-05-24 11:36:01'),
(207, 1059, 12, 'Jel', '2016-05-24 11:37:11'),
(208, 1059, 12, 'Jel', '2016-05-24 11:37:42'),
(209, 1059, 12, 'Jel', '2016-05-24 11:37:45'),
(210, 1059, 12, 'Jel', '2016-05-24 11:37:48'),
(211, 1059, 12, 'Jel', '2016-05-24 11:37:50'),
(212, 1059, 12, 'Jel', '2016-05-24 11:38:57'),
(213, 1059, 12, 'Jel', '2016-05-24 11:45:35'),
(214, 1059, 12, 'Jel', '2016-05-24 11:47:18'),
(215, 1059, 12, 'Kaneki', '2016-05-24 15:01:24'),
(216, 1059, 12, 'Kaneki', '2016-05-24 15:01:36'),
(217, 1059, 12, 'Kaneki', '2016-05-24 15:05:45'),
(218, 1059, 12, 'Kaneki', '2016-05-24 15:06:33'),
(219, 1059, 12, 'Kaneki', '2016-05-24 15:06:46'),
(220, 1059, 12, 'Kaneki', '2016-05-24 15:11:26'),
(221, 1059, 12, 'Kaneki', '2016-05-24 15:13:32'),
(222, 1059, 12, 'Test', '2016-05-24 15:41:13'),
(223, 1059, 12, 'Test', '2016-05-24 15:44:02'),
(224, 1059, 12, 'Test', '2016-05-24 15:54:37'),
(225, 1059, 12, 'Test\n', '2016-05-24 16:11:34'),
(226, 1076, 49, 'Ajaj', '2016-05-24 16:42:37'),
(227, 1076, 49, 'Ajaj', '2016-05-24 16:42:37'),
(228, 1076, 49, 'Ajaj', '2016-05-24 16:42:41'),
(229, 1076, 49, 'Ajaj', '2016-05-24 16:42:43'),
(230, 1076, 49, 'Ajaj', '2016-05-24 16:42:44'),
(231, 1076, 49, 'Ajaj', '2016-05-24 16:42:48'),
(232, 1059, 12, '@kanekiiii hello', '2016-05-24 18:09:14'),
(234, 1032, 49, '@xolovesruthy ', '2016-05-25 08:28:52'),
(235, 1032, 49, '@xolovesruthy ', '2016-05-25 08:59:49'),
(236, 1058, 49, 'cool', '2016-05-25 11:29:13'),
(237, 895, 49, 'Lol.', '2016-05-25 13:29:20'),
(238, 1081, 83, '', '2016-05-25 14:12:13'),
(239, 1080, 61, 'Sleepy dog ?', '2016-05-25 14:15:45'),
(244, 1076, 83, '', '2016-05-25 14:27:30'),
(255, 1081, 49, 'Haha haha.', '2016-05-25 15:59:53'),
(256, 1076, 49, 'Hahaha.', '2016-05-25 16:00:46'),
(257, 390, 61, '??', '2016-05-25 17:47:00'),
(258, 1067, 12, 'Test', '2016-05-26 11:13:50'),
(261, 1076, 83, 'Cactus ', '2016-05-26 15:42:09'),
(262, 1078, 150, 'hey', '2016-05-27 16:38:03'),
(263, 1072, 150, 'Hey', '2016-05-27 16:38:09'),
(264, 1079, 61, 'Hahahhaaha ????', '2016-05-27 16:48:18'),
(265, 1058, 49, 'Hello', '2016-05-27 17:27:46'),
(266, 1033, 83, 'Shsh', '2016-05-27 17:36:39'),
(267, 1081, 83, 'Hahah', '2016-05-27 17:37:30'),
(268, 1081, 83, 'Hahahah', '2016-05-27 17:38:58'),
(269, 1067, 12, 'Hello', '2016-05-27 17:59:52'),
(270, 1067, 12, 'Hi', '2016-05-27 18:00:44'),
(271, 1079, 61, 'Hello', '2016-05-27 21:15:01'),
(272, 1079, 61, 'Hi', '2016-05-27 21:15:30'),
(273, 1079, 61, 'Hi', '2016-05-27 21:15:32'),
(274, 1081, 83, '\nC?', '2016-05-30 08:37:35'),
(275, 1081, 49, 'Hahaha.', '2016-05-30 13:54:55'),
(276, 1081, 49, 'hahahaha.', '2016-05-30 13:55:24'),
(277, 1081, 83, 'yowwwn', '2016-05-30 13:55:25'),
(278, 1081, 49, 'hahaha.', '2016-05-30 13:56:20'),
(279, 1081, 49, 'Cactus.', '2016-05-30 13:57:11'),
(280, 1081, 49, 'Hahahahahaha.\n', '2016-05-30 13:57:38'),
(281, 977, 49, 'Katol pa.', '2016-05-30 13:59:30'),
(282, 977, 49, 'hahahaha', '2016-05-30 13:59:53'),
(283, 1087, 83, 'Fat car lol', '2016-05-30 14:26:36'),
(285, 1079, 61, 'write a comment...', '2016-05-31 10:34:32'),
(286, 1079, 61, 'write a comment...', '2016-05-31 10:34:49'),
(287, 1079, 61, 'write a comment...', '2016-05-31 10:35:10'),
(288, 1079, 61, 'Cool ?', '2016-05-31 10:38:42'),
(289, 1079, 61, '????', '2016-05-31 10:50:32'),
(290, 764, 49, 'fffffgfffffff', '2016-06-01 09:28:50'),
(292, 1098, 49, 'Hahaha bakit load by load', '2016-06-02 12:10:35'),
(293, 1098, 49, '\nhello', '2016-06-02 12:11:21'),
(294, 1091, 61, '???', '2016-06-03 09:15:06'),
(295, 1091, 61, '???', '2016-06-03 09:15:11'),
(296, 1091, 61, '???', '2016-06-03 09:15:13'),
(297, 1098, 49, 'Haha?', '2016-06-04 08:47:54'),
(298, 1098, 49, 'Haha?', '2016-06-04 08:47:54'),
(299, 1098, 49, 'Haha?', '2016-06-04 08:47:55'),
(300, 1098, 49, 'Nice?', '2016-06-04 08:49:03'),
(301, 1098, 49, 'Cool?', '2016-06-04 08:50:24'),
(302, 1098, 49, 'write a comment...', '2016-06-04 08:51:48'),
(309, 1088, 83, 'Hahaha!?', '2016-06-10 12:16:30'),
(310, 1088, 83, 'Hahaha!?', '2016-06-10 12:16:45'),
(311, 1088, 83, 'Hahaha!?', '2016-06-10 12:16:50'),
(312, 1088, 83, 'Hahaha!?', '2016-06-10 12:16:51'),
(313, 1088, 83, 'Hahaha!?', '2016-06-10 12:16:51'),
(314, 1088, 83, 'Hahaha!?', '2016-06-10 12:16:52'),
(315, 1088, 83, 'Hahaha!?', '2016-06-10 12:16:52'),
(316, 1088, 83, 'Hahaha!?', '2016-06-10 12:16:53'),
(317, 1088, 83, 'Hahaha!?', '2016-06-10 12:16:53'),
(318, 1088, 83, 'Hahaha!?', '2016-06-10 12:16:54'),
(319, 1088, 83, 'Hahaha!?', '2016-06-10 12:16:55'),
(320, 1088, 83, 'Hahaha!?', '2016-06-10 12:16:55'),
(321, 1088, 83, 'Hahaha!?', '2016-06-10 12:16:57'),
(322, 1088, 83, 'Hahaha!?', '2016-06-10 12:16:57'),
(323, 1088, 83, 'Hahaha!?', '2016-06-10 12:16:57'),
(324, 1088, 83, 'Hahaha!?', '2016-06-10 12:16:58'),
(325, 1088, 83, 'Hahaha!?', '2016-06-10 12:16:58'),
(326, 1088, 83, 'Hahaha!?', '2016-06-10 12:16:59'),
(327, 1088, 83, 'Hahaha!?', '2016-06-10 12:17:00'),
(328, 1088, 83, 'Hahaha!?', '2016-06-10 12:17:00'),
(329, 1088, 83, 'Cactus?', '2016-06-10 12:22:33'),
(332, 1033, 83, '@Jhe ', '2016-06-10 13:45:23'),
(333, 966, 83, '@Jhe ', '2016-06-10 14:04:00'),
(334, 805, 83, '@Jhe ', '2016-06-10 14:04:27'),
(335, 1088, 83, 'Pusuan na yan. Haha!', '2016-06-10 14:47:40'),
(337, 1123, 12, 'A', '2016-06-22 17:31:46'),
(338, 1127, 12, 'Test', '2016-06-24 15:15:10'),
(339, 1078, 12, 'Testt', '2016-06-24 16:12:53'),
(340, 1078, 12, 'Gggg', '2016-06-24 16:17:08'),
(341, 1078, 12, 'Cc ccccc', '2016-06-24 16:26:13'),
(342, 1098, 49, 'Ekk?', '2016-06-24 17:03:46'),
(343, 1079, 12, 'Fffffff', '2016-06-24 17:43:17'),
(344, 1079, 12, 'write a comment...', '2016-06-24 18:22:48'),
(345, 1079, 12, 'Rrrrr', '2016-06-24 18:36:58'),
(346, 1079, 12, 'Iuuuuu', '2016-06-24 18:38:20'),
(347, 1079, 12, 'Iiiiiii', '2016-06-24 18:38:45'),
(348, 1129, 11, 'Whoa!', '2016-06-25 11:14:27'),
(349, 1129, 11, 'Yikes', '2016-06-25 11:15:11'),
(350, 1079, 12, 'Qqqqqq', '2016-06-27 10:13:37'),
(351, 1079, 150, 'Hey', '2016-06-27 11:30:02'),
(352, 1079, 150, 'Hello', '2016-06-27 11:30:53'),
(353, 1067, 150, 'Bola ka ba?', '2016-06-27 16:24:27'),
(354, 1079, 150, 'Bola ka ba', '2016-06-27 16:40:12'),
(355, 1079, 150, 'Ll', '2016-06-27 16:42:22'),
(356, 1098, 49, 'Nice ?', '2016-06-29 09:20:37'),
(357, 1098, 49, 'Cool', '2016-06-30 15:49:00'),
(358, 1098, 49, 'Cool', '2016-06-30 15:49:06'),
(359, 1130, 49, 'Cool?', '2016-06-30 16:35:35'),
(360, 1130, 49, 'Cool?', '2016-06-30 16:36:34'),
(361, 1130, 49, 'Nice?', '2016-06-30 16:37:00'),
(362, 1130, 49, 'Nicejshhjzks', '2016-06-30 16:48:14'),
(363, 1130, 49, '????????', '2016-06-30 16:48:48'),
(364, 1130, 49, 'Nice', '2016-06-30 16:52:17'),
(365, 1130, 49, 'Nice', '2016-06-30 16:52:25'),
(366, 1130, 49, 'Nice', '2016-06-30 16:52:36'),
(367, 1091, 49, 'Cool', '2016-06-30 16:53:35'),
(368, 1091, 49, 'Cool', '2016-06-30 16:53:42'),
(369, 1091, 49, 'Cool', '2016-06-30 16:53:49'),
(370, 1130, 49, 'Good!', '2016-07-01 08:38:42'),
(371, 1098, 49, 'Cool.', '2016-07-01 09:29:52'),
(372, 1098, 49, 'Cool.', '2016-07-01 09:29:58'),
(373, 1098, 49, 'Cool.', '2016-07-01 09:30:04'),
(374, 1130, 49, 'Jhe', '2016-07-01 13:18:59'),
(375, 1088, 49, 'Ruth', '2016-07-01 13:22:24'),
(376, 1133, 49, 'Eww', '2016-07-01 13:36:14'),
(377, 1132, 49, 'Gg', '2016-07-01 13:36:39'),
(378, 1133, 49, 'Ayaw lumabas ng edit', '2016-07-01 14:12:33'),
(379, 1091, 83, 'Cool', '2016-07-01 15:11:16'),
(380, 1132, 49, 'Blah! BLAH!', '2016-07-01 17:11:37'),
(381, 1079, 150, 'Hello', '2016-07-04 15:47:19'),
(382, 1130, 11, 'Hello', '2016-07-05 11:50:27'),
(383, 1132, 49, 'Haha', '2016-07-07 10:04:30'),
(384, 1132, 49, 'Haha', '2016-07-07 10:04:35'),
(385, 1132, 49, 'Useless ?', '2016-07-07 10:13:44'),
(386, 1132, 49, 'Lol', '2016-07-07 10:15:36'),
(387, 1132, 49, 'Lol', '2016-07-07 10:15:44'),
(388, 1130, 12, 'Tryyyy ??', '2016-07-07 10:24:02'),
(389, 1130, 12, 'Test', '2016-07-07 10:59:41'),
(390, 1130, 12, ' ', '2016-07-07 11:00:11'),
(391, 1130, 12, ' ', '2016-07-07 11:08:12'),
(392, 1079, 150, '', '2016-07-07 17:21:47'),
(393, 23, 13, 'Gggh', '2016-07-07 17:41:36'),
(394, 1130, 12, 'Dddd', '2016-07-08 17:37:44'),
(395, 1130, 12, 'Ggggg', '2016-07-08 17:50:56'),
(396, 1130, 12, 'Yyyy', '2016-07-08 18:18:42'),
(397, 1130, 12, 'Asdsa', '2016-07-09 12:04:03'),
(398, 1130, 12, 'Aaa', '2016-07-09 13:31:00'),
(399, 1130, 12, 'Ddd', '2016-07-09 13:31:23'),
(400, 1130, 12, 'Sss', '2016-07-09 13:37:19'),
(401, 1130, 12, 'Zzzz', '2016-07-09 13:40:41'),
(402, 1130, 12, 'Hhhh', '2016-07-09 13:54:00'),
(403, 1130, 12, 'Rrr', '2016-07-09 13:54:10'),
(404, 1130, 12, 'Hhh', '2016-07-09 14:06:01'),
(405, 1130, 12, 'Ttt', '2016-07-09 14:08:40'),
(406, 1130, 12, '\\ud83d\\ude1c', '2016-07-09 14:17:27'),
(407, 1130, 12, '\\ud83d\\ude00\\ud83d\\ude05\\ud83d\\ude05\\ud83d\\ude05test emoji', '2016-07-11 10:43:15'),
(408, 1130, 12, 'Test', '2016-07-11 10:51:03'),
(409, 1079, 13, '\\ud83d\\udc3c\\ud83d\\udc3c\\ud83d\\udc3c', '2016-07-11 12:04:56'),
(410, 1079, 150, '', '2016-07-11 12:08:47'),
(411, 1079, 12, 'Yyy', '2016-07-11 15:39:59'),
(412, 1079, 12, 'Hhh', '2016-07-11 15:40:17'),
(413, 1079, 12, 'T', '2016-07-11 15:40:46'),
(414, 1130, 12, '#vapers @kaneki', '2016-07-11 19:06:25'),
(415, 1130, 12, '#smoketricks', '2016-07-11 19:19:32'),
(416, 1134, 12, 'Tttt ', '2016-07-11 20:00:00'),
(417, 1071, 12, 'Cool', '2016-07-11 20:15:45'),
(418, 1134, 12, 'Test', '2016-07-11 20:20:19'),
(419, 1134, 12, 'Test', '2016-07-11 20:28:49'),
(420, 1080, 12, 'Cute', '2016-07-11 20:29:37'),
(421, 1080, 12, 'Test', '2016-07-12 09:25:58'),
(422, 1134, 12, 'Test ulit', '2016-07-12 10:31:26'),
(423, 1134, 12, 'Ooooo', '2016-07-12 10:39:33'),
(424, 1134, 12, 'A', '2016-07-12 10:46:08'),
(425, 1134, 12, 'Test', '2016-07-12 10:48:15'),
(426, 1134, 12, 'A', '2016-07-12 10:55:08'),
(427, 1134, 12, 'A', '2016-07-12 10:56:51'),
(428, 1072, 12, 'Hoy', '2016-07-12 10:57:46'),
(429, 1071, 12, 'Test', '2016-07-12 11:03:38'),
(430, 1070, 12, 'Nice', '2016-07-12 11:05:11'),
(431, 1071, 12, 'Test', '2016-07-12 11:05:37'),
(432, 1134, 12, '10', '2016-07-12 11:20:15'),
(433, 1080, 12, '4', '2016-07-12 11:20:50'),
(434, 1134, 150, 'Trt', '2016-07-12 11:37:05'),
(435, 1134, 150, '', '2016-07-12 11:45:21'),
(436, 1130, 12, '33', '2016-07-12 11:51:06'),
(437, 1134, 12, '13', '2016-07-12 12:04:45'),
(438, 1134, 12, 'Wiiii', '2016-07-12 13:08:57'),
(439, 1068, 12, 'Ei', '2016-07-12 13:09:53'),
(440, 1064, 12, 'Hi', '2016-07-12 13:10:40'),
(441, 30, 12, 'Cool', '2016-07-12 13:11:56'),
(442, 30, 12, 'Haha', '2016-07-12 13:12:42'),
(443, 1072, 12, 'Eii', '2016-07-12 13:31:13'),
(444, 1072, 12, 'Test', '2016-07-12 13:31:39'),
(445, 1072, 12, 'Test', '2016-07-12 13:32:15'),
(446, 1134, 12, '\\ud83d\\udc3c\\ud83d\\udc3c\\ud83d\\udc3c', '2016-07-12 13:33:00'),
(447, 1134, 12, '@12345', '2016-07-12 13:41:05'),
(448, 1079, 150, '@12345', '2016-07-12 13:41:40'),
(449, 1134, 150, '@isler ', '2016-07-12 13:48:45'),
(450, 1134, 12, '@kaneki', '2016-07-12 13:51:04'),
(451, 1135, 12, 'Test', '2016-07-12 13:59:02'),
(452, 1121, 12, 'Wow!', '2016-07-12 14:00:34'),
(453, 1135, 150, '@isler ', '2016-07-12 14:08:19'),
(454, 1135, 12, 'Test', '2016-07-12 14:14:36'),
(455, 1134, 12, 'Test', '2016-07-12 14:43:16'),
(456, 1067, 12, '@kaneki', '2016-07-12 14:44:32'),
(457, 1134, 150, 'Test', '2016-07-12 14:44:53'),
(458, 1135, 150, 'Test', '2016-07-12 14:45:12'),
(459, 1135, 150, 'Listener test1', '2016-07-12 15:14:21'),
(460, 1131, 150, 'Test listener1', '2016-07-12 15:14:50'),
(461, 1135, 12, 'Test', '2016-07-12 15:24:18'),
(462, 1135, 12, 'Hi', '2016-07-12 15:25:33'),
(463, 1135, 12, '@kaneki18', '2016-07-12 15:27:36'),
(464, 1135, 12, '@kaneki', '2016-07-12 15:28:40'),
(465, 1079, 12, 'Test', '2016-07-12 15:29:38'),
(466, 1079, 12, 'Test', '2016-07-12 15:33:16'),
(467, 1079, 12, 'Ts', '2016-07-12 15:36:50'),
(468, 1135, 12, 'Test', '2016-07-12 15:37:27'),
(469, 1078, 12, '\\ud83d\\ude02', '2016-07-12 15:39:22'),
(470, 1135, 12, '\\ud83d\\udc4d', '2016-07-12 15:40:05'),
(471, 1059, 12, 'Yay', '2016-07-12 15:40:32'),
(472, 1130, 12, 'Test', '2016-07-12 15:43:01'),
(473, 1135, 12, 'Test', '2016-07-12 15:43:22'),
(474, 1130, 12, 'Yyyy', '2016-07-12 16:16:16'),
(475, 1135, 12, 'Isa', '2016-07-12 16:17:13'),
(476, 1135, 150, '123', '2016-07-12 16:32:29'),
(477, 1135, 150, '56', '2016-07-12 17:02:24'),
(478, 1135, 150, '16', '2016-07-12 17:02:32'),
(479, 1135, 150, 'Ewaaaan', '2016-07-12 17:04:06'),
(480, 1135, 150, 'Ewaaan', '2016-07-12 17:04:14'),
(481, 1134, 150, 'T', '2016-07-12 17:30:31'),
(482, 1135, 150, '4', '2016-07-12 17:34:57'),
(483, 1078, 150, 'Test', '2016-07-12 18:04:46'),
(484, 1131, 150, 'Tr', '2016-07-12 18:05:06'),
(485, 1135, 150, 'Test', '2016-07-12 18:05:23'),
(486, 1078, 150, 'Test', '2016-07-12 18:06:46'),
(487, 1126, 150, 'H', '2016-07-12 18:22:44'),
(488, 1135, 150, '@133', '2016-07-12 18:23:46'),
(489, 1136, 150, 'Hello', '2016-07-12 18:35:06'),
(490, 1136, 150, 'Its me', '2016-07-12 18:38:33'),
(491, 1136, 150, 'Other side', '2016-07-12 18:42:05'),
(492, 1136, 150, 'H', '2016-07-12 18:42:39'),
(493, 1136, 150, 'Y', '2016-07-12 18:42:50'),
(494, 1136, 150, 'R', '2016-07-12 18:42:57'),
(495, 1136, 150, 'F', '2016-07-12 18:43:46'),
(496, 1136, 150, 'R', '2016-07-12 18:45:41'),
(497, 1135, 150, 'Hello', '2016-07-12 20:29:05'),
(498, 1136, 12, '\\ud83d\\ude1c', '2016-07-13 06:33:29'),
(499, 1135, 12, '\\ud83d\\ude05\n', '2016-07-13 06:34:43'),
(500, 1118, 12, 'So funny', '2016-07-13 09:22:37'),
(501, 1136, 12, '\\ud83d\\ude00', '2016-07-13 09:43:43'),
(502, 1136, 150, '', '2016-07-13 09:44:06'),
(503, 1098, 49, 'Hah?', '2016-07-13 10:07:55'),
(504, 1098, 49, 'Hah?', '2016-07-13 10:08:01'),
(505, 1136, 12, 'Comment', '2016-07-13 10:13:50'),
(506, 1135, 150, '124', '2016-07-13 10:40:48'),
(507, 1137, 12, 'Comment', '2016-07-13 11:50:15'),
(508, 1137, 12, ' ', '2016-07-13 11:51:56'),
(509, 1134, 150, '', '2016-07-13 15:25:00'),
(510, 1137, 150, 'Hi', '2016-07-13 17:35:33'),
(511, 1136, 12, '\\ud83d\\udc4c\\ud83d\\udc48booty call', '2016-07-13 17:50:33'),
(512, 1136, 12, 'C', '2016-07-13 17:50:55'),
(513, 1137, 150, 'Q', '2016-07-14 18:07:46'),
(514, 1137, 150, '\\ud83d\\ude05', '2016-07-14 18:07:59'),
(515, 358, 49, '@xolovesruthy', '2016-07-15 14:18:32'),
(516, 1137, 150, 'Hi.', '2016-07-15 16:54:47'),
(517, 1137, 150, 'Hi.', '2016-07-15 16:54:53'),
(518, 1137, 150, 'Helll', '2016-07-15 16:56:25'),
(519, 1137, 150, 'Hello', '2016-07-15 16:56:29'),
(520, 1137, 150, 'Hello there', '2016-07-15 16:56:44'),
(521, 1137, 150, '\\ud83d\\ude05\\ud83d\\ude00\\ud83d\\ude0d', '2016-07-15 16:58:55'),
(522, 1137, 49, '\\ud83d\\ude24\\ud83d\\ude0e\\ud83e\\udd13\\ud83e\\udd14', '2016-07-19 09:34:11'),
(523, 1137, 150, 'D', '2016-07-19 13:43:56'),
(524, 1137, 150, 'A', '2016-07-19 13:47:19'),
(525, 1137, 150, 'A', '2016-07-19 13:52:50'),
(527, 1139, 49, '', '2016-07-20 13:44:36'),
(528, 1139, 49, 'Hi', '2016-07-20 14:45:33'),
(529, 1139, 49, '\\ud83d\\udc4c\\ud83d\\ude0f', '2016-07-21 10:03:16'),
(530, 1131, 83, '@Jhe ', '2016-07-25 14:14:19'),
(531, 1117, 83, '@Jhe Hahaha.', '2016-07-25 14:14:44'),
(532, 1112, 83, '@Jhe cute ', '2016-07-25 14:15:41'),
(533, 1146, 49, '\\ud83d\\ude21\\ud83d\\ude29\\ud83d\\ude1d\\ud83d\\ude00\\ud83d\\ude06', '2016-07-29 08:35:40'),
(534, 1146, 49, 'Yes', '2016-07-29 08:36:53'),
(535, 1150, 49, 'Ehh di shing ', '2016-07-29 11:04:54'),
(536, 1150, 49, 'ye''s', '2016-07-29 11:35:08'),
(537, 1150, 49, 'Nope''s', '2016-07-29 11:36:19'),
(538, 1150, 49, '\\ud83d\\ude02\\ud83d\\ude04\\ud83e\\udd17', '2016-07-29 11:36:42'),
(539, 1150, 49, '\\ud83d\\ude00\\ud83d\\ude00\\ud83d\\ude00\\ud83d\\ude00\\ud83d\\ude00\\ud83d\\ude00\\ud83d\\ude00\\ud83d\\ude00\\ud83d\\ude00\\ud83d\\ude00', '2016-07-29 11:37:17'),
(540, 1151, 70, 'Love to hear this again and again! ', '2016-08-01 15:24:53'),
(541, 1151, 70, 'Love to hear this again and again! ', '2016-08-01 15:24:55'),
(542, 1151, 70, 'Love to hear this again and again! ', '2016-08-01 15:24:57'),
(543, 1151, 70, 'Love to hear this again and again! ', '2016-08-01 15:24:58'),
(544, 1151, 70, 'Love to hear this again and again! ', '2016-08-01 15:24:58'),
(545, 1151, 70, 'Love to hear this again and again! ', '2016-08-01 15:24:58'),
(546, 1151, 70, 'Love to hear this again and again! ', '2016-08-01 15:24:59'),
(547, 1150, 49, 'wo\\ud83d\\ude00', '2016-08-02 10:39:07'),
(548, 1150, 49, 'Caching', '2016-08-05 11:23:55'),
(549, 1148, 150, 'Hi', '2016-08-08 11:36:05'),
(550, 1150, 49, '', '2016-11-18 16:06:40'),
(551, 979, 181, 'Thug Life', '2016-11-29 15:34:48'),
(552, 1150, 49, 'test first comment', '2016-12-01 11:13:21'),
(553, 1150, 49, 'first comment', '2016-12-01 11:15:20'),
(554, 1150, 49, 'Second comment', '2016-12-01 11:32:52'),
(555, 1146, 181, 'Test101', '2016-12-01 14:58:01'),
(556, 1145, 180, 'Shing!', '2016-12-01 14:58:58'),
(557, 1168, 83, '@Jhejhe ', '2016-12-02 13:36:27'),
(559, 1204, 49, 'edit success!', '2016-12-09 14:28:27'),
(560, 1204, 49, 'third try comment', '2016-12-09 14:39:39'),
(561, 1145, 49, 'shing na shing', '2016-12-10 10:34:36'),
(562, 1204, 180, 'Komento 1', '2016-12-13 16:40:36'),
(563, 1204, 181, 'Komento 2', '2016-12-13 16:41:04'),
(564, 1204, 182, 'Komento 3', '2016-12-13 16:41:41'),
(565, 1194, 183, 'naka ng ', '2017-01-03 14:11:09'),
(566, 1204, 183, 'comment', '2017-01-10 11:37:42'),
(567, 1204, 183, 'comment', '2017-01-10 11:38:06'),
(568, 1204, 183, 'comment', '2017-01-10 11:38:06'),
(569, 1204, 183, 'test mko', '2017-01-10 11:43:58'),
(570, 1205, 183, 'wahahehehejeje', '2017-01-13 15:36:19'),
(573, 0, 0, '', '0000-00-00 00:00:00'),
(574, 0, 0, '', '0000-00-00 00:00:00'),
(575, 0, 0, '', '0000-00-00 00:00:00'),
(576, 0, 0, '', '0000-00-00 00:00:00'),
(577, 0, 0, '', '0000-00-00 00:00:00'),
(578, 0, 0, '', '0000-00-00 00:00:00'),
(579, 0, 0, '', '0000-00-00 00:00:00'),
(580, 0, 0, '', '0000-00-00 00:00:00'),
(581, 0, 0, '', '0000-00-00 00:00:00'),
(582, 1204, 49, 'Dhahanx', '2017-01-27 10:38:42'),
(583, 0, 0, '', '0000-00-00 00:00:00'),
(584, 0, 0, '', '0000-00-00 00:00:00'),
(585, 0, 0, '', '0000-00-00 00:00:00'),
(586, 1204, 49, 'dnajaja', '2017-01-27 11:02:00'),
(587, 0, 0, '', '0000-00-00 00:00:00'),
(588, 0, 0, '', '0000-00-00 00:00:00'),
(589, 0, 0, '', '0000-00-00 00:00:00'),
(590, 0, 0, '', '0000-00-00 00:00:00'),
(591, 1204, 49, 'dhsja', '2017-01-27 11:19:19'),
(592, 0, 0, '', '0000-00-00 00:00:00'),
(593, 0, 0, '', '0000-00-00 00:00:00'),
(594, 0, 0, '', '0000-00-00 00:00:00'),
(595, 1204, 49, 'test cron job', '2017-01-27 11:58:28'),
(596, 1204, 49, 'test cron job', '2017-01-27 11:58:40'),
(597, 1204, 49, 'test cron job', '2017-01-27 12:02:20'),
(598, 1204, 49, 'test cron job', '2017-01-27 12:16:05'),
(599, 1204, 49, 'test cron job', '2017-01-27 12:16:10'),
(600, 1204, 49, 'test cron job', '2017-01-27 13:08:01'),
(601, 1204, 49, 'test cron job', '2017-01-27 13:09:01'),
(602, 1204, 49, 'test cron job', '2017-01-27 13:10:01'),
(603, 1204, 49, 'test cron job', '2017-01-27 13:11:01'),
(604, 1204, 49, 'test cron job', '2017-01-27 13:12:01'),
(605, 1204, 49, 'test cron job', '2017-01-27 13:13:01'),
(606, 1204, 49, 'test cron job', '2017-01-27 13:14:01'),
(607, 1204, 49, 'test cron job', '2017-01-27 13:15:01'),
(608, 1204, 49, 'test cron job', '2017-01-27 13:16:01'),
(609, 1204, 49, 'test cron job', '2017-01-27 13:17:01'),
(610, 1204, 49, 'test cron job', '2017-01-27 13:18:02'),
(611, 1204, 49, 'test cron job', '2017-01-27 13:19:01'),
(612, 1204, 49, 'test cron job', '2017-01-27 13:20:01'),
(613, 1204, 49, 'test cron job', '2017-01-27 13:21:01'),
(614, 1204, 49, 'test cron job', '2017-01-27 13:22:01'),
(615, 1204, 49, 'test cron job', '2017-01-27 13:23:01'),
(616, 1204, 49, 'test cron job', '2017-01-27 13:24:01'),
(617, 1204, 49, 'test cron job', '2017-01-27 13:25:01'),
(618, 1204, 49, 'test cron job', '2017-01-27 13:26:01'),
(619, 1204, 49, 'test cron job', '2017-01-27 13:27:01'),
(620, 1204, 49, 'test cron job', '2017-01-27 13:28:01'),
(621, 1204, 49, 'test cron job', '2017-01-27 13:29:01'),
(622, 1204, 49, 'test cron job', '2017-01-27 13:30:01'),
(623, 1204, 49, 'test cron job', '2017-01-27 13:31:01'),
(624, 1204, 49, 'test cron job', '2017-01-27 13:32:01'),
(625, 1204, 49, 'test cron job', '2017-01-27 13:33:01'),
(626, 1204, 49, 'test cron job', '2017-01-27 13:34:01'),
(627, 1204, 49, 'test cron job', '2017-01-27 13:35:01'),
(628, 1204, 49, 'test cron job', '2017-01-27 13:36:01'),
(629, 1204, 49, 'test cron job', '2017-01-27 13:37:01'),
(630, 1204, 49, 'test cron job', '2017-01-27 13:38:01'),
(631, 1204, 49, 'test cron job', '2017-01-27 13:39:01'),
(632, 1204, 49, 'test cron job', '2017-01-27 13:40:01'),
(633, 1204, 49, 'test cron job', '2017-01-27 13:41:01'),
(634, 1204, 49, 'test cron job', '2017-01-27 13:42:01'),
(635, 1204, 49, 'test cron job', '2017-01-27 13:43:01'),
(636, 1204, 49, 'test cron job', '2017-01-27 13:44:01'),
(637, 1204, 49, 'test cron job', '2017-01-27 13:45:01'),
(638, 1204, 49, 'test cron job', '2017-01-27 13:46:01'),
(639, 1204, 49, 'test cron job', '2017-01-27 13:47:01'),
(641, 1250, 49, 'Annyeong ', '2017-02-03 16:34:51'),
(642, 1250, 49, 'Asan na yung comment?', '2017-02-03 16:36:29'),
(643, 1255, 49, 'shajxjajajdjakxjananxnananxna', '2017-02-04 13:32:11'),
(644, 1255, 49, 'djajajxjansjak', '2017-02-04 13:36:51'),
(645, 1255, 49, 'dhaibziana', '2017-02-04 13:37:06'),
(646, 1255, 49, 'babaoa xmao', '2017-02-04 13:37:14'),
(648, 1271, 49, 'sjajsjsbsj', '2017-02-09 08:38:34'),
(649, 1271, 49, 'sjajsjsbsj', '2017-02-09 08:38:35'),
(650, 1271, 49, 'snajxjabsjanx', '2017-02-09 08:38:58'),
(651, 1271, 2, 'Bwahahahahaha', '2017-02-09 16:14:20'),
(652, 1271, 2, 'Bwahahahahaha', '2017-02-09 16:14:21'),
(653, 1275, 183, 'dnansanan', '2017-02-10 10:09:53'),
(658, 1296, 49, 'Hello!!', '2017-02-14 16:14:11'),
(659, 1296, 49, 'Hello!!', '2017-02-14 16:14:11'),
(664, 1299, 49, 'evqhaozjqjw', '2017-02-14 17:03:38'),
(665, 1299, 49, 'Hahaha.', '2017-02-15 14:51:52'),
(666, 1299, 49, 'Hi ', '2017-02-15 14:57:17'),
(667, 1299, 49, 'Hi ', '2017-02-15 14:57:18'),
(671, 1303, 183, 'ahwiqbshauxja wjqjsba wisiqjqs kaiajw w diaiq skananxnnqk skkanwn djaja s s', '2017-02-16 10:13:52'),
(672, 1304, 183, 'dkwks snaoqo jaodjw jwoqjsk skqosks sjdosow jsosow ksosnsksi sjeodjsk jdosowkwoso jsosowkwndj kdosowonk djdosowkdjd jeieowon djdjeisjdkejb sndjekskdksk dkeodjsnwisj skeowodndiwj ejeoejejejej djsjeoskwkei ejeoeowodjdjej djsjwns  ', '2017-02-16 10:16:17'),
(673, 1305, 49, 'pogi nmn ng gumagawa nito', '2017-02-16 11:55:11'),
(674, 1303, 183, 'Skakqkajdhsjskwkwj', '2017-02-16 13:27:48'),
(675, 1310, 49, 'Ang pogi tlag ni Allen', '2017-02-16 16:28:11'),
(676, 1310, 49, 'rownqnxonqnsjq', '2017-02-17 08:31:34'),
(677, 1307, 49, 'wkskq sjqo', '2017-02-17 08:42:24'),
(678, 1307, 49, 'rjqjaoxnansodckxknsoslfmsnekwpxks skska', '2017-02-17 08:42:41'),
(679, 1306, 49, 'djqjxnsnxlsk nskak fksks fksks dkslw dlaks flap', '2017-02-17 08:47:23'),
(680, 1306, 183, 'Ekqjxbabw', '2017-02-17 09:12:23'),
(681, 1310, 183, 'Hsdusis', '2017-02-17 09:18:23'),
(682, 1323, 2, 'Allen. 3g lang to 19 seconds', '2017-02-18 17:21:30'),
(683, 1324, 2, 'Lte 3:30 secs sobra tagal', '2017-02-18 17:27:00'),
(685, 1325, 2, '2:30', '2017-02-18 17:33:53'),
(686, 1326, 2, ':30 secs', '2017-02-18 17:34:18'),
(687, 1362, 49, 'cxxx  zzzfjajajqjskd dkwow d ekwlsk akaodks  skakqbsh', '2017-02-21 08:41:58'),
(688, 1362, 49, 'dowow ja skaos jdososkwn jskska ansjb smskalsl xkakaosn kapspw sk ksososj sksoskw ksosnwks ksosjsk dksownwj sksoskw dksowk djaiwkdodor kdoejek dksowndj', '2017-02-21 08:42:26'),
(689, 1362, 49, 'djsowowkdjdnskakspsoajazolaaokzsoapsosjqnwkxlamqxkamnaknalqnxkalwlxnanakxmakdmslzkanwkxkamxksnskxksmfmalckskdkfkskdkekeknxksmemxmekwlxkemsmemskwmznwndksnskxmw dowkwdow eowne   dlwnsodnd s ', '2017-02-21 08:43:02'),
(690, 1362, 49, 'djsowowkdjdnskakspsoajazolaaokzsoapsosjqnwkxlamqxkamnaknalqnxkalwlxnanakxmakdmslzkanwkxkamxksnskxksmfmalckskdkfkskdkekeknxksmemxmekwlxkemsmemskwmznwndksnskxmw dowkwdow eowne   dlwnsodnd s ', '2017-02-21 08:43:02'),
(691, 1362, 49, 'dasksodia coakdasksodia coakaos dkaja x slalapskdasksodia coakaos dkaja x slalapskaos dkaja x slalapskdasksodasksodia coakaos dkaja x slalapskddasksodia coakaos dkaja x slalapskdasksodia coakaos dkaja x slalapskasksodia coakaos dkaja x slalapskdia dasksodia coakaos dkaja x slalapskdasksodia coakaos dkaja x slalapskcoakaos dkaja x slalapsk', '2017-02-21 08:43:49'),
(692, 1362, 49, 'daskdasksodia coakaos dkaja x slalapskdasksodia coakaos dkaja x slalapsksodia coakaos dkaja x slalapsdasksodia coakaos dkaja x slalapskdadasksodia coakaos dkaja x slalapskdasksodia coakaos dkaja x slalapsksksodia coakaos dkaja x slalapskkdasksodia coakaos dkaja x slalapsk', '2017-02-21 08:44:24'),
(693, 1420, 183, 'try ko po ma fix ', '2017-02-27 09:25:54'),
(694, 1434, 2, ' Spinning!!!!!!', '2017-03-01 13:21:09'),
(695, 1448, 2, 'Oooo spinning!!! nananaja', '2017-03-01 15:56:42'),
(696, 1442, 183, '   ', '2017-03-01 15:58:31'),
(697, 1528, 49, 'yes', '2017-03-07 13:48:51'),
(698, 1528, 49, 'yes', '2017-03-07 13:48:52'),
(699, 1528, 49, 'yes', '2017-03-07 13:48:52'),
(701, 1525, 183, 'Dacvg', '2017-03-07 13:52:47'),
(702, 1525, 183, 'Dacvg', '2017-03-07 13:52:48'),
(703, 1525, 49, '', '2017-03-07 13:53:28'),
(704, 1525, 49, 'zfavdsc', '2017-03-07 13:54:14'),
(705, 1528, 49, 'Chaka nung box', '2017-03-07 13:56:39'),
(706, 1528, 49, 'Chaka nung box', '2017-03-07 13:56:39'),
(707, 1528, 49, 'Chaka nung box', '2017-03-07 13:56:39'),
(708, 1540, 49, 'Chips nanaman ba yan?!', '2017-03-08 17:04:13'),
(709, 1540, 2, 'The red one?!?!  ', '2017-03-08 17:05:21'),
(710, 1540, 2, 'Gago ka', '2017-03-08 17:08:27'),
(711, 1624, 183, 'Edman', '2017-03-14 08:49:10'),
(712, 1624, 183, 'snakdkak', '2017-03-14 09:00:49'),
(713, 1626, 183, 'c ekelsksldak', '2017-03-14 11:59:08'),
(714, 1636, 183, 'Bevavah', '2017-03-15 10:49:19'),
(715, 1636, 183, 'BCahscava', '2017-03-15 11:28:58'),
(716, 1636, 183, 'Asdf', '2017-03-15 11:32:47'),
(717, 1637, 183, 'Dkqkqns', '2017-03-15 14:12:58'),
(718, 1637, 183, 'Soqnwndhw', '2017-03-15 14:13:02'),
(719, 1637, 183, 'Smamqkqnxkandk', '2017-03-15 14:13:12'),
(720, 1637, 183, 'Vmsmwpznqnqksnwkw', '2017-03-15 14:13:17'),
(721, 1637, 183, 'Dnakq xks snakd', '2017-03-15 14:13:22'),
(722, 1637, 183, 'Smalam ms skzns a', '2017-03-15 14:13:26'),
(723, 1637, 183, 'Skapqnxkakakzkwnsnx', '2017-03-15 14:13:32'),
(724, 1637, 183, 'Dkskqlxnakwkwnx', '2017-03-15 14:13:37'),
(725, 1641, 49, 'fxjyg', '2017-03-17 13:21:50'),
(726, 1641, 49, 'fxjyg', '2017-03-17 13:21:51'),
(727, 1642, 183, 'Havsbabas', '2017-03-18 11:52:40'),
(728, 1649, 183, 'Hello!!! Colors!!!', '2017-03-18 16:34:06'),
(729, 1649, 183, 'Hello!!! Colors!!!', '2017-03-18 16:34:06'),
(730, 1654, 49, 'xxxfacavsa', '2017-03-20 16:39:44'),
(731, 1654, 49, 'xxjwkapdkwnwjsjwnd', '2017-03-20 16:40:29'),
(732, 1654, 49, 'xxjwkapdkwnwjsjwnd', '2017-03-20 16:40:34'),
(733, 1661, 49, 'zzeabamaqbsabb', '2017-03-21 08:56:33'),
(734, 1661, 49, 'zzeabamaqbsabbgjfehfefkksekkpppppp', '2017-03-21 09:14:28'),
(735, 1661, 49, 'zzeabamaqbsabbgjfehfefkksekkpppppp', '2017-03-21 09:15:44'),
(736, 1661, 49, 'zzwnavqwcscscqqcb', '2017-03-21 09:17:31'),
(737, 1661, 49, 'zzwnavqwcscscqqcb', '2017-03-21 09:17:37'),
(738, 1660, 49, 'zdqsqewxqesqq', '2017-03-21 09:23:05'),
(739, 1660, 49, 'zdqsqewxqesqq', '2017-03-21 09:23:21'),
(740, 1660, 49, 'zdqsqewxqesqq', '2017-03-21 09:23:32'),
(741, 1660, 49, 'zdqsqewxqesqq', '2017-03-21 09:23:40'),
(742, 1662, 183, 'Havsaavfsswfsas', '2017-03-21 09:24:11'),
(743, 1661, 49, ' djajxjalskskw', '2017-03-21 09:39:14'),
(744, 1661, 182, 'gacaxfacc', '2017-03-21 09:40:26'),
(745, 1661, 182, 'chwvaxafqccqx', '2017-03-21 12:01:07'),
(746, 1661, 182, 'chwvaxafqccqx', '2017-03-21 12:02:27'),
(747, 1661, 182, 'chwvaxafqccqx', '2017-03-21 12:02:45'),
(748, 1661, 182, 'chwvaxafqccqxskqqkqkfks', '2017-03-21 12:58:24'),
(749, 1661, 182, '', '2017-03-21 12:59:00'),
(750, 1661, 182, '', '2017-03-21 12:59:25'),
(751, 1661, 182, '', '2017-03-21 13:00:11'),
(752, 1663, 182, ' hwfqx', '2017-03-21 13:19:05'),
(753, 1663, 182, ' hwfqx', '2017-03-21 13:19:32'),
(754, 1663, 182, ' hwfqx', '2017-03-21 13:20:15'),
(755, 1663, 182, ' hwfqx', '2017-03-21 13:22:46'),
(756, 1663, 182, ' hwfqx', '2017-03-21 13:27:38'),
(757, 1663, 182, ' hwfqx', '2017-03-21 13:28:51'),
(758, 1663, 182, ' hwfqx', '2017-03-21 13:31:07'),
(759, 1663, 182, ' hwfqx', '2017-03-21 13:34:52'),
(760, 1663, 182, ' hwfqx', '2017-03-21 13:48:23'),
(761, 1663, 182, ' hwfqx', '2017-03-21 13:48:23'),
(762, 1663, 182, ' hwfqx', '2017-03-21 13:58:44'),
(763, 1663, 182, ' hwfqx', '2017-03-21 13:59:43'),
(764, 1663, 183, 'Shahsjsne', '2017-03-21 15:07:56'),
(765, 1663, 182, 'heuehiehejeieh', '2017-03-22 09:14:14'),
(766, 1663, 182, 'heuehiehejeieh', '2017-03-22 09:22:04'),
(767, 1663, 182, 'heuehiehejeieh', '2017-03-22 09:41:38'),
(768, 1665, 182, 'anahwjgaveb', '2017-03-22 09:59:03'),
(769, 1665, 182, 'hdvd', '2017-03-22 11:40:57'),
(770, 1665, 182, 'wrqzfwd', '2017-03-22 11:46:07'),
(771, 1665, 182, 'qdwfwdqdg', '2017-03-22 11:51:11'),
(772, 1665, 182, 'qdwfwdqdgevsgved', '2017-03-22 11:51:41'),
(773, 1665, 182, 'dnsnsnsjshshsha', '2017-03-22 12:01:44'),
(774, 1665, 182, 'dnsnsnsjshshshaejsshwhwhs', '2017-03-22 12:02:29'),
(775, 1665, 182, 'dnsnsnsjshshshaejsshwhwhsVabansnsb', '2017-03-22 12:03:13'),
(776, 1665, 182, 'xsscafxdfgd', '2017-03-22 13:05:30'),
(777, 1665, 182, 'xsscafxdfgdgg', '2017-03-22 13:12:45'),
(778, 1665, 182, 'sgVsjsva', '2017-03-22 13:13:42'),
(779, 1665, 182, '', '2017-03-22 13:42:48'),
(780, 1665, 182, 'csbascad', '2017-03-22 13:45:03'),
(781, 1665, 182, 'wcgwgwgevw', '2017-03-22 13:51:32'),
(782, 1665, 182, 'wvbavaans', '2017-03-22 13:58:21'),
(783, 1665, 181, 'nsn g zmdkamxkdxk', '2017-03-22 15:32:41'),
(784, 1665, 181, 'kfkfjnfh', '2017-03-22 15:36:05'),
(785, 1665, 181, 'zdksnsbajabwjqjj', '2017-03-22 15:36:57'),
(786, 1665, 181, ' faxvacc', '2017-03-22 16:08:16'),
(787, 1665, 181, 'faxvacxadhnh', '2017-03-22 16:08:27'),
(788, 1665, 181, ' anamjs', '2017-03-22 16:08:57'),
(789, 1665, 181, '/', '2017-03-22 16:09:48'),
(790, 1665, 181, 'kejwhwh', '2017-03-22 16:10:27'),
(791, 1665, 181, 'bansdj', '2017-03-22 16:12:18'),
(792, 1665, 181, 'saakxka', '2017-03-22 16:26:29'),
(793, 1666, 181, 'zAqsdqscgwsx', '2017-03-23 08:23:42'),
(794, 1666, 181, 'jwxvwdfaxvs', '2017-03-23 09:54:21'),
(795, 1666, 181, 'pogi mo po', '2017-03-23 09:57:54'),
(796, 1666, 181, 'ewce', '2017-03-23 10:04:01'),
(797, 1666, 181, 'wpakdkwmdmdka', '2017-03-23 10:11:43'),
(798, 1666, 181, 'dlalzlskcl', '2017-03-23 10:22:38'),
(799, 1666, 181, 'sbakebabej', '2017-03-23 10:31:47'),
(800, 1669, 181, 'zajajq', '2017-03-24 09:04:19'),
(801, 1669, 181, 'djaksjwj', '2017-03-24 09:04:25'),
(802, 1669, 181, 'xxd', '2017-03-24 09:08:43'),
(803, 1669, 181, 'ajahwjwj', '2017-03-24 09:08:52'),
(804, 1669, 181, 'hlbfukbhlbhojj', '2017-03-24 09:10:20'),
(805, 1669, 181, 'ifukff', '2017-03-24 09:15:11'),
(806, 1669, 181, 'ejshsjshwgw', '2017-03-24 09:17:32'),
(807, 1669, 181, 'ejshsjshwgw', '2017-03-24 09:17:32'),
(808, 1669, 181, 'smadgahrjajwhw', '2017-03-24 09:23:44'),
(809, 1669, 181, 'snagehacenwvegegge', '2017-03-24 09:36:59'),
(810, 1669, 181, 'hdjvxhbv', '2017-03-24 09:42:54'),
(811, 1669, 181, 'smanajevavee', '2017-03-24 09:49:43'),
(812, 1669, 181, 'nabwvwfqwfwfw', '2017-03-24 09:51:46'),
(813, 1669, 181, 'cmakvkavksks', '2017-03-24 09:55:35'),
(814, 1669, 181, 'havanavagwv', '2017-03-24 09:56:11'),
(815, 1669, 181, 'hswesnssaeabagsgqfsvwv', '2017-03-24 10:05:12'),
(816, 1669, 181, 'ndnsjefwfwwg', '2017-03-24 10:09:27'),
(817, 1669, 181, 'csmsnssbw', '2017-03-24 10:10:23'),
(818, 1669, 181, 'csmsnssbw', '2017-03-24 10:10:24'),
(819, 1669, 181, 'gehwhwgwhehw', '2017-03-24 10:15:35'),
(845, 1670, 182, 'badge po', '2017-03-24 16:32:21'),
(846, 1670, 182, 'isa pa', '2017-03-24 16:32:40'),
(847, 1670, 182, 'qkskskqkak', '2017-03-24 16:34:26'),
(848, 1670, 182, 'zhejsjsjs', '2017-03-24 16:41:48'),
(849, 1670, 182, 'zjsjajsbahaj', '2017-03-24 16:42:28'),
(850, 1670, 182, 'ahahababa', '2017-03-24 16:42:42'),
(851, 1670, 182, 'sahajav', '2017-03-24 16:43:17'),
(852, 1670, 182, 'hehahaj', '2017-03-24 16:47:37'),
(853, 1670, 182, 'zhzbshsav', '2017-03-24 16:51:19'),
(854, 1670, 182, '!-?.', '2017-03-24 16:51:54'),
(855, 1670, 182, 'skdjsn', '2017-03-24 16:53:40'),
(856, 1670, 182, 'zhzbs', '2017-03-24 16:53:55'),
(857, 1670, 182, 'csansnwn', '2017-03-25 08:36:53'),
(858, 1670, 182, 'snsbsnsndje', '2017-03-25 08:39:00'),
(859, 1670, 182, 'zkxnsbss', '2017-03-25 08:41:11'),
(860, 1670, 182, 'djsshs', '2017-03-25 08:41:23'),
(861, 1670, 182, 'djsshs', '2017-03-25 08:41:28'),
(862, 1670, 182, 'babbag', '2017-03-25 08:41:39'),
(865, 1670, 182, 'scaxx', '2017-03-25 10:03:11'),
(866, 1670, 182, 'scaxxsheb', '2017-03-25 10:03:42'),
(868, 1670, 182, 'scaxx', '2017-03-25 10:04:54'),
(875, 1670, 183, 'Hs', '2017-03-25 10:48:10'),
(876, 1670, 183, 'Ch', '2017-03-25 10:51:32'),
(878, 1670, 183, 'K ixi', '2017-03-25 11:45:36'),
(879, 1672, 183, 'Wq', '2017-03-25 11:55:53'),
(880, 1671, 182, 'fe', '2017-03-25 11:59:07'),
(882, 1671, 183, ' Jz', '2017-03-25 12:00:51'),
(883, 1671, 183, 'Gx', '2017-03-25 13:04:14'),
(884, 1671, 183, 'Dd', '2017-03-25 13:05:44'),
(902, 1672, 182, ' hxuc', '2017-03-25 14:43:44'),
(903, 1671, 183, 'Usu', '2017-03-25 14:44:44'),
(905, 1677, 183, ' H j', '2017-03-25 14:46:53'),
(908, 1677, 182, 'gr', '2017-03-25 15:04:37'),
(916, 1672, 182, 'qwe', '2017-03-25 15:56:25'),
(917, 1677, 182, 'cdyy', '2017-03-25 16:04:12'),
(918, 1677, 182, 'cdyy', '2017-03-25 16:05:38'),
(919, 1677, 182, '@testuser300', '2017-03-25 16:06:31'),
(920, 1677, 182, '@testuser300', '2017-03-25 16:13:46'),
(921, 1677, 182, 'qwlsma @testuser300', '2017-03-25 16:16:16'),
(922, 1677, 182, 'ceus @testuser300', '2017-03-25 16:19:09'),
(923, 1682, 182, 'aggcd @testuser300', '2017-03-28 14:20:27'),
(932, 1682, 183, '#heart ghdd', '2017-03-28 15:33:54'),
(934, 1682, 183, 'Ahhan @pongchuaong #test test', '2017-03-28 16:00:02'),
(942, 1684, 183, 'Hello heart!!!', '2017-03-28 16:09:19'),
(943, 1689, 183, 'Ghdfggg @Jhejhe #teat vffhh', '2017-03-29 10:54:55'),
(944, 1689, 183, 'Reryrcyy #~reedt grrt', '2017-03-29 11:00:22'),
(946, 1689, 183, 'Skidkcjs ndkskaj fjsksk fksksk gkskakd gksksk kfkak dkakak fkakaksl gksksksk dkakak dkaksks kakaks kakaksk dksksks dnksksks dnsks  sksksk kskaks kakaks jakajsja', '2017-03-29 12:53:56'),
(947, 1689, 183, '@sgdd', '2017-03-29 15:13:01'),
(948, 1690, 183, '@asaa', '2017-03-29 17:03:50'),
(949, 1720, 182, ' @testuser300', '2017-03-31 11:53:28'),
(950, 1752, 182, 'gafssd fksks', '2017-04-06 16:24:38'),
(951, 1730, 182, 'evaban', '2017-04-07 08:49:00'),
(952, 1730, 182, 'xxejabahahw', '2017-04-07 09:01:13'),
(953, 1730, 182, 'zdnabanav', '2017-04-07 09:08:13'),
(954, 1783, 183, 'adad ', '2017-04-11 10:11:27'),
(955, 1783, 183, 'Ddnsndkehagwhe jrksnekrjehwhe sjajahwhwhwg Amanda bags ananabab Alabaman slsmsbsba dlsjsbsba slsjsjsjww ahaha he dlsjsjsjw wkajahw sksjsjsj wkekejsjeje', '2017-04-11 10:54:57'),
(956, 1783, 183, 'Ansabe?', '2017-04-11 10:58:19'),
(957, 1783, 183, 'Hello ', '2017-04-11 11:01:36'),
(958, 1783, 183, 'Hello ', '2017-04-11 11:01:38'),
(959, 1783, 183, 'Dhgffgssadf', '2017-04-11 11:05:50'),
(961, 1783, 183, 'Dfdsdgfdaa', '2017-04-11 11:20:59'),
(962, 1783, 183, 'Anajakan nfksnsksk kfdlssosk fksksosl clsksks', '2017-04-11 11:31:21'),
(963, 1783, 183, 'Skalssoszlz mdkslsls kfksksks', '2017-04-11 11:31:37'),
(964, 1783, 183, 'Dfffggsgys nhsgsushsv jshshkwbwgs', '2017-04-11 11:32:08'),
(965, 1783, 183, ' @xolovesruthy  @kevinmalande  @quikflik  @testuser100  @Jhejhe ', '2017-04-11 14:51:03'),
(966, 1783, 183, 'Hahahaha   @pongchuaong ', '2017-04-11 14:51:40'),
(967, 1783, 183, 'Dami mo alam.', '2017-04-11 14:52:27'),
(968, 1783, 183, 'Monggo ', '2017-04-11 15:06:10'),
(969, 1783, 183, ' @quikflik  @testuser300 ', '2017-04-11 15:42:53'),
(970, 1784, 183, 'Dehcsthct', '2017-04-18 14:42:55'),
(971, 1791, 205, 'pogi', '2017-04-20 08:42:16'),
(972, 1791, 205, 'pogi', '2017-04-20 09:00:08'),
(973, 1791, 183, 'Qwer', '2017-04-20 13:47:02'),
(974, 1791, 183, ' @testuser100 ', '2017-04-20 13:52:20'),
(975, 1791, 183, 'shahaj', '2017-04-20 14:01:00'),
(976, 1791, 183, 'duss', '2017-04-20 14:12:13'),
(977, 1791, 183, 'ska', '2017-04-21 08:38:29'),
(978, 1791, 205, 'Wkesk', '2017-04-21 08:39:30'),
(979, 1791, 183, 'xacc', '2017-04-21 09:26:26'),
(980, 1791, 205, 'Fadd', '2017-04-21 09:27:12'),
(981, 1791, 205, 'Hxxx', '2017-04-21 09:27:37'),
(982, 1791, 205, 'Gssc', '2017-04-21 10:21:05'),
(983, 1791, 183, 'wfsxx', '2017-04-21 10:21:21'),
(984, 1791, 183, 'zbzjxo', '2017-04-21 10:22:24'),
(985, 1791, 183, 'jcjc', '2017-04-21 10:27:52'),
(986, 1791, 205, 'Jeff we', '2017-04-21 10:28:33'),
(988, 1791, 183, 'dc', '2017-04-21 10:37:14'),
(989, 1791, 205, 'Add', '2017-04-21 10:45:12'),
(990, 1791, 183, 'vyubj', '2017-04-21 10:45:45'),
(991, 1791, 205, 'Geddd', '2017-04-21 10:50:35'),
(992, 1791, 205, 'Jxxu', '2017-04-21 13:20:26'),
(993, 1791, 183, 'dmskwk', '2017-04-21 13:21:51'),
(994, 1791, 205, 'Icicle', '2017-04-21 13:26:13'),
(996, 1791, 183, '  gg', '2017-04-21 13:39:32'),
(997, 1791, 205, 'Iffuci', '2017-04-21 13:43:25'),
(998, 1791, 205, 'Uvc', '2017-04-21 13:45:58'),
(999, 1791, 183, 'gerg', '2017-04-21 13:46:39'),
(1000, 1791, 182, 'sls', '2017-04-21 13:48:32'),
(1001, 1791, 205, 'J I', '2017-04-21 13:48:59'),
(1002, 1791, 181, 'Pandas', '2017-04-21 13:51:28'),
(1003, 1791, 181, 'Hsh', '2017-04-21 13:55:40'),
(1004, 1791, 181, 'Gaysu', '2017-04-21 14:53:23'),
(1005, 1813, 181, 'Dgvhghvh', '2017-04-26 09:12:01'),
(1006, 1806, 49, 'Hi  ', '2017-04-26 10:46:39'),
(1007, 1844, 183, 'And a', '2017-05-03 15:46:23'),
(1008, 1844, 183, 'Racacadc', '2017-05-03 15:58:10'),
(1009, 1844, 183, 'Kaggazxnfxccdd', '2017-05-03 15:58:28'),
(1010, 1844, 183, 'Cacvbhsd', '2017-05-03 15:58:36'),
(1011, 1844, 183, 'Hasvgrscktf', '2017-05-03 16:12:32'),
(1012, 1844, 183, ' And ebrn', '2017-05-04 08:15:42'),
(1013, 1844, 183, 'Bebe tbtb', '2017-05-04 08:15:52'),
(1014, 1845, 183, 'Skajaj', '2017-05-04 15:49:52'),
(1015, 1852, 183, 'Fadcg', '2017-05-08 16:21:49'),
(1016, 63, 183, 'Nddkks', '2017-05-09 08:31:07'),
(1017, 63, 183, 'Nddkks', '2017-05-09 08:47:45'),
(1018, 63, 183, 'Mckicfifkf', '2017-05-09 09:04:35'),
(1019, 1864, 49, 'Adaptor', '2017-05-18 08:55:46'),
(1020, 1863, 49, 'Bote', '2017-05-18 08:56:00'),
(1021, 1862, 49, 'Sulay', '2017-05-18 08:56:11'),
(1022, 1866, 49, 'Dggffgbhhhgfrgbyvggggbvbbbhhhhhhhyuuuhhhhhhhhshhehhshhshshhshshdhdhhehhshshhshshsshdhhhshyu', '2017-05-19 10:51:59'),
(1023, 1866, 49, '#allen allen', '2017-05-19 14:16:13'),
(1024, 1863, 49, '#testuser300', '2017-05-19 14:18:03'),
(1025, 1846, 49, 'Djsjajw', '2017-05-19 16:22:32'),
(1026, 1851, 49, 'Fggdrtu', '2017-05-19 16:41:50'),
(1027, 1864, 49, 'Anak ng animal', '2017-05-24 14:25:07'),
(1028, 1867, 49, 'Qwerty', '2017-05-24 14:27:52'),
(1029, 1851, 49, 'Zgygagaggzubafsyabwvuzjah', '2017-05-24 14:31:20'),
(1030, 1851, 49, 'Haggagahgqhshvwhwtywuqvvsj', '2017-05-24 14:31:51'),
(1032, 1867, 49, 'Ddsyiogggh cduhvsykbg bjuewefcfuhbb bfstojcsghgjkjnbbm', '2017-05-24 15:18:54');
INSERT INTO `veeds_comments` (`comment_id`, `video_id`, `user_id`, `comment`, `comment_date`) VALUES
(1033, 1867, 49, 'Allen oink pink pink pink pink pink pink pink pink pink pink pink pink', '2017-05-24 15:30:05'),
(1034, 1867, 49, 'Qwerty mo to', '2017-05-24 15:30:20'),
(1035, 1867, 49, 'Gtfdw vdyujvsy bdyijniputn fsethvcatu bffijnvsay cdryjbbcuj bdsujbfdujb bdyhbfwtjbvd mjhergcwfvbj hdsygnkhvdefb bfdtvdescvjkoygvdwfj bddjbgjnhdyiuedg vdryjbb ', '2017-05-24 15:31:01'),
(1036, 1867, 49, 'Panot', '2017-05-24 15:33:28'),
(1037, 1867, 49, 'Panot', '2017-05-24 15:33:41'),
(1038, 1883, 205, 'Akakaks', '2017-05-26 15:05:06'),
(1039, 1868, 205, 'Shahajsjs', '2017-05-26 15:44:14'),
(1040, 1885, 2, ' ', '2017-05-26 16:20:42'),
(1041, 1872, 49, ' ', '2017-05-27 14:23:18'),
(1042, 1872, 49, ' ', '2017-05-27 14:52:08'),
(1043, 1872, 49, ' ', '2017-05-27 14:53:02'),
(1044, 1872, 49, ' ', '2017-05-27 14:55:07'),
(1045, 1872, 49, ' ', '2017-05-27 14:55:16'),
(1046, 1872, 49, ' ', '2017-05-27 14:55:46'),
(1047, 1886, 2, 'Hello', '2017-05-30 15:57:53'),
(1048, 1886, 2, 'Wow', '2017-05-30 15:58:06'),
(1049, 1847, 183, '', '2017-05-31 10:24:15'),
(1050, 1884, 183, 'pogi', '2017-06-02 16:29:48'),
(1051, 1882, 183, 'comment', '2017-06-03 10:22:57'),
(1052, 1901, 2, 'Hello', '2017-06-03 13:50:48'),
(1053, 1856, 205, 'Error', '2017-06-03 14:20:11'),
(1054, 1904, 205, 'Gefgcssxc', '2017-06-05 10:46:58'),
(1055, 1881, 205, 'Fadcg', '2017-06-05 13:50:03'),
(1057, 1912, 182, ' hi pogi', '2017-06-14 13:30:04'),
(1058, 1885, 2, 'Hello', '2017-06-16 15:49:02'),
(1059, 1885, 2, 'Howsayou', '2017-06-16 15:49:09'),
(1060, 1885, 2, 'Hahahaha gets', '2017-06-16 15:49:19'),
(1061, 1885, 2, 'Hahahaha gets', '2017-06-16 15:49:38'),
(1062, 1885, 2, 'Hahahaha', '2017-06-16 15:49:50'),
(1063, 1912, 2, 'You called me??', '2017-06-16 15:54:46'),
(1064, 1912, 2, 'Di ako makaalis', '2017-06-16 15:55:33'),
(1065, 1901, 2, 'Yes ', '2017-06-16 16:09:18');

-- --------------------------------------------------------

--
-- Table structure for table `veeds_hashtag`
--

CREATE TABLE IF NOT EXISTS `veeds_hashtag` (
  `user_id` int(11) DEFAULT NULL,
  `hashtag` varchar(100) DEFAULT NULL,
  `hashtag_date` datetime DEFAULT NULL
) ENGINE=InnoDB DEFAULT CHARSET=latin1;

--
-- Dumping data for table `veeds_hashtag`
--

INSERT INTO `veeds_hashtag` (`user_id`, `hashtag`, `hashtag_date`) VALUES
(49, '#hapon', '2017-05-25 16:03:45'),
(205, '#haponNa', '2017-05-25 16:04:34'),
(49, '#hashtagWalangHashtah', '2017-05-25 16:30:23'),
(49, '#hashtagWalangHashtah', '2017-05-25 16:33:41'),
(49, '#hashtagWalangHashtah', '2017-05-25 16:34:31'),
(205, '#hashtag', '2017-05-25 16:35:12'),
(205, '#hashtag', '2017-05-25 16:35:19'),
(205, '#hashtag', '2017-05-25 16:35:22'),
(205, '#Hapon', '2017-05-26 08:23:03'),
(205, '#Hapon', '2017-05-26 08:24:14'),
(205, '#hapon', '2017-05-26 08:26:44'),
(205, '#hapon', '2017-05-26 08:29:01'),
(205, '#hapon', '2017-05-26 11:33:30');

-- --------------------------------------------------------

--
-- Table structure for table `veeds_live_photo_viewer`
--

CREATE TABLE IF NOT EXISTS `veeds_live_photo_viewer` (
  `user_id` int(11) NOT NULL,
  `video_id` int(11) NOT NULL,
  `viewed_at` datetime NOT NULL
) ENGINE=InnoDB DEFAULT CHARSET=latin1;

--
-- Dumping data for table `veeds_live_photo_viewer`
--

INSERT INTO `veeds_live_photo_viewer` (`user_id`, `video_id`, `viewed_at`) VALUES
(183, 1638, '0000-00-00 00:00:00'),
(183, 1638, '0000-00-00 00:00:00'),
(183, 1638, '0000-00-00 00:00:00'),
(49, 1639, '0000-00-00 00:00:00'),
(49, 1639, '0000-00-00 00:00:00'),
(49, 1638, '0000-00-00 00:00:00'),
(49, 1638, '0000-00-00 00:00:00'),
(49, 1637, '0000-00-00 00:00:00'),
(49, 1639, '0000-00-00 00:00:00'),
(183, 1639, '0000-00-00 00:00:00'),
(45, 1639, '0000-00-00 00:00:00'),
(45, 1638, '0000-00-00 00:00:00'),
(83, 1639, '0000-00-00 00:00:00'),
(180, 1639, '0000-00-00 00:00:00'),
(180, 1638, '0000-00-00 00:00:00'),
(183, 1639, '0000-00-00 00:00:00'),
(183, 1639, '0000-00-00 00:00:00'),
(183, 1639, '0000-00-00 00:00:00'),
(183, 1639, '0000-00-00 00:00:00'),
(45, 1641, '0000-00-00 00:00:00'),
(183, 1640, '0000-00-00 00:00:00'),
(183, 1642, '0000-00-00 00:00:00'),
(2, 1641, '0000-00-00 00:00:00'),
(2, 1641, '0000-00-00 00:00:00'),
(2, 1642, '0000-00-00 00:00:00'),
(2, 1642, '0000-00-00 00:00:00'),
(183, 1643, '0000-00-00 00:00:00'),
(2, 1642, '0000-00-00 00:00:00'),
(2, 1642, '0000-00-00 00:00:00'),
(2, 1642, '0000-00-00 00:00:00'),
(183, 1642, '0000-00-00 00:00:00'),
(183, 1649, '0000-00-00 00:00:00'),
(183, 1649, '0000-00-00 00:00:00'),
(183, 1649, '0000-00-00 00:00:00'),
(183, 1647, '0000-00-00 00:00:00'),
(183, 1650, '0000-00-00 00:00:00'),
(183, 1650, '0000-00-00 00:00:00'),
(183, 1650, '0000-00-00 00:00:00'),
(49, 1648, '0000-00-00 00:00:00'),
(183, 1649, '0000-00-00 00:00:00'),
(49, 1650, '0000-00-00 00:00:00'),
(183, 1650, '0000-00-00 00:00:00'),
(182, 1654, '0000-00-00 00:00:00'),
(182, 1653, '0000-00-00 00:00:00'),
(182, 1655, '0000-00-00 00:00:00'),
(183, 1663, '0000-00-00 00:00:00'),
(182, 1665, '0000-00-00 00:00:00'),
(183, 1666, '0000-00-00 00:00:00'),
(183, 1668, '0000-00-00 00:00:00'),
(183, 1669, '0000-00-00 00:00:00'),
(183, 1669, '0000-00-00 00:00:00'),
(183, 1668, '0000-00-00 00:00:00'),
(181, 1666, '0000-00-00 00:00:00'),
(199, 1670, '0000-00-00 00:00:00'),
(183, 1670, '0000-00-00 00:00:00'),
(183, 1670, '0000-00-00 00:00:00'),
(183, 1670, '0000-00-00 00:00:00'),
(183, 1670, '0000-00-00 00:00:00'),
(183, 1687, '0000-00-00 00:00:00'),
(183, 1687, '0000-00-00 00:00:00'),
(183, 1686, '0000-00-00 00:00:00'),
(183, 1687, '0000-00-00 00:00:00'),
(183, 1682, '0000-00-00 00:00:00'),
(183, 1689, '0000-00-00 00:00:00'),
(2, 1689, '0000-00-00 00:00:00'),
(182, 1688, '0000-00-00 00:00:00'),
(182, 1686, '0000-00-00 00:00:00'),
(183, 1684, '0000-00-00 00:00:00'),
(183, 1690, '0000-00-00 00:00:00'),
(183, 1696, '0000-00-00 00:00:00'),
(183, 1697, '0000-00-00 00:00:00'),
(183, 1696, '0000-00-00 00:00:00'),
(183, 1702, '0000-00-00 00:00:00'),
(183, 1703, '0000-00-00 00:00:00'),
(183, 1704, '0000-00-00 00:00:00'),
(183, 1702, '0000-00-00 00:00:00'),
(183, 1703, '0000-00-00 00:00:00'),
(182, 1705, '0000-00-00 00:00:00'),
(183, 1696, '0000-00-00 00:00:00'),
(183, 1704, '0000-00-00 00:00:00'),
(183, 1705, '0000-00-00 00:00:00'),
(2, 1704, '0000-00-00 00:00:00'),
(183, 1702, '0000-00-00 00:00:00'),
(2, 1704, '0000-00-00 00:00:00'),
(2, 1697, '0000-00-00 00:00:00'),
(2, 1696, '0000-00-00 00:00:00'),
(2, 1698, '0000-00-00 00:00:00'),
(2, 1703, '0000-00-00 00:00:00'),
(183, 1702, '0000-00-00 00:00:00'),
(2, 1702, '0000-00-00 00:00:00'),
(2, 1704, '0000-00-00 00:00:00'),
(2, 1703, '0000-00-00 00:00:00'),
(183, 1706, '0000-00-00 00:00:00'),
(183, 1709, '0000-00-00 00:00:00'),
(182, 1706, '0000-00-00 00:00:00'),
(183, 1721, '0000-00-00 00:00:00'),
(183, 1724, '0000-00-00 00:00:00'),
(183, 1723, '0000-00-00 00:00:00'),
(2, 1724, '0000-00-00 00:00:00'),
(2, 1724, '0000-00-00 00:00:00'),
(2, 1724, '0000-00-00 00:00:00'),
(2, 1725, '0000-00-00 00:00:00'),
(2, 1724, '0000-00-00 00:00:00'),
(183, 1725, '0000-00-00 00:00:00'),
(183, 1726, '0000-00-00 00:00:00'),
(49, 1728, '0000-00-00 00:00:00'),
(49, 1729, '0000-00-00 00:00:00'),
(49, 1730, '0000-00-00 00:00:00'),
(180, 1737, '0000-00-00 00:00:00'),
(180, 1737, '0000-00-00 00:00:00'),
(180, 1730, '0000-00-00 00:00:00'),
(180, 1736, '0000-00-00 00:00:00'),
(49, 1747, '0000-00-00 00:00:00'),
(49, 1738, '0000-00-00 00:00:00'),
(49, 1737, '0000-00-00 00:00:00'),
(49, 1736, '0000-00-00 00:00:00'),
(49, 1754, '0000-00-00 00:00:00'),
(49, 1730, '0000-00-00 00:00:00'),
(49, 1747, '0000-00-00 00:00:00'),
(49, 1738, '0000-00-00 00:00:00'),
(49, 1730, '0000-00-00 00:00:00'),
(49, 1737, '0000-00-00 00:00:00'),
(49, 1760, '0000-00-00 00:00:00'),
(49, 1764, '0000-00-00 00:00:00'),
(183, 1754, '0000-00-00 00:00:00'),
(183, 1736, '0000-00-00 00:00:00'),
(183, 1747, '0000-00-00 00:00:00'),
(182, 1789, '0000-00-00 00:00:00'),
(181, 1791, '0000-00-00 00:00:00'),
(181, 1790, '0000-00-00 00:00:00'),
(181, 1791, '0000-00-00 00:00:00'),
(181, 1760, '0000-00-00 00:00:00'),
(181, 1762, '0000-00-00 00:00:00'),
(183, 1762, '0000-00-00 00:00:00'),
(183, 1732, '0000-00-00 00:00:00'),
(2, 1791, '0000-00-00 00:00:00'),
(181, 1812, '0000-00-00 00:00:00'),
(181, 1812, '0000-00-00 00:00:00'),
(181, 1804, '0000-00-00 00:00:00'),
(49, 1809, '0000-00-00 00:00:00'),
(181, 1814, '0000-00-00 00:00:00'),
(2, 1833, '0000-00-00 00:00:00'),
(2, 1833, '0000-00-00 00:00:00'),
(2, 1833, '0000-00-00 00:00:00'),
(183, 1834, '0000-00-00 00:00:00'),
(183, 1834, '0000-00-00 00:00:00'),
(183, 1844, '0000-00-00 00:00:00'),
(183, 1844, '0000-00-00 00:00:00'),
(183, 1847, '0000-00-00 00:00:00'),
(205, 1856, '0000-00-00 00:00:00'),
(205, 1854, '0000-00-00 00:00:00'),
(205, 63, '0000-00-00 00:00:00'),
(183, 1844, '0000-00-00 00:00:00'),
(49, 60, '0000-00-00 00:00:00'),
(49, 1847, '0000-00-00 00:00:00'),
(49, 74, '0000-00-00 00:00:00'),
(49, 74, '0000-00-00 00:00:00'),
(49, 81, '0000-00-00 00:00:00'),
(49, 1864, '0000-00-00 00:00:00'),
(49, 1864, '0000-00-00 00:00:00'),
(49, 1864, '0000-00-00 00:00:00'),
(49, 1846, '0000-00-00 00:00:00'),
(49, 77, '0000-00-00 00:00:00'),
(49, 1864, '0000-00-00 00:00:00'),
(49, 1847, '0000-00-00 00:00:00'),
(49, 1865, '0000-00-00 00:00:00'),
(49, 85, '0000-00-00 00:00:00'),
(205, 1868, '0000-00-00 00:00:00'),
(2, 78, '0000-00-00 00:00:00'),
(2, 78, '0000-00-00 00:00:00'),
(205, 1868, '0000-00-00 00:00:00'),
(183, 1848, '0000-00-00 00:00:00'),
(183, 1851, '0000-00-00 00:00:00'),
(183, 1852, '0000-00-00 00:00:00'),
(183, 1868, '0000-00-00 00:00:00'),
(2, 1885, '0000-00-00 00:00:00'),
(2, 1887, '0000-00-00 00:00:00'),
(182, 1886, '0000-00-00 00:00:00'),
(182, 1889, '0000-00-00 00:00:00'),
(182, 1886, '0000-00-00 00:00:00'),
(182, 1877, '0000-00-00 00:00:00'),
(49, 1892, '0000-00-00 00:00:00'),
(49, 1887, '0000-00-00 00:00:00'),
(49, 1890, '0000-00-00 00:00:00'),
(49, 1888, '0000-00-00 00:00:00'),
(2, 1887, '0000-00-00 00:00:00'),
(2, 1886, '0000-00-00 00:00:00'),
(2, 1896, '0000-00-00 00:00:00'),
(2, 1898, '0000-00-00 00:00:00'),
(2, 1885, '0000-00-00 00:00:00'),
(49, 86, '0000-00-00 00:00:00'),
(183, 61, '0000-00-00 00:00:00'),
(49, 86, '0000-00-00 00:00:00'),
(183, 57, '0000-00-00 00:00:00'),
(205, 1856, '0000-00-00 00:00:00'),
(2, 55, '0000-00-00 00:00:00'),
(205, 57, '0000-00-00 00:00:00'),
(2, 1900, '0000-00-00 00:00:00'),
(2, 1900, '0000-00-00 00:00:00'),
(205, 1902, '0000-00-00 00:00:00'),
(205, 58, '0000-00-00 00:00:00'),
(205, 59, '0000-00-00 00:00:00'),
(205, 1865, '0000-00-00 00:00:00'),
(205, 1898, '0000-00-00 00:00:00'),
(205, 1881, '0000-00-00 00:00:00'),
(205, 75, '0000-00-00 00:00:00'),
(205, 57, '0000-00-00 00:00:00'),
(205, 1868, '0000-00-00 00:00:00'),
(205, 1896, '0000-00-00 00:00:00'),
(2, 1900, '0000-00-00 00:00:00'),
(183, 89, '0000-00-00 00:00:00'),
(183, 90, '0000-00-00 00:00:00'),
(183, 89, '0000-00-00 00:00:00'),
(183, 1882, '0000-00-00 00:00:00'),
(183, 61, '0000-00-00 00:00:00'),
(183, 91, '0000-00-00 00:00:00'),
(183, 92, '0000-00-00 00:00:00'),
(183, 93, '0000-00-00 00:00:00'),
(183, 93, '0000-00-00 00:00:00'),
(2, 1898, '0000-00-00 00:00:00'),
(2, 69, '0000-00-00 00:00:00'),
(205, 1908, '0000-00-00 00:00:00'),
(183, 92, '0000-00-00 00:00:00'),
(183, 93, '0000-00-00 00:00:00'),
(205, 93, '0000-00-00 00:00:00'),
(205, 1856, '0000-00-00 00:00:00'),
(205, 1910, '0000-00-00 00:00:00'),
(205, 1865, '0000-00-00 00:00:00'),
(182, 1912, '0000-00-00 00:00:00'),
(182, 1912, '0000-00-00 00:00:00'),
(182, 1912, '0000-00-00 00:00:00'),
(205, 1912, '0000-00-00 00:00:00'),
(205, 1911, '0000-00-00 00:00:00'),
(183, 1912, '0000-00-00 00:00:00'),
(49, 86, '0000-00-00 00:00:00'),
(205, 1895, '0000-00-00 00:00:00'),
(205, 1868, '0000-00-00 00:00:00'),
(205, 1894, '0000-00-00 00:00:00'),
(205, 1868, '0000-00-00 00:00:00'),
(205, 1894, '0000-00-00 00:00:00'),
(183, 1912, '0000-00-00 00:00:00'),
(183, 1912, '0000-00-00 00:00:00'),
(2, 1901, '0000-00-00 00:00:00'),
(2, 1900, '0000-00-00 00:00:00'),
(2, 1865, '0000-00-00 00:00:00'),
(2, 1877, '0000-00-00 00:00:00'),
(2, 1877, '0000-00-00 00:00:00'),
(2, 1887, '0000-00-00 00:00:00'),
(2, 1913, '0000-00-00 00:00:00'),
(2, 1913, '0000-00-00 00:00:00'),
(205, 1913, '0000-00-00 00:00:00'),
(205, 1909, '0000-00-00 00:00:00'),
(205, 1907, '0000-00-00 00:00:00'),
(205, 1906, '0000-00-00 00:00:00'),
(205, 1912, '0000-00-00 00:00:00'),
(205, 1910, '0000-00-00 00:00:00'),
(205, 1909, '0000-00-00 00:00:00'),
(205, 1909, '0000-00-00 00:00:00'),
(205, 1912, '0000-00-00 00:00:00'),
(182, 1900, '0000-00-00 00:00:00'),
(183, 1910, '0000-00-00 00:00:00');

-- --------------------------------------------------------

--
-- Table structure for table `veeds_users`
--

CREATE TABLE IF NOT EXISTS `veeds_users` (
  `user_id` int(11) NOT NULL AUTO_INCREMENT,
  `firstname` varchar(100) NOT NULL,
  `lastname` varchar(50) NOT NULL,
  `email` varchar(200) NOT NULL,
  `bday` date NOT NULL,
  `gender` int(11) NOT NULL,
  `username` varchar(100) NOT NULL,
  `password` text NOT NULL,
  `reset_code` varchar(20) DEFAULT NULL,
  `reset_check` int(11) NOT NULL DEFAULT '1',
  `personal_information` text NOT NULL,
  `fbid` text NOT NULL,
  `profile_pic` text,
  `cover_photo` varchar(100) DEFAULT NULL,
  `video_file` varchar(100) DEFAULT NULL,
  `post` int(11) NOT NULL DEFAULT '0',
  `country` text NOT NULL,
  `private` int(11) NOT NULL,
  `disabled` int(11) NOT NULL,
  `notifications` int(11) NOT NULL,
  `signup_code` varchar(20) DEFAULT NULL,
  `total_Likes` int(11) DEFAULT '0',
  PRIMARY KEY (`user_id`)
) ENGINE=InnoDB  DEFAULT CHARSET=latin1 AUTO_INCREMENT=208 ;

--
-- Dumping data for table `veeds_users`
--

INSERT INTO `veeds_users` (`user_id`, `firstname`, `lastname`, `email`, `bday`, `gender`, `username`, `password`, `reset_code`, `reset_check`, `personal_information`, `fbid`, `profile_pic`, `cover_photo`, `video_file`, `post`, `country`, `private`, `disabled`, `notifications`, `signup_code`, `total_Likes`) VALUES
(1, 'Jess Ryil''s', 'Cubillas', 'malaguitjessiry@yahoo.com', '1984-12-13', 0, 'jcubillas@myoptimind.com', '', NULL, 1, '', '1136080273071412', NULL, NULL, NULL, 0, 'Philippines', 0, 0, 0, NULL, 0),
(2, 'pong', 'ong', 'pong@loopbookinc.com', '1982-11-04', 1, 'pongchuaong', '$1$Paq3bXPu$Je9ifUb822KixgUszA9Y40', NULL, 1, '', '', 'veeds_21486194633.jpg', NULL, NULL, 6, 'Philippines', 0, 0, 0, NULL, 4),
(3, 'Keana Chelsea', 'Arieta', 'saviorchelsea@yahoo.com', '1994-04-14', 0, 'kcarieta@yahoo.com', '', NULL, 1, '', '1161060923920885', NULL, NULL, NULL, 0, 'Philippines', 0, 0, 0, NULL, 0),
(4, 'Tiffany', 'Ang', 'april@myoptimind.com', '1989-07-13', 0, 'april', '', NULL, 1, '', '10156492001465323', NULL, NULL, NULL, 0, '', 0, 0, 0, NULL, 0),
(5, 'ca', 'ong', 'caong888@yahoo.com', '1980-01-15', 0, 'cao', '$1$fLL7I4Z7$.abxWWloVynbtxqjQqKFD.', NULL, 1, '', '', NULL, NULL, NULL, 0, '', 0, 0, 0, NULL, 0),
(6, 'John', 'Dep', 'johndeps@yahoo.com', '1977-06-10', 1, 'jdeps', '', NULL, 1, '', '10153944918803799', NULL, NULL, NULL, 0, 'Philippines', 0, 0, 0, NULL, 0),
(7, 'Patan', 'Chong', 'wagkambatugan@gmail.com', '1982-11-04', 1, 'patanchong', '', NULL, 1, '', '10205319700566141', NULL, NULL, NULL, 0, 'Philippines', 0, 0, 0, NULL, 0),
(8, 'Jan Michelle', 'Depano', 'janmichelleong@gmail.com', '1978-05-23', 0, 'cute_kaila', '', NULL, 1, '', '10153349870478984', NULL, NULL, NULL, 0, 'Philippines', 0, 0, 0, NULL, 0),
(9, 'Wends', 'Ang', 'wsang@myoptimind.com', '1980-08-25', 1, 'wendsang', '', NULL, 1, '', '10155728013570221', NULL, NULL, NULL, 0, 'Philippines', 0, 0, 0, NULL, 0),
(10, 'Shalini', 'T. Ong', 'shalteng@yahoo.com', '1985-06-05', 0, 'shalteng', '', 'VEEDS270', 0, '', '10156577857870037', NULL, NULL, NULL, 0, 'Philippines', 1, 0, 0, NULL, 0),
(11, 'the quikflik', 'account', 'contactus@loopbookinc.com', '1982-11-04', 1, 'quikflik', '$1$LOHTIqEE$JbFFNXOxiRR.etWfEAAL90', NULL, 1, 'Loopbookinc.com', '', 'veeds_111457619606.jpg', NULL, NULL, 0, 'Philippines', 0, 0, 1, NULL, 0),
(12, 'chrisler', 'medua', 'cmedua@myoptimind.com', '1995-02-11', 0, 'isler', '$1$5mBiZFYp$CmDl6ljmCavD7d/DdboEq.', NULL, 1, 'My personal info', '', 'veeds_121469436619.jpg', NULL, NULL, 0, '', 1, 0, 1, NULL, 0),
(13, 'Chrisler', 'Medua', 'chrislerako@yahoo.com', '1993-04-11', 1, 'test1', '', NULL, 1, '', '981351571875682', 'veeds_131455859758.jpg', NULL, NULL, 0, 'Philippines', 1, 0, 1, NULL, 0),
(14, 'Ej', 'del Rosario', 'ej_delros08@yahoo.com', '0000-00-00', 1, 'ejdelros08', '', NULL, 1, '', '10203203899936765', 'veeds_141463999548.jpg', NULL, NULL, 0, '', 1, 0, 1, NULL, 0),
(15, 'shaina', 'morabe', 'smorabe@myoptimind.com', '1988-08-11', 0, 'shaitest', '$1$UOkGOuNY$RoVM9GpW1J/okSsWtRJ/Z1', '', 1, '', '', NULL, NULL, NULL, 0, 'Philippines', 1, 0, 0, NULL, 0),
(16, 'Ael', 'Anolacse', 'luperez_21@yahoo.com', '1981-07-24', 0, 'ael', '', NULL, 1, '', '10208717756849993', NULL, NULL, NULL, 0, 'Philippines', 0, 0, 0, NULL, 0),
(17, 'b', 'metal', 'bmetal@email.com', '1985-02-14', 1, 'bmetal', '$1$hH/n0YuX$lC1cPoOU6JpJEPsuUTF751', NULL, 1, '', '', NULL, NULL, NULL, 0, '', 1, 0, 0, NULL, 0),
(18, 'Fly', 'Flyerson', 'flyflyerson@gmail.com', '1991-02-16', 0, 'asdfasdf', '', NULL, 1, '', '614795878658933', NULL, NULL, NULL, 0, '', 0, 0, 0, NULL, 0),
(19, 'Shaina', 'Morabe', 'shaina_louie12@yahoo.com.ph', '0000-00-00', 0, 'shaina', '', NULL, 1, '', '10207088049937236', NULL, NULL, NULL, 0, '', 0, 0, 0, NULL, 0),
(20, 'coco', 'chanel', 'happymom.cco888@yahoo.com', '1953-05-03', 0, 'happymom', '$1$MrJ90gfV$mixMulb4iptTITIl8ytzl0', NULL, 1, '', '', NULL, NULL, NULL, 0, 'Philippines', 0, 0, 0, NULL, 0),
(21, 'wennie', 'lalo', 'lalowennie@yahoo.com', '1988-08-20', 0, 'wennielalo', '$1$awl7LtWb$/bGmbQnXnVjk5rYrEKb///', NULL, 1, '', '', NULL, NULL, NULL, 0, 'Philippines', 0, 0, 0, NULL, 0),
(25, 'Fashion', 'Bags', 'fashionbags@yahoo.com', '1985-09-06', 0, 'Fashion Bags Trends', '$1$qWEynjxf$AOGMa8bfdOTcGEDbk6mHK0', NULL, 1, '''Videos credited to the specific person''', '', NULL, NULL, NULL, 0, 'Philippines', 0, 0, 0, NULL, 0),
(27, 'Hairstyle', 'Trends', 'hairstyletrends@yahoo.com', '1987-11-15', 0, 'Hairstyle Trends', '$1$4/DmRoLm$y8ncadBPMHM6GjpRn.Nlq/', NULL, 1, '', '', 'veeds_271457407494.jpg', NULL, NULL, 0, 'Bulgaria', 0, 0, 0, NULL, 0),
(28, 'Nails', 'Art', 'nails@yahoo.com', '1989-08-29', 0, 'Art For Nails', '$1$6k6kXxV3$8lNtO0GvHcNrwdQIAEtMl/', NULL, 1, '', '', 'veeds_281457407669.jpg', NULL, NULL, 0, 'Philippines', 0, 0, 0, NULL, 0),
(29, 'Bags', 'Trends', 'trends@yahoo.com', '0000-00-00', 0, 'Bags Trends', '$1$S7f3m9X1$M.OayLAvBFJEfQzXgzRDX1', NULL, 1, '', '', 'veeds_291457407849.jpg', NULL, NULL, 0, '', 0, 0, 0, NULL, 0),
(30, 'Shoes', 'Outfit', 'shoes@yahoo.com', '0000-00-00', 0, 'Shoes Outfit Idea', '$1$5RzUgZne$4SlrYuwaULV6muaKkormz0', NULL, 1, 'Videos credited to the specific owners.', '', 'veeds_301457406582.jpg', NULL, NULL, 0, '', 0, 0, 0, NULL, 0),
(31, 'Dress', 'Up', 'dress@yahoo.com', '0000-00-00', 0, 'Dress Up', '$1$NUScoxoh$tlEb0HjTaeNWLuRY0Bk8A0', NULL, 1, '', '', 'veeds_311457406161.jpg', NULL, NULL, 0, '', 0, 0, 0, NULL, 0),
(32, 'Car', 'Stunt', 'mens@yahoo.com', '0000-00-00', 0, 'Mens Fashion', '$1$V0lY2gGn$Z8MTKD.WrmynwYxk9j5zn/', NULL, 1, 'Videos credited to the specific owners.', '', NULL, NULL, NULL, 0, '', 0, 0, 0, NULL, 0),
(33, 'laugh', 'lol', 'laugh@yahoo.com', '1993-03-07', 0, 'laugh', '$1$jrbgQL6B$A3OMb86DgbDJS/V90B5nL0', NULL, 1, '', '', NULL, NULL, NULL, 0, 'Philippines', 0, 0, 0, NULL, 0),
(34, 'All', 'Cars', 'car@yahoo.com', '0000-00-00', 0, 'Car Stunt', '$1$/3tdpciZ$azYudygnD.bCIjT.A9fjK0', NULL, 1, 'Addicted to Car.\nAll videos here are credited to the owner.', '', 'veeds_341457410721.jpg', NULL, NULL, 0, '', 0, 0, 0, NULL, 0),
(35, 'Team', 'Gags', 'teamgags@yahoo.com', '1993-03-15', 0, 'team Gags', '$1$2EcvYA8P$Xz9xwGj28a.eYc1v.7q8P1', NULL, 1, '', '', 'veeds_351458183248.jpg', NULL, NULL, 0, '', 0, 0, 0, NULL, 0),
(36, 'Team', 'Teaser', 'teamteaser@yahoo.com', '1996-02-21', 0, 'Team Teaser', '$1$RnwITQZM$v7f7Vcy.zEgHgoHHXqG7p0', NULL, 1, 'hello', '', 'veeds_361458196436.jpg', NULL, NULL, 0, '', 0, 0, 1, NULL, 0),
(37, 'Soccer', 'Triks', 'soccer@yahoo.com', '0000-00-00', 0, 'Soccer Tricks ', '$1$svuQQrDE$vUJLr.hr3yTQVxv6uasB4/', NULL, 1, 'Videos credited to the owner.\n', '', 'veeds_371458196046.jpg', NULL, NULL, 0, '', 0, 0, 0, NULL, 0),
(38, 'Team Music', 'Teaser', 'teammusicteaser@yahoo.com', '1998-03-29', 0, 'Team Music Teaser', '$1$tMezls6Q$Wl1cQb7MNDW5UHljw00h11', NULL, 1, '', '', 'veeds_381458194688.jpg', NULL, NULL, 0, '', 0, 0, 0, NULL, 0),
(39, 'All', 'Watches', 'allwatches@yahoo.com', '1995-12-23', 0, 'All Watches', '$1$KS3AyQDe$2Qt8hKtiVAg4ytrNxHshG0', NULL, 1, '', '', NULL, NULL, NULL, 0, '', 0, 0, 0, NULL, 0),
(40, 'Fashion', 'Me', 'allfashion@yahoo.com', '1995-02-16', 0, 'All Fashion', '$1$NvmAqGU1$m2EFzjETha.YFS7rlx7D11', NULL, 1, '', '', NULL, NULL, NULL, 0, '', 0, 0, 0, NULL, 0),
(41, 'Basketball', 'Fails', 'nbafails@yahoo.com', '1996-12-22', 0, 'nbaFails', '$1$hY2Ty/ec$GjLVdyPYJW/93rr4cv8bv.', NULL, 1, '.', '', 'veeds_411458190361.jpg', NULL, NULL, 0, '', 0, 0, 0, NULL, 0),
(42, 'Foot', 'Ball', 'somethingfootball@yahoo.com', '1988-10-04', 0, 'somethingFootball', '$1$SagbCYw5$vLBzN./959ICdd3nTomwW/', NULL, 1, '', '', NULL, NULL, NULL, 0, '', 0, 0, 0, NULL, 0),
(43, 'news', 'politics', 'newspolitics@yahoo.com', '1998-12-05', 0, 'NewsPolitics', '$1$q0SGH/aW$2PlscgpSLNADhnNMB5avU0', NULL, 1, '', '', 'veeds_431458194809.jpg', NULL, NULL, 0, '', 0, 0, 0, NULL, 0),
(44, 'techno', 'Tips', 'techno@yahoo.com', '1996-12-04', 0, 'Techno', '$1$Gs4fEooh$k/eCqxDKMOvv3/aECWxvj/', NULL, 1, '', '', NULL, NULL, NULL, 0, '', 0, 0, 0, NULL, 0),
(45, 'Funny', 'Vines', 'funnyvideos@yahoo.com', '0000-00-00', 0, 'Funny Videos', '$1$4Go0HDQq$xF2moIuvmwaZhzsNNfjSr/', NULL, 1, '.', '', 'veeds_451457429111.jpg', NULL, NULL, 0, '', 0, 0, 0, NULL, 0),
(46, 'Basketball', 'Nation', 'basketball@yahoo.com', '0000-00-00', 0, 'Basketball Nation', '$1$/SuH/PWq$O1pUTx6qmbnOir5LTdXGg0', NULL, 1, '', '', 'veeds_461457423818.jpg', NULL, NULL, 0, '', 0, 0, 0, NULL, 0),
(47, 'Leng', 'Del monte', 'cecilledelmonte_11071982@yahoo.com', '0000-00-00', 0, 'chrysanthemum', '$1$x0lLcIqO$Ae2d/sB2/htS..4NOhOZ9.', NULL, 1, '', '', 'veeds_471457941376.jpg', NULL, NULL, 0, 'Philippines', 0, 0, 0, NULL, 0),
(48, 'Amazing', 'Voices', 'amazingvoice@yahoo.com', '0000-00-00', 0, 'Amazing Voices ', '$1$GJ/caw0j$72XNSogKwmnq7n3ptbadO1', NULL, 1, '.\n', '', 'veeds_481457485564.jpg', NULL, NULL, 0, '', 0, 0, 0, NULL, 0),
(49, 'Bajhe', 'Jhe', 'jheesp.ccs@gmail.com', '1990-05-23', 1, 'Jhejhe', '$1$PjGETlDX$gIF7SyJCxdDBhR3hIR/iv0', '', 1, 'ni men hao', '', 'veeds_491496282620.jpg', NULL, NULL, 5, 'Philippines', 1, 0, 1, NULL, 42),
(50, 'Watch', 'out', 'wathchout@yahoo.com', '1994-07-14', 0, 'Watch Out', '$1$BlJdd8o3$Xegz76486rknjuHv3W5UM/', NULL, 1, '', '', 'veeds_501458196510.jpg', NULL, NULL, 0, '', 0, 0, 0, NULL, 0),
(51, 'Surfer', 'Team', 'surfer@yahoo.com', '0000-00-00', 0, 'Surfer Team', '$1$.LlzG0tq$cZAIznqgmd6rZ6jwYdz.b0', NULL, 1, 'Videos credited to the owner.\n', '', 'veeds_511458095884.jpg', NULL, NULL, 0, '', 0, 0, 0, NULL, 0),
(53, 'Interesting', 'Facts', 'enteresting@yahoo.com', '0000-00-00', 0, 'Interesting', '$1$6WfOGtY0$UHBkznhBolLP7po1CGJhe1', NULL, 1, '', '', 'veeds_531458182341.jpg', NULL, NULL, 0, '', 0, 0, 0, NULL, 0),
(54, 'Awesome', 'People', 'awesome@yahoo.com', '0000-00-00', 0, 'Awesome People', '$1$uHEkT1nL$zGqLBqE9kzr8AVh7f2FPp/', NULL, 1, '', '', 'veeds_541458017732.jpg', NULL, NULL, 0, '', 0, 0, 0, NULL, 0),
(55, 'Science', 'Tricks', 'science@yahoo.com', '0000-00-00', 0, 'Science Tricks', '$1$qtjQl0gR$sSvmmQNWzNX/kbBWg6oQ01', NULL, 1, '', '', NULL, NULL, NULL, 0, '', 0, 0, 0, NULL, 0),
(56, 'All About ', 'Cars', 'sportcar@yahoo.com', '0000-00-00', 0, 'Sports Car', '$1$1mDfbR3i$FG1JTlaaylVMyxg9F/Ma21', NULL, 1, 'Credited ', '', 'veeds_561457746483.jpg', NULL, NULL, 0, '', 0, 0, 0, NULL, 0),
(57, 'Science', 'Experiment', 'experiment@yahoo.com', '0000-00-00', 0, 'Science Experiment', '$1$nHCpW1Tj$QEMeFRUJXkSGLLWTERO8k/', NULL, 1, '', '', 'veeds_571458099457.jpg', NULL, NULL, 0, '', 0, 0, 0, NULL, 0),
(58, 'All About', 'Games', 'games@yahoo.com', '0000-00-00', 0, 'GAMES', '$1$LJsjpcSm$pzR7NfNBam4zdepsQvop60', NULL, 1, '', '', NULL, NULL, NULL, 0, '', 0, 0, 0, NULL, 0),
(59, 'Magic', 'Tricks', 'magic@yahoo.com', '0000-00-00', 0, 'Magic Tricks', '$1$M/9BdJtQ$wEyrwzNfGFGrMBlUmseYy0', NULL, 1, '', '', 'veeds_591457743760.jpg', NULL, NULL, 0, '', 0, 0, 0, NULL, 0),
(61, 'its', 'about time', 'qualitystar_po@yahoo.com', '1982-11-04', 1, 'itsabouttime', '$1$MkO83VA9$4JphAsAZqB2kiKqz/oNNb.', NULL, 1, '', '', NULL, NULL, NULL, 0, 'Philippines', 1, 0, 1, NULL, 0),
(62, 'Facts', 'Life', 'facts@yahoo.com', '0000-00-00', 0, 'Facts Of Life', '$1$5DzXKqgu$mDQYeAETcsuQbAlxyG6bV1', NULL, 1, '', '', 'veeds_621457914084.jpg', NULL, NULL, 0, '', 0, 0, 1, NULL, 0),
(63, 'Gadget', 'Technology', 'gadget@yahoo.com', '0000-00-00', 0, 'Gadget Technology', '$1$7WdFvM5D$gun4g6HI3AncaK/965V7y0', NULL, 1, '', '', 'veeds_631457935340.jpg', NULL, NULL, 0, '', 0, 0, 0, NULL, 0),
(64, 'Tricks and ', 'Stunt', 'tricks@yahoo.com', '0000-00-00', 0, 'Tricks and Stunt', '$1$PLmFyVZA$f3xS94346wdylpSOYf64G1', NULL, 1, '', '', NULL, NULL, NULL, 0, '', 0, 0, 0, NULL, 0),
(65, 'Travel', 'World', 'travel@yahoo.com', '0000-00-00', 0, 'Travel World', '$1$dFLDExQh$dSRDHtyEWV2uFQ.yUvKM6/', NULL, 1, '', '', 'veeds_651458107227.jpg', NULL, NULL, 0, '', 0, 0, 0, NULL, 0),
(66, 'Food', 'Documentary', 'food@yahoo.com', '0000-00-00', 0, 'Food Documentary', '$1$L0.UWF3/$yFlK.bX6nGqchQ/0QrYCX/', NULL, 1, '', '', 'veeds_661458107446.jpg', NULL, NULL, 0, '', 0, 0, 0, NULL, 0),
(67, 'Steven', 'Uy', 'snu515@yahoo.com', '1982-05-15', 1, 'steve515', '', NULL, 1, '', '10153511383143716', NULL, NULL, NULL, 0, '', 0, 0, 0, NULL, 0),
(68, 'Sports', 'Team', 'sports@yahoo.com', '0000-00-00', 0, 'Sports', '$1$FC6O5/a2$jNA6x/coxG9AE7E6Mqb3O.', NULL, 1, '', '', 'veeds_681458180761.jpg', NULL, NULL, 0, '', 1, 0, 0, NULL, 0),
(69, 'Rhea', 'Resuello', 'resuellorhea1992@gmail.com', '1990-03-17', 0, 'rhea', '', NULL, 1, '', '1062350687141802', NULL, NULL, NULL, 0, 'Philippines', 0, 0, 0, NULL, 0),
(70, 'Lucy', 'Teng', 'excalibur_mktg@yahoo.com', '1959-12-13', 0, 'excalibur_mktg@yahoo.com', '', NULL, 1, '', '10207156455084375', NULL, NULL, NULL, 0, '', 0, 0, 0, NULL, 0),
(71, 'Optical', 'Illusion', 'optical@yahoo.com', '0000-00-00', 0, 'Optical Illusion', '$1$mznVl0JK$GJ.6eAsdleIMnG2/WLjh..', NULL, 1, '', '', 'veeds_711459129277.jpg', NULL, NULL, 0, '', 0, 0, 0, NULL, 0),
(72, 'Toys', 'Team', 'team@yahoo.com', '1996-03-25', 1, 'TeamToys', '$1$lpFq.hzl$V50yOmKnPVntz9sUWoJuN0', NULL, 1, '', '', 'veeds_721459309889.jpg', NULL, NULL, 0, 'Philippines', 0, 0, 0, NULL, 0),
(73, 'Work', 'Out', 'workout@yahoo.com', '0000-00-00', 0, 'Work Out', '$1$EmCupItG$/91oUnByFsdFdG9FfvKb30', NULL, 1, '', '', 'veeds_731459307476.jpg', NULL, NULL, 0, '', 0, 0, 0, NULL, 0),
(74, 'Fly', 'High', 'flyhigh@yahoo.com', '0000-00-00', 0, 'Fly High', '$1$tQVit/QK$Eu.7wFyiUCT7U31U0twQu0', NULL, 1, '', '', 'veeds_741459318510.jpg', NULL, NULL, 0, '', 0, 0, 0, NULL, 0),
(75, 'Scary', 'Video', 'scaryvideo@yahoo.com', '0000-00-00', 0, 'Scary Video', '$1$e.VVD1MG$Tndyj7IOvkwJITqFDXaVl.', NULL, 1, '', '', 'veeds_751459324604.jpg', NULL, NULL, 0, '', 0, 0, 0, NULL, 0),
(76, 'Fish ', 'World', 'fishworld@yahoo.com', '0000-00-00', 0, 'Fish World', '$1$RZ.Fy9P3$bo6P8G9YR9KYVGs2CdaCM/', NULL, 1, '', '', 'veeds_761459414599.jpg', NULL, NULL, 0, '', 0, 0, 0, NULL, 0),
(77, 'Fashion', 'Accessories', 'accessories@yahoo.com', '0000-00-00', 0, 'Fashion Accessories', '$1$4WT3hutm$2i47c8P2CIfrFd2T.rns40', NULL, 1, '', '', 'veeds_771459493881.jpg', NULL, NULL, 0, '', 0, 0, 0, NULL, 0),
(78, 'Animal', 'World', 'animal@yahoo.com', '0000-00-00', 0, 'Animal World', '$1$KOz08J8y$/.5/lXbsatgpMBdoTbAtE1', NULL, 1, '', '', 'veeds_781459498384.jpg', NULL, NULL, 0, '', 0, 0, 0, NULL, 0),
(79, 'Dance', 'Craze', 'dance@yahoo.com', '0000-00-00', 0, 'DanceCraze', '$1$AuCyuqOo$WVQiFtEk7PFJKnJ1cKae7.', NULL, 1, '', '', 'veeds_791459566858.jpg', NULL, NULL, 0, '', 0, 0, 0, NULL, 0),
(80, 'Baby', 'Videos', 'baby@yahoo.com', '0000-00-00', 0, 'BabyVideos', '$1$bbAWHzGl$do9rYg5yMhsCNoKqaIC7o1', NULL, 1, '', '', 'veeds_801459568526.jpg', NULL, NULL, 0, '', 0, 0, 0, NULL, 0),
(81, 'Lets', 'Shot', 'letshot@yahol.com', '0000-00-00', 0, 'Let Shot', '$1$tNaIMlOF$ftO4dH7s8f5EeIQWeUvFw/', NULL, 1, '''Cocktails Paradise''', '', 'veeds_811459579297.jpg', NULL, NULL, 0, '', 0, 0, 0, NULL, 0),
(82, 'On ', 'Cam', 'oncam@yahoo.com', '0000-00-00', 0, 'On Cam', '$1$VOqtGf5J$Gn8A7YbQ4U6kJ4leGf2Gc/', NULL, 1, '', '', 'veeds_821459582170.jpg', NULL, NULL, 0, '', 0, 0, 0, NULL, 0),
(83, 'ruth', 'Me', 'chavezruth00@gmail.com', '1993-06-03', 0, 'xolovesruthy', '$1$/Aargp28$VWz5KvMVRGQP9f4EVujsS/', NULL, 1, 'coz i feel so empty without me :P\n', '', 'veeds_831460077165.jpg', NULL, NULL, 0, 'Philippines', 0, 0, 1, NULL, 0),
(84, 'Shairy', 'Toroyal', 'shairyorta@yahoo.com', '1983-04-10', 0, 'shairy ', '', NULL, 1, '', '993395827416585', NULL, NULL, NULL, 0, 'American Samoa', 0, 0, 0, NULL, 0),
(85, 'Justin', 'Torres', 'justintorres123@gmail.com', '2000-04-14', 1, 'Justin', '', NULL, 1, '', '881568261954252', NULL, NULL, NULL, 0, '', 1, 0, 1, NULL, 0),
(86, 'coffee', 'cup', 'aa@yahoo.com', '1998-04-16', 0, 'Coffee cup', '$1$HseBwOSh$xcw0llaB7Q5xPSpoJZckm/', NULL, 1, '', '', 'veeds_861460777509.jpg', NULL, NULL, 0, 'Philippines', 0, 0, 1, NULL, 0),
(87, 'Shrey', 'Shah', 'shrey_shah_sunny@yahoo.com', '1993-03-21', 1, 'shreyshah21', '', NULL, 1, '', '10153408204685493', NULL, NULL, NULL, 0, 'India', 0, 0, 1, NULL, 0),
(88, 'sweety', 'Me', 'sweety16@yahoo.com', '1994-04-26', 0, 'sweetyLicious', '$1$Vmwt7V7m$.6HPPIra0Wc/QrhVMRV.6/', NULL, 1, '', '', 'veeds_881460955902.jpg', NULL, NULL, 0, 'Philippines', 0, 0, 1, NULL, 0),
(89, 'kevin', 'ladi', 'iloveskate11@yahoo.com', '0000-00-00', 0, 'skateboarding11', '$1$zJ9sD1jm$loCcVvrlIWqtXhYZo/WCF1', NULL, 1, '', '', NULL, NULL, NULL, 0, '', 0, 0, 1, NULL, 0),
(90, 'kevin', 'ladi', 'kevin_ladi@yahoo.com', '0000-00-00', 0, 'driftingcar11', '$1$AgnUFWl.$fh0uKZSd21P.tDf5I3rGg0', NULL, 1, '', '', NULL, NULL, NULL, 0, '', 0, 0, 1, NULL, 0),
(91, 'guitar', 'man', 'jingle@yahoo.com', '0000-00-00', 0, 'guitarman', '$1$fu/eKw22$VywMpPidjzXTWDdda1YXZ.', NULL, 1, '', '', 'veeds_911460968242.jpg', NULL, NULL, 0, '', 0, 0, 1, NULL, 0),
(92, 'skate', 'boarding', 'ewankosayo@yahoo.com', '0000-00-00', 0, 'skateboarding101', '$1$Zlqunv/T$rVn36myhLE8pyKoqJ/7wY.', NULL, 1, '', '', 'veeds_921460968635.jpg', NULL, NULL, 0, '', 0, 0, 1, NULL, 0),
(93, 'drifting', 'cars', 'drift@yahoo.com', '0000-00-00', 0, 'drifingcars', '$1$dYnANBu1$1bMqi0Vh.zUZhyGRoeFJw1', NULL, 1, '', '', NULL, NULL, NULL, 0, '', 0, 0, 1, NULL, 0),
(94, 'drift', 'cars', 'cars@yahoo.com', '0000-00-00', 0, 'driftingcarss', '$1$bUzLxmJV$z5DD1Z7wPiHeyE3yheMAN1', NULL, 1, '', '', 'veeds_941461027649.jpg', NULL, NULL, 0, '', 0, 0, 1, NULL, 0),
(95, 'basket', 'ballZ', 'basketballz@yahoo.com', '0000-00-00', 0, 'basketballDunk', '$1$J/F1cxrX$15KEDStU90UgH6XqXT.n8/', NULL, 1, '', '', 'veeds_951460969095.jpg', NULL, NULL, 0, '', 0, 0, 1, NULL, 0),
(96, 'surfer', 'waves', 'surfing101@yahoo.com', '0000-00-00', 0, 'wavesandsurf', '$1$2Aiihftt$656kBnwezyiwKC.o33wMu1', NULL, 1, '', '', NULL, NULL, NULL, 0, '', 0, 0, 1, NULL, 0),
(97, 'ride', 'die', 'motorstunt@yahoo.com', '0000-00-00', 0, 'rideordie', '$1$ZhZkDp3o$04EOpR6q496ScEu9AEwMn1', NULL, 1, '', '', 'veeds_971460970233.jpg', NULL, NULL, 0, '', 0, 0, 1, NULL, 0),
(98, 'long', 'board', 'downhill@yahoo.com', '0000-00-00', 0, 'longboarddownhill', '$1$4MdPz1mx$n1pxuogdJuyZZHGpxXK7r.', NULL, 1, '', '', 'veeds_981460970999.jpg', NULL, NULL, 0, '', 0, 0, 1, NULL, 0),
(99, 'fixie', 'whoop', 'fixie@yahoo.com', '0000-00-00', 0, 'fixiewhoop', '$1$7sU.QqKY$X67ao9.LaZGeRf1muNHrM0', NULL, 1, '', '', 'veeds_991460970656.jpg', NULL, NULL, 0, '', 0, 0, 1, NULL, 0),
(100, 'bmx', 'riderz', 'riderz@yahoo.com', '0000-00-00', 0, 'bmxriderz', '$1$XKlRmsmz$5xE/ZALXfsyLnTlix3Ryx.', NULL, 1, '', '', 'veeds_1001461023556.jpg', NULL, NULL, 0, '', 0, 0, 1, NULL, 0),
(101, 'free', 'running', 'parkour@yahoo.com', '0000-00-00', 0, 'parkourstunts', '$1$l5.W0upP$08pGvg.Hx7sgqMhB72oGu1', NULL, 1, '', '', 'veeds_1011461028294.jpg', NULL, NULL, 0, '', 0, 0, 1, NULL, 0),
(102, 'scary', 'prank', 'scaryprank@yahoo.com', '0000-00-00', 0, 'scaryprank', '$1$dWXzn.ae$nWeXUlTX9dI7j6.xxYIBC.', NULL, 1, '', '', 'veeds_1021461029031.jpg', NULL, NULL, 0, '', 0, 0, 1, NULL, 0),
(103, 'tattoo', 'slowmo', 'tattoo@yahoo.com', '0000-00-00', 0, 'slowmotattoo', '$1$kW7DTa1A$SGf2erAbek/3WqDcLMaST/', NULL, 1, '', '', 'veeds_1031461031644.jpg', NULL, NULL, 0, '', 0, 0, 1, NULL, 0),
(104, 'scoo', 'terz', 'scooter@yahoo.com', '0000-00-00', 0, 'scooterz', '$1$s1g.Gv/x$5M34tofWvUVKnY1sL1n9W0', NULL, 1, '', '', 'veeds_1041461029827.jpg', NULL, NULL, 0, '', 0, 0, 1, NULL, 0),
(105, 'slip', 'slide', 'swimming@yahoo.com', '0000-00-00', 0, 'slipNslide', '$1$R9kh.kX2$02nJhjKfP1IMs86QzMvs6/', NULL, 1, '', '', 'veeds_1051461031017.jpg', NULL, NULL, 0, '', 0, 0, 1, NULL, 0),
(106, 'snow', 'boarding', 'snowboarding@yahoo.com', '0000-00-00', 0, 'snowandboard', '$1$21t0SYu7$RzsqrPyXA6Id/0K70/rg00', NULL, 1, '', '', 'veeds_1061461048747.jpg', NULL, NULL, 0, '', 0, 0, 1, NULL, 0),
(107, 'carz', 'show', 'carshow@yahoo.com', '0000-00-00', 0, 'carzshow', '$1$ZOZEK1B5$fnSt1m76bBZe.8fuyTeiA/', NULL, 1, '', '', 'veeds_1071461046978.jpg', NULL, NULL, 0, '', 0, 0, 1, NULL, 0),
(108, 'painting', 'master', 'painting@yahoo.com', '0000-00-00', 0, 'paintingmaster', '$1$ulH61Jak$22vuY0hrcWi4TyUJiEbMg0', NULL, 1, '', '', 'veeds_1081461047540.jpg', NULL, NULL, 0, '', 0, 0, 1, NULL, 0),
(109, 'wow', 'pooltrickz', 'pool@yahoo.com', '0000-00-00', 0, 'wowpooltrickz', '$1$jov5saOD$4yWKGvOVLQ1mxuuRabG1R/', NULL, 1, '', '', 'veeds_1091461048153.jpg', NULL, NULL, 0, '', 0, 0, 1, NULL, 0),
(110, 'jet', 'ski', 'jetski@yahoo.com', '0000-00-00', 0, 'jetskitrickz', '$1$yRdvtiYb$h0PZVZtm2y2LChwRkqw5x0', NULL, 1, '', '', 'veeds_1101461051065.jpg', NULL, NULL, 0, '', 0, 0, 1, NULL, 0),
(111, 'tennis', 'tricks', 'tennis@yahoo.com', '0000-00-00', 0, 'tennisbesttrickshots', '$1$mKB27qko$QchhbcX4pzpEks4OjlF.x/', NULL, 1, '', '', 'veeds_1111461053099.jpg', NULL, NULL, 0, '', 0, 0, 1, NULL, 0),
(112, 'modular', 'furniture', 'modular@yahoo.comn', '0000-00-00', 0, 'modularfurniture', '$1$xQhnT30F$/qLOTnAyLkeDrXi2PyoIT.', NULL, 1, '', '', 'veeds_1121461051600.jpg', NULL, NULL, 0, '', 0, 0, 1, NULL, 0),
(113, 'power', 'kick', 'powerkick@yahoo.com', '0000-00-00', 0, 'powerkicksoccer', '$1$6zvYf7mS$JyR6fddQHpu691ICoRrHO0', NULL, 1, '', '', 'veeds_1131461052082.jpg', NULL, NULL, 0, '', 0, 0, 1, NULL, 0),
(114, 'badmin', 'ton', 'powerspeed@yahoo.com', '0000-00-00', 0, 'speedandpowerbadminton', '$1$iQhc/PGq$NzH6ZHhKQk/ezJqMrTrHL0', NULL, 1, '', '', 'veeds_1141461050608.jpg', NULL, NULL, 0, '', 0, 0, 1, NULL, 0),
(115, 'table', 'saw', 'powertool@yahoo.com', '0000-00-00', 0, 'tablecuttingsaw', '$1$1.JwIg32$.FwqnYys3eHIsXCPIuvVi.', NULL, 1, '', '', 'veeds_1151461052578.jpg', NULL, NULL, 0, '', 0, 0, 1, NULL, 0),
(116, 'cool', 'bartender', 'bartender11@yahoo.com', '0000-00-00', 0, 'coolbartender', '$1$pMH9lmHj$.TfKyAeHlHiZleF/VSnZS1', NULL, 1, '', '', 'veeds_1161461053983.jpg', NULL, NULL, 0, '', 0, 0, 1, NULL, 0),
(117, 'artz', 'graffiti', 'graffiti11@yahoo.com', '0000-00-00', 0, 'graffitiartz', '$1$MdX/uWTV$BVAGwTgqp38eGTRzIOfvW/', NULL, 1, '', '', 'veeds_1171461055054.jpg', NULL, NULL, 0, '', 0, 0, 1, NULL, 0),
(118, 'skate', 'boarding', 'skateboardingfails@yahoo.com', '0000-00-00', 0, 'skateboardingstuntsfails', '$1$NZ5XfLz0$TW6.oBuqhdPof52DaXl2H.', NULL, 1, '', '', 'veeds_1181461056182.jpg', NULL, NULL, 0, '', 0, 0, 1, NULL, 0),
(119, 'snow', 'board', 'snowboarding11@yahoo.com', '0000-00-00', 0, 'snowandboardfails', '$1$kXlDq/NF$.OnIo57ooDs58ZfUfSPnX1', NULL, 1, '', '', 'veeds_1191461112264.jpg', NULL, NULL, 0, '', 0, 0, 1, NULL, 0),
(120, 'jets', 'kie', 'jetskie@yahoo.com', '0000-00-00', 0, 'jetskiefails', '$1$UFcvfoPh$CkBE5o84h8GTXnw2cM/W00', NULL, 1, '', '', 'veeds_1201461111421.jpg', NULL, NULL, 0, '', 0, 0, 1, NULL, 0),
(121, 'heli', 'copter', 'helicopter11@yahoo.com', '0000-00-00', 0, 'HELLicoptertricks', '$1$BrG8RcIk$pULx1.CnQXhN7zb7slRLI.', NULL, 1, '', '', 'veeds_1211461142239.jpg', NULL, NULL, 0, '', 0, 0, 1, NULL, 0),
(122, 'bmx', 'rider', 'BMx11@yahoo.com', '0000-00-00', 0, 'BMXstuntsfails', '$1$QgzeMO.U$7HT4IagEt4h/3YV1IA3kX/', NULL, 1, '', '', 'veeds_1221461139522.jpg', NULL, NULL, 0, '', 0, 0, 1, NULL, 0),
(123, 'drummer', 'jordison', 'bestdrummer11@yahoo.com', '0000-00-00', 0, 'bestdrummer', '$1$hp6/PDro$g0RFL2dy73mKDwEZqBhiS/', NULL, 1, '', '', 'veeds_1231461140186.jpg', NULL, NULL, 0, '', 0, 0, 1, NULL, 0),
(124, 'make', 'bread', 'makeabread11@yahoo.com', '0000-00-00', 0, 'makeabread', '$1$C7FBfUmB$7givBfX6jkaoOYrpQOtCF0', NULL, 1, '', '', 'veeds_1241461049989.jpg', NULL, NULL, 0, '', 0, 0, 1, NULL, 0),
(125, 'mak', 'ing', 'shotgunz@yahoo.com', '0000-00-00', 0, 'makingshotgunz', '$1$WGTT8Rk6$9yeJfgqDIWniQWoJjm3oK1', NULL, 1, '', '', 'veeds_1251461055748.jpg', NULL, NULL, 0, '', 0, 0, 1, NULL, 0),
(127, 'Best', 'Eater', 'besteater@yahoo.com', '1998-04-20', 1, 'Best Eater', '$1$JtKaIGxs$Y199Rbou5lye3HNugCPTw.', NULL, 1, '', '', 'veeds_1271461133837.jpg', NULL, NULL, 0, 'Philippines', 0, 0, 1, NULL, 0),
(129, 'taran', 'tula', 'tarantula@yahoo.com', '0000-00-00', 0, 'giantztarantula', '$1$9TfyXg3B$7fguGfzPMLAm23mNVSkXJ1', NULL, 1, '', '', NULL, NULL, NULL, 0, '', 0, 0, 1, NULL, 0),
(133, 'vape', 'master', 'vape11@yahoo.com', '0000-00-00', 0, 'vapetricksmaster', '$1$vEj34Vh.$9EcR69b7rvoBgNtSzZpXo1', NULL, 1, '', '', 'veeds_1331461202346.jpg', NULL, NULL, 0, '', 0, 0, 1, NULL, 0),
(134, 'samurai', 'master', 'samurai@yahoo.com', '0000-00-00', 0, 'samuraimaster', '$1$VwdXgKDz$ge02vmSOwThI83GZE3mhr.', NULL, 1, '', '', 'veeds_1341461560077.jpg', NULL, NULL, 0, '', 0, 0, 1, NULL, 0),
(135, 'shaolin', 'monk', 'drill11@yahoo.com', '0000-00-00', 0, 'shaolinmonkanddrill', '$1$tVGO5Gq4$E2jSTO9vbMzrpOEl4qtJh/', NULL, 1, '', '', 'veeds_1351461561889.jpg', NULL, NULL, 0, '', 0, 0, 1, NULL, 0),
(136, 'fight', 'die', 'ufc11@yahoo.com', '0000-00-00', 0, 'fightordie', '$1$ZX2j38CL$cy6KrGM7aWq97YT7Hw9S70', NULL, 1, '', '', 'veeds_1361461554773.jpg', NULL, NULL, 0, '', 0, 0, 1, NULL, 0),
(137, 'jet', 'fighter', 'stunt11@yahoo.com', '0000-00-00', 0, 'jetfighterstuntss', '$1$sMjlUAIf$txxnrX9wHjhbkg.puyxZp0', NULL, 1, '', '', NULL, NULL, NULL, 0, '', 0, 0, 1, NULL, 0),
(139, 'hand', 'watch', 'watch11@yahoo.com', '0000-00-00', 0, 'handwatch', '$1$HZW6I1iT$.B/Ddp0HXfeqpqZ0i0djp0', NULL, 1, '', '', 'veeds_1391461556248.jpg', NULL, NULL, 0, '', 0, 0, 1, NULL, 0),
(140, 'Angel', 'Dayap', 'mealt_just21874@yahoo.com', '1986-12-18', 0, 'Angel', '', NULL, 1, '', '10153524915267747', NULL, NULL, NULL, 0, 'Philippines', 0, 0, 1, NULL, 0),
(141, 'insect', 'amazing', 'insects@yahoo.com', '0000-00-00', 0, 'amazinginsects', '$1$eJpj4WDi$oA/gAv7guRC6OYVklgr9r/', NULL, 1, '', '', NULL, NULL, NULL, 0, '', 0, 0, 1, NULL, 0),
(142, 'Make', 'Up', 'make@yahoo.com', '2000-04-25', 0, 'Make Up', '$1$b.SHDrs/$iYOXBDxkfX8yYT1j07Gsp1', NULL, 1, '', '', 'veeds_1421461553220.jpg', NULL, NULL, 0, 'United Kingdom', 0, 0, 1, NULL, 0),
(145, 'Paola', 'Coutinho', 'ittalap@hotmail.com', '1993-03-24', 0, 'Paola', '', NULL, 1, '', '829072213865734', NULL, NULL, NULL, 0, 'Brasil', 0, 0, 1, NULL, 0),
(146, 'kevin', 'ladi', 'iloveskate08@yahoo.com', '0000-00-00', 0, 'iloveskteboarding', '$1$f/NDNZcD$yK7JoopuYezcuPP1es4KW/', NULL, 1, '', '', NULL, NULL, NULL, 0, '', 0, 0, 1, NULL, 0),
(148, 'Camila', 'Araujo', 'camila2011araujo@hotmail.com', '2000-07-17', 0, 'Camilaaraujo', '', NULL, 1, '', '891183961010803', NULL, NULL, NULL, 0, 'Brasil', 0, 0, 1, NULL, 0),
(149, 'lhay ', 'Santos', 'lhayanne.milely@gmail.com', '2001-01-15', 0, 'lhaya', '$1$hS87uwDT$qnSi7qfB6.AhDhc569MXX.', NULL, 1, '', '', NULL, NULL, NULL, 0, 'France', 1, 0, 1, NULL, 0),
(150, 'lorenz', 'marcelo', 'jlmarcelo@myoptimind.com', '0000-00-00', 0, 'kaneki', '$1$P.vIUd4h$oGUENesIp82oZkoINcU750', '', 1, 'hello po', '', 'veeds_1501470626954.jpg', NULL, NULL, 0, 'Philippines', 1, 0, 1, NULL, 0),
(151, 'Lelis', 'Cruz', 'lelisvincentcruz@yahoo.com', '0000-00-00', 1, 'divcruz', '', NULL, 1, '', '10154879185268696', NULL, NULL, NULL, 0, '', 0, 0, 1, NULL, 0),
(153, 'Joshua', 'Del Rosario', 'dmj0shu4@yahoo.com', '1995-10-25', 1, 'dmj0shu4', '', NULL, 1, '', '1032248213489328', NULL, NULL, NULL, 0, 'Philippines', 0, 0, 0, NULL, 0),
(156, 'Rebjon', 'Magada', 'nojber_rebjon@yahoo.com', '1993-02-21', 1, 'rj_21', '', NULL, 1, '', '1295703550456962', NULL, NULL, NULL, 0, 'United States', 0, 0, 1, NULL, 0),
(157, 'Joshua', 'Del Rosario', 'dmj0shua1@gmail.com', '0000-00-00', 0, 'dmj0shua1', '$1$pwWC2Ga9$SF2DlTTwiw6oOly4wbwLy/', NULL, 1, '', '', NULL, NULL, NULL, 0, '', 0, 0, 1, NULL, 0),
(158, 'Joshua', 'Naval', 'jhosh13@ymail.com', '1995-05-01', 1, 'josh1234', '$1$Yh/PPR6n$pXNvvBCRwflW9zITQo1.Q1', NULL, 1, '', '', NULL, NULL, NULL, 0, '', 0, 0, 1, NULL, 0),
(162, 'Jeraldine', 'Espina', '(null)', '0000-00-00', 0, '', '', NULL, 1, '', '1086309031433777', NULL, NULL, NULL, 0, '', 0, 0, 1, NULL, 0),
(163, 'John Patrick', 'Ang', '(null)', '0000-00-00', 1, '', '', NULL, 1, '', '10208951799488185', NULL, NULL, NULL, 0, '', 0, 0, 1, NULL, 0),
(164, 'Ehh Di', 'Shing', 'ehhdishing@yahoo.com', '0000-00-00', 0, 'Ehh Di Shing', '$1$Q1V0tZpp$PbLWfEuzSpEwuo9QhJboK.', NULL, 1, 'Watttta', '', NULL, NULL, NULL, 0, '', 0, 0, 1, NULL, 0),
(165, 'Ehh Di', 'Wow', 'ehhdiwow@yahoo.com', '1996-08-27', 0, 'Ehh Di Wow', '$1$QvUUufte$7tr/Km82GCL8e4cFuCHbm1', NULL, 1, '', '', NULL, NULL, NULL, 0, '', 0, 0, 1, NULL, 0),
(171, 'Moira', 'Allen', '(null)', '1997-11-27', 0, 'moira.allen', '', NULL, 1, '', '652565344917154', NULL, NULL, NULL, 0, '', 0, 0, 1, NULL, 0),
(172, 'amer', 'azmi', 'amer_azmi28@yahoo.com', '1993-01-28', 1, 'amerazmi28', '$1$QP7nj2m5$1K.gVGGRd5r0GLihyfHIN.', NULL, 1, '', '', NULL, NULL, NULL, 0, 'Malaysia', 0, 0, 1, NULL, 0),
(173, 'allen', 'allen', 'ajc123.ac81@gmail.com', '1993-10-10', 1, 'allen', '$1$zQCHNoNe$8.pVp7cym2ZoamQd01MUe/', NULL, 1, '', '', NULL, NULL, NULL, 0, 'Philippines', 0, 0, 1, NULL, 0),
(174, 'test10000', 'Optional(test10000)', 'Optional(test10000@gmail.com)', '0000-00-00', 0, '%test10000', '$1$maqhsZ0O$oFyo6XQkwTgcDqZ8c3j7v0', NULL, 1, '', '', NULL, NULL, NULL, 0, 'Optional(Bosnia ', 0, 0, 1, NULL, 0),
(175, 'test10000', 'test10000', 'test10000@gmail.com', '1987-11-18', 1, 'test10000', '$1$E218EndK$zfHuEywi4fpUWWJ2ZLn490', NULL, 1, '', '', NULL, NULL, NULL, 0, 'Philippines', 0, 0, 1, NULL, 0),
(176, 'test200', 'Optional(test200)', 'Optional(test200@gmail.com)', '0000-00-00', 0, '%test200', '$1$p8XEuWSC$bXm/2aCcM3nwfZyHkgejv1', NULL, 1, '', '', NULL, NULL, NULL, 0, 'Optional(Diego Garcia)', 0, 0, 1, NULL, 0),
(177, 'testuset1', 'Optional(testuser1)', 'Optional(testuser1@gmail.com)', '0000-00-00', 1, '%testuser1', '$1$8lkHWh/6$U9ybnmkJ0ChvBb8ZHT.Wj/', NULL, 1, '', '', NULL, NULL, NULL, 0, 'Optional(Micronesia)', 0, 0, 1, NULL, 0),
(178, 'shim', 'gong', 'mitchvalasotevaleza@gmail.com', '1995-03-02', 0, 'gongshim', '$1$hG.Kglvz$jZDkQ748/TfT5P8fdzcs60', NULL, 1, '', '', NULL, NULL, NULL, 0, '', 0, 0, 1, NULL, 0),
(179, 'Justin', 'Bieber', 'quickflicks2016@gmail.com', '0000-00-00', 0, 'justinbieber', '$1$CX.UBVHE$K87LZLCkekImHItsA6Vqk1', NULL, 1, '', '', NULL, NULL, NULL, 0, '', 0, 0, 1, NULL, 0),
(180, 'Kevin', 'Malande', 'quickflicks@gmail.com', '0000-00-00', 0, 'kevinmalande', '$1$r0zhPt7G$PM6HzTSj2edjRkS2sBYn40', NULL, 1, '', '', NULL, NULL, NULL, 0, '', 0, 0, 1, NULL, 0),
(181, 'Test ', 'User100', 'testuser100@yahoo.com', '0000-00-00', 0, 'testuser100', '$1$Ns8AvTpu$Kex2a91ANMFaK6F8T1pdc/', NULL, 1, '', '', 'veeds_1811490168305.jpg', NULL, NULL, 0, '', 1, 0, 1, NULL, 0),
(182, 'Test', 'User200', 'testuser200@yahoo.com', '0000-00-00', 0, 'testuser200', '$1$nUJq6MCg$GZUQRPzvoRZ7mgYyX5pAm1', NULL, 1, '', '', 'veeds_1821490950412.jpg', 'veeds_1821497855526.png', NULL, 9, '', 1, 0, 1, NULL, 0),
(183, 'Test', 'User300', 'testuser300@yahoo.com', '1987-11-15', 0, 'testuser300', '$1$4cYB1kKH$h4IGAy3Nd5rNCyKC0S1Q9/', NULL, 1, '', '', 'veeds_1831491026007.jpg', 'veeds_1831497855778.png', NULL, 10, 'Bosnia ', 0, 0, 1, NULL, 8),
(184, 'Quik', 'Flik', 'quickflicks2016@gmail.com', '0000-00-00', 1, '', '', NULL, 1, '', '133484067043591', NULL, NULL, NULL, 0, '', 0, 0, 1, NULL, 0),
(185, 'allen', 'crisostomo', 'soulcairo123@gmail.com', '1979-12-27', 1, 'soulcairo123', '$1$WiREnjHo$rf1cfQ2H9SheENM5SDyO./', '', 1, '', '', NULL, NULL, NULL, 0, 'Philippines', 0, 0, 1, NULL, 0),
(188, 'test', 'user', 'Optional(testusername@yahoo.com)', '0000-00-00', 0, 'testusername', '$1$K/1imJD4$T3bt5qWS7s7UD7iGf/Yx40', NULL, 1, '', '', NULL, NULL, NULL, 0, 'Optional(Philippines)', 1, 0, 1, NULL, 0),
(191, 'z', 's', 'a@s.zssk', '0000-00-00', 0, 'b', '$1$6YzWbOyr$/0fP3DP7qMr5v2bZRdF0m.', NULL, 1, '', '', NULL, NULL, NULL, 0, 'Philippines', 0, 0, 1, NULL, 0),
(200, 'Ana Clara', 'Abreu', 'anaclarah.884@icloud.com', '1996-01-29', 1, 'anaaclarinha48', '$1$NFgGb1f9$PNXAbc3FNJpuExR5Hi/xe0', NULL, 1, '', '', NULL, NULL, NULL, 0, 'Brasil', 0, 0, 1, 'QUIKFLIK2477', 0),
(205, 'allenpogi', 'allenpogi', 'ajcrisostomo15@gmail.com', '1985-05-23', 0, 'allenpogi', '$1$I8A0QDAD$BN9oH0D91uqWywcq.9BMs1', NULL, 1, 'huehuehue', '', 'veeds_2051496720858.jpg', 'veeds_2051496893812.png', 'veeds_14968928561496892856.', 13, 'Djibouti', 1, 0, 1, '', 0),
(206, 'mongo', 'chicharon', 'jeraldine_espina14@yahoo.com', '1993-09-22', 0, 'mongochicharon', '$1$lGJO.cTg$4aIY8GqpqNJSYDYbvYr4M0', NULL, 1, 'Chickboy ', '', 'veeds_2061491291827.jpg', NULL, NULL, 0, 'Philippines', 0, 0, 1, '', 0),
(207, 'Amanda', 'Cristina', '(null)', '0000-00-00', 0, '', '', NULL, 1, '', '844300385725947', NULL, NULL, NULL, 0, '', 0, 0, 1, NULL, 0);

-- --------------------------------------------------------

--
-- Table structure for table `veeds_users_block`
--

CREATE TABLE IF NOT EXISTS `veeds_users_block` (
  `user_id` int(11) NOT NULL,
  `user_id_block` int(11) NOT NULL
) ENGINE=InnoDB DEFAULT CHARSET=latin1;

--
-- Dumping data for table `veeds_users_block`
--

INSERT INTO `veeds_users_block` (`user_id`, `user_id_block`) VALUES
(49, 25),
(49, 98),
(49, 98),
(49, 68),
(49, 68),
(205, 36);

-- --------------------------------------------------------

--
-- Table structure for table `veeds_users_devices`
--

CREATE TABLE IF NOT EXISTS `veeds_users_devices` (
  `device_id` int(11) NOT NULL AUTO_INCREMENT,
  `user_id` int(11) DEFAULT NULL,
  `google_device_id` text,
  PRIMARY KEY (`device_id`)
) ENGINE=InnoDB DEFAULT CHARSET=latin1 AUTO_INCREMENT=1 ;

-- --------------------------------------------------------

--
-- Table structure for table `veeds_users_follow`
--

CREATE TABLE IF NOT EXISTS `veeds_users_follow` (
  `user_id` int(11) NOT NULL,
  `user_id_follow` int(11) NOT NULL,
  `approved` int(11) NOT NULL DEFAULT '1'
) ENGINE=InnoDB DEFAULT CHARSET=latin1;

--
-- Dumping data for table `veeds_users_follow`
--

INSERT INTO `veeds_users_follow` (`user_id`, `user_id_follow`, `approved`) VALUES
(2, 5, 1),
(7, 6, 1),
(2, 6, 1),
(5, 2, 1),
(9, 4, 1),
(9, 7, 1),
(9, 1, 1),
(10, 6, 1),
(10, 2, 1),
(10, 7, 1),
(7, 10, 1),
(11, 2, 1),
(13, 4, 1),
(13, 1, 1),
(13, 3, 1),
(13, 2, 1),
(13, 7, 1),
(8, 7, 1),
(8, 6, 1),
(7, 13, 1),
(9, 8, 1),
(13, 8, 1),
(11, 7, 1),
(11, 13, 1),
(11, 5, 1),
(11, 8, 1),
(11, 6, 1),
(2, 10, 0),
(2, 11, 1),
(2, 13, 1),
(15, 13, 1),
(12, 13, 1),
(15, 7, 1),
(20, 11, 1),
(20, 7, 1),
(20, 2, 1),
(20, 8, 1),
(20, 6, 1),
(11, 20, 1),
(27, 11, 1),
(28, 11, 1),
(11, 27, 1),
(11, 28, 1),
(29, 11, 1),
(11, 29, 1),
(31, 11, 1),
(33, 30, 1),
(11, 31, 1),
(37, 11, 1),
(44, 11, 1),
(43, 11, 1),
(41, 11, 1),
(38, 11, 1),
(39, 11, 1),
(35, 11, 1),
(40, 11, 1),
(42, 11, 1),
(33, 11, 1),
(46, 11, 1),
(11, 46, 1),
(11, 44, 1),
(11, 43, 1),
(11, 42, 1),
(11, 41, 1),
(11, 40, 1),
(11, 39, 1),
(11, 38, 1),
(11, 37, 1),
(11, 36, 1),
(11, 35, 1),
(11, 34, 1),
(11, 33, 1),
(51, 11, 1),
(11, 51, 1),
(15, 11, 1),
(11, 15, 1),
(45, 11, 1),
(53, 11, 1),
(11, 45, 1),
(11, 53, 1),
(11, 54, 1),
(57, 11, 1),
(11, 56, 1),
(11, 57, 1),
(8, 11, 1),
(5, 56, 1),
(5, 8, 1),
(5, 11, 1),
(58, 11, 1),
(11, 58, 1),
(59, 11, 1),
(11, 59, 1),
(11, 25, 1),
(61, 11, 1),
(6, 61, 1),
(6, 46, 1),
(63, 11, 1),
(8, 25, 1),
(8, 32, 1),
(8, 40, 1),
(8, 61, 1),
(8, 46, 1),
(8, 34, 1),
(8, 54, 1),
(8, 57, 1),
(8, 31, 1),
(8, 53, 1),
(8, 62, 1),
(8, 35, 1),
(8, 59, 1),
(8, 27, 1),
(8, 41, 1),
(8, 43, 1),
(8, 58, 1),
(8, 30, 1),
(8, 56, 1),
(8, 37, 1),
(8, 38, 1),
(8, 36, 1),
(64, 11, 1),
(11, 62, 1),
(11, 63, 1),
(11, 64, 1),
(11, 61, 1),
(61, 6, 1),
(61, 8, 1),
(11, 48, 1),
(65, 11, 1),
(11, 65, 1),
(66, 11, 1),
(11, 66, 1),
(67, 7, 1),
(67, 10, 0),
(68, 11, 1),
(11, 68, 1),
(70, 6, 1),
(70, 8, 1),
(70, 10, 0),
(70, 7, 1),
(71, 11, 1),
(11, 49, 1),
(11, 71, 1),
(72, 11, 1),
(11, 72, 1),
(73, 11, 1),
(74, 11, 1),
(7, 11, 1),
(7, 12, 1),
(7, 15, 1),
(7, 20, 1),
(7, 67, 1),
(7, 70, 1),
(7, 61, 1),
(76, 11, 1),
(77, 72, 1),
(77, 76, 1),
(77, 11, 1),
(80, 11, 1),
(81, 11, 1),
(82, 11, 1),
(11, 70, 1),
(11, 73, 1),
(11, 74, 1),
(11, 76, 1),
(11, 82, 1),
(11, 81, 1),
(11, 80, 1),
(11, 79, 1),
(11, 78, 1),
(11, 77, 1),
(84, 2, 1),
(72, 77, 1),
(72, 83, 1),
(45, 83, 1),
(45, 49, 1),
(50, 11, 1),
(14, 12, 1),
(85, 13, 1),
(85, 12, 1),
(85, 14, 0),
(86, 11, 1),
(87, 2, 1),
(88, 11, 1),
(91, 11, 1),
(92, 11, 1),
(95, 11, 1),
(97, 11, 1),
(99, 11, 1),
(98, 11, 1),
(100, 11, 1),
(94, 11, 1),
(101, 11, 1),
(102, 11, 1),
(104, 11, 1),
(105, 11, 1),
(103, 11, 1),
(107, 11, 1),
(108, 11, 1),
(109, 11, 1),
(106, 11, 1),
(124, 11, 1),
(114, 11, 1),
(110, 11, 1),
(112, 11, 1),
(115, 11, 1),
(111, 11, 1),
(116, 11, 1),
(117, 11, 1),
(125, 11, 1),
(118, 11, 1),
(120, 11, 1),
(119, 11, 1),
(11, 50, 1),
(122, 11, 1),
(123, 11, 1),
(133, 11, 1),
(11, 86, 1),
(11, 88, 1),
(11, 91, 1),
(11, 94, 1),
(11, 95, 1),
(11, 92, 1),
(11, 97, 1),
(11, 98, 1),
(11, 99, 1),
(11, 100, 1),
(11, 102, 1),
(11, 101, 1),
(11, 103, 1),
(11, 104, 1),
(11, 105, 1),
(11, 106, 1),
(11, 107, 1),
(11, 110, 1),
(11, 109, 1),
(11, 108, 1),
(11, 111, 1),
(11, 112, 1),
(11, 113, 1),
(11, 114, 1),
(11, 115, 1),
(11, 116, 1),
(11, 117, 1),
(11, 118, 1),
(11, 119, 1),
(11, 120, 1),
(11, 122, 1),
(11, 133, 1),
(11, 127, 1),
(11, 125, 1),
(11, 124, 1),
(11, 123, 1),
(11, 3, 1),
(11, 18, 1),
(11, 17, 0),
(13, 14, 0),
(13, 85, 0),
(13, 12, 1),
(11, 14, 0),
(14, 13, 1),
(11, 12, 1),
(140, 14, 1),
(136, 11, 1),
(134, 11, 1),
(88, 45, 1),
(83, 25, 1),
(83, 27, 1),
(83, 28, 1),
(83, 30, 1),
(83, 29, 1),
(83, 31, 1),
(83, 37, 1),
(83, 36, 1),
(83, 38, 1),
(83, 44, 1),
(49, 35, 1),
(137, 11, 1),
(142, 11, 1),
(139, 11, 1),
(135, 11, 1),
(113, 11, 1),
(11, 134, 1),
(11, 135, 1),
(11, 136, 1),
(11, 137, 1),
(11, 139, 1),
(11, 142, 1),
(145, 2, 1),
(48, 11, 1),
(78, 11, 1),
(54, 11, 1),
(127, 11, 1),
(34, 11, 1),
(79, 11, 1),
(62, 11, 1),
(11, 32, 1),
(11, 30, 1),
(148, 2, 1),
(49, 36, 1),
(12, 14, 0),
(12, 85, 0),
(49, 150, 1),
(61, 150, 1),
(157, 83, 1),
(83, 61, 1),
(49, 12, 1),
(56, 11, 1),
(83, 45, 1),
(150, 5, 1),
(150, 133, 1),
(150, 119, 1),
(150, 117, 1),
(150, 118, 1),
(150, 125, 1),
(150, 97, 1),
(150, 94, 1),
(13, 150, 1),
(7, 8, 1),
(12, 9, 1),
(12, 20, 1),
(12, 61, 0),
(12, 45, 1),
(12, 8, 1),
(12, 11, 1),
(12, 15, 1),
(150, 9, 1),
(12, 150, 1),
(150, 3, 1),
(15, 150, 1),
(150, 15, 1),
(150, 12, 1),
(9, 12, 1),
(83, 72, 1),
(83, 49, 1),
(49, 83, 1),
(49, 68, 0),
(180, 49, 1),
(49, 15, 0),
(49, 180, 1),
(49, 11, 1),
(49, 174, 1),
(49, 175, 1),
(49, 176, 1),
(49, 177, 1),
(49, 182, 1),
(49, 49, 1),
(49, 10, 0),
(49, 17, 0),
(49, 53, 1),
(49, 51, 1),
(182, 5, 1),
(182, 7, 1),
(182, 2, 1),
(49, 89, 1),
(49, 77, 1),
(49, 47, 1),
(49, 56, 1),
(49, 99, 1),
(49, 69, 1),
(49, 90, 1),
(49, 100, 1),
(49, 101, 1),
(49, 71, 1),
(49, 21, 1),
(49, 57, 1),
(49, 18, 1),
(49, 102, 1),
(49, 88, 1),
(49, 93, 1),
(49, 96, 1),
(49, 97, 1),
(49, 95, 1),
(49, 30, 1),
(49, 32, 1),
(49, 33, 1),
(49, 80, 1),
(49, 81, 1),
(49, 82, 1),
(49, 91, 1),
(2, 49, 1),
(49, 48, 1),
(183, 14, 0),
(183, 15, 0),
(183, 17, 0),
(183, 12, 0),
(183, 13, 0),
(36, 87, 1),
(49, 188, 0),
(2, 183, 1),
(49, 42, 1),
(49, 44, 1),
(183, 49, 1),
(49, 183, 1),
(45, 183, 1),
(83, 183, 1),
(180, 183, 1),
(183, 68, 0),
(78, 183, 1),
(54, 183, 1),
(179, 183, 1),
(31, 183, 1),
(182, 183, 1),
(182, 49, 1),
(183, 188, 0),
(182, 180, 1),
(182, 179, 1),
(205, 181, 0),
(49, 181, 0),
(205, 49, 1),
(183, 182, 1),
(205, 2, 1),
(205, 183, 1),
(183, 51, 1),
(183, 205, 1),
(182, 205, 1),
(205, 11, 1),
(205, 150, 0),
(205, 12, 0),
(205, 17, 0),
(205, 13, 0),
(205, 8, 1),
(205, 182, 0);

-- --------------------------------------------------------

--
-- Table structure for table `veeds_users_history`
--

CREATE TABLE IF NOT EXISTS `veeds_users_history` (
  `user_id` int(11) NOT NULL,
  `user_id_search` int(11) NOT NULL,
  `search_date` datetime NOT NULL
) ENGINE=InnoDB DEFAULT CHARSET=latin1;

--
-- Dumping data for table `veeds_users_history`
--

INSERT INTO `veeds_users_history` (`user_id`, `user_id_search`, `search_date`) VALUES
(183, 6, '2017-04-24 14:20:04'),
(183, 7, '2017-04-24 14:20:04'),
(183, 8, '2017-04-24 14:20:04'),
(183, 9, '2017-04-24 14:20:04'),
(183, 10, '2017-04-24 14:20:04'),
(183, 6, '2017-04-24 14:22:29'),
(183, 7, '2017-04-24 14:22:29'),
(183, 8, '2017-04-24 14:22:29'),
(183, 9, '2017-04-24 14:22:29'),
(183, 10, '2017-04-24 14:22:29'),
(183, 45, '2017-04-24 14:22:34'),
(183, 46, '2017-04-24 14:22:34'),
(183, 47, '2017-04-24 14:22:34'),
(183, 48, '2017-04-24 14:22:34'),
(183, 49, '2017-04-24 14:22:34'),
(183, 1, '2017-04-24 14:23:30'),
(183, 3, '2017-04-24 14:23:30'),
(183, 4, '2017-04-24 14:23:30'),
(183, 7, '2017-04-24 14:23:30'),
(183, 8, '2017-04-24 14:23:30'),
(183, 10, '2017-04-24 14:23:30'),
(183, 11, '2017-04-24 14:23:30'),
(183, 13, '2017-04-24 14:23:30'),
(183, 15, '2017-04-24 14:23:30'),
(183, 17, '2017-04-24 14:23:30'),
(183, 8, '2017-04-24 14:23:31'),
(183, 10, '2017-04-24 14:23:31'),
(183, 13, '2017-04-24 14:23:31'),
(183, 15, '2017-04-24 14:23:31'),
(183, 35, '2017-04-24 14:23:31'),
(183, 36, '2017-04-24 14:23:31'),
(183, 38, '2017-04-24 14:23:31'),
(183, 44, '2017-04-24 14:23:31'),
(183, 47, '2017-04-24 14:23:31'),
(183, 51, '2017-04-24 14:23:31'),
(183, 13, '2017-04-24 14:23:32'),
(183, 15, '2017-04-24 14:23:32'),
(183, 174, '2017-04-24 14:23:32'),
(183, 175, '2017-04-24 14:23:32'),
(183, 176, '2017-04-24 14:23:32'),
(183, 177, '2017-04-24 14:23:32'),
(183, 181, '2017-04-24 14:23:32'),
(183, 182, '2017-04-24 14:23:32'),
(183, 183, '2017-04-24 14:23:32'),
(183, 188, '2017-04-24 14:23:32'),
(183, 13, '2017-04-24 14:23:32'),
(183, 15, '2017-04-24 14:23:32'),
(183, 174, '2017-04-24 14:23:32'),
(183, 175, '2017-04-24 14:23:32'),
(183, 176, '2017-04-24 14:23:32'),
(183, 177, '2017-04-24 14:23:32'),
(183, 181, '2017-04-24 14:23:32'),
(183, 182, '2017-04-24 14:23:32'),
(183, 183, '2017-04-24 14:23:32'),
(183, 188, '2017-04-24 14:23:32'),
(183, 177, '2017-04-24 14:23:33'),
(183, 181, '2017-04-24 14:23:33'),
(183, 182, '2017-04-24 14:23:33'),
(183, 183, '2017-04-24 14:23:33'),
(183, 188, '2017-04-24 14:23:33'),
(183, 177, '2017-04-24 14:23:33'),
(183, 181, '2017-04-24 14:23:33'),
(183, 182, '2017-04-24 14:23:33'),
(183, 183, '2017-04-24 14:23:33'),
(183, 188, '2017-04-24 14:23:33'),
(183, 177, '2017-04-24 14:23:33'),
(183, 181, '2017-04-24 14:23:33'),
(183, 182, '2017-04-24 14:23:33'),
(183, 183, '2017-04-24 14:23:33'),
(183, 188, '2017-04-24 14:23:33'),
(183, 177, '2017-04-24 14:23:33'),
(183, 181, '2017-04-24 14:23:33'),
(183, 182, '2017-04-24 14:23:33'),
(183, 183, '2017-04-24 14:23:33'),
(183, 188, '2017-04-24 14:23:33'),
(183, 177, '2017-04-24 14:25:09'),
(183, 181, '2017-04-24 14:25:09'),
(183, 182, '2017-04-24 14:25:09'),
(183, 183, '2017-04-24 14:25:09'),
(183, 188, '2017-04-24 14:25:09'),
(181, 1, '2017-04-25 16:58:04'),
(181, 49, '2017-04-25 16:58:04'),
(181, 49, '2017-04-25 16:58:05'),
(181, 49, '2017-04-25 16:58:30'),
(181, 3, '2017-04-25 16:58:56'),
(181, 0, '2017-04-25 16:58:56'),
(181, 0, '2017-04-25 16:58:57'),
(181, 0, '2017-04-25 16:58:58'),
(181, 3, '2017-04-25 16:58:58'),
(181, 1, '2017-04-25 16:58:59'),
(181, 49, '2017-04-25 16:58:59'),
(181, 49, '2017-04-25 16:58:59'),
(181, 49, '2017-04-25 16:59:09'),
(181, 1, '2017-04-25 16:59:21'),
(181, 8, '2017-04-25 16:59:21'),
(181, 0, '2017-04-25 16:59:22'),
(181, 13, '2017-04-25 16:59:22'),
(181, 13, '2017-04-25 16:59:22'),
(181, 13, '2017-04-25 16:59:23'),
(181, 1, '2017-04-26 08:55:13'),
(181, 8, '2017-04-26 08:55:14'),
(181, 13, '2017-04-26 08:55:14'),
(181, 13, '2017-04-26 08:55:18'),
(181, 13, '2017-04-26 08:55:26'),
(181, 13, '2017-04-26 08:55:34'),
(181, 13, '2017-04-26 08:55:34'),
(181, 8, '2017-04-26 08:55:35'),
(181, 1, '2017-04-26 08:55:35'),
(181, 1, '2017-04-26 08:55:37'),
(181, 8, '2017-04-26 08:55:37'),
(181, 35, '2017-04-26 08:55:37'),
(181, 0, '2017-04-26 08:55:38'),
(181, 0, '2017-04-26 08:55:38'),
(181, 0, '2017-04-26 08:55:38'),
(181, 0, '2017-04-26 08:55:39'),
(181, 0, '2017-04-26 08:55:39'),
(181, 0, '2017-04-26 08:55:40'),
(181, 0, '2017-04-26 08:55:40'),
(181, 0, '2017-04-26 08:55:40'),
(181, 0, '2017-04-26 08:55:40'),
(181, 35, '2017-04-26 08:55:40'),
(181, 8, '2017-04-26 08:55:41'),
(181, 13, '2017-04-26 08:55:42'),
(181, 13, '2017-04-26 08:55:43'),
(181, 0, '2017-04-26 08:55:43'),
(181, 13, '2017-04-26 08:55:43'),
(181, 0, '2017-04-26 08:55:44'),
(181, 13, '2017-04-26 08:55:45'),
(181, 177, '2017-04-26 08:55:45'),
(181, 177, '2017-04-26 08:55:50'),
(181, 177, '2017-04-26 08:56:12'),
(181, 1, '2017-04-26 08:58:25'),
(181, 8, '2017-04-26 08:58:27'),
(181, 13, '2017-04-26 08:58:27'),
(181, 13, '2017-04-26 08:58:28'),
(181, 177, '2017-04-26 08:58:28'),
(181, 177, '2017-04-26 08:58:29'),
(181, 177, '2017-04-26 08:58:29'),
(181, 177, '2017-04-26 08:58:29'),
(181, 1, '2017-04-26 08:58:44'),
(181, 0, '2017-04-26 08:58:46'),
(181, 8, '2017-04-26 08:58:46'),
(181, 13, '2017-04-26 08:58:46'),
(181, 13, '2017-04-26 08:58:46'),
(181, 0, '2017-04-26 08:58:46'),
(181, 0, '2017-04-26 08:58:46'),
(181, 13, '2017-04-26 08:58:47'),
(181, 177, '2017-04-26 08:58:48'),
(181, 177, '2017-04-26 08:58:48'),
(181, 177, '2017-04-26 08:58:48'),
(181, 177, '2017-04-26 08:58:49'),
(181, 177, '2017-04-26 08:58:50'),
(181, 177, '2017-04-26 08:58:52'),
(181, 1, '2017-04-26 09:41:09'),
(181, 8, '2017-04-26 09:41:09'),
(181, 13, '2017-04-26 09:41:10'),
(181, 13, '2017-04-26 09:41:10'),
(181, 177, '2017-04-26 09:41:11'),
(181, 177, '2017-04-26 09:41:15'),
(181, 177, '2017-04-26 09:41:16'),
(49, 1, '2017-04-26 10:39:39'),
(49, 13, '2017-04-26 10:39:39'),
(49, 8, '2017-04-26 10:39:39'),
(49, 13, '2017-04-26 10:39:39'),
(49, 13, '2017-04-26 10:39:46'),
(49, 0, '2017-04-26 10:39:47'),
(49, 0, '2017-04-26 10:39:47'),
(49, 0, '2017-04-26 10:39:47'),
(49, 0, '2017-04-26 10:39:48'),
(49, 0, '2017-04-26 10:39:48'),
(49, 0, '2017-04-26 10:39:48'),
(49, 0, '2017-04-26 10:39:48'),
(49, 13, '2017-04-26 10:39:49'),
(49, 13, '2017-04-26 10:39:49'),
(49, 13, '2017-04-26 10:39:50'),
(49, 8, '2017-04-26 10:39:50'),
(49, 1, '2017-04-26 10:39:50'),
(49, 1, '2017-04-26 10:39:51'),
(49, 8, '2017-04-26 10:39:51'),
(49, 13, '2017-04-26 10:39:52'),
(49, 0, '2017-04-26 10:39:52'),
(49, 0, '2017-04-26 10:39:53'),
(49, 0, '2017-04-26 10:39:53'),
(49, 13, '2017-04-26 10:39:53'),
(49, 13, '2017-04-26 10:39:54'),
(49, 177, '2017-04-26 10:39:55'),
(49, 177, '2017-04-26 10:39:55'),
(49, 177, '2017-04-26 10:39:55'),
(49, 177, '2017-04-26 10:44:18'),
(49, 1, '2017-04-26 11:01:40'),
(49, 8, '2017-04-26 11:01:40'),
(49, 1, '2017-04-26 11:01:42'),
(49, 1, '2017-04-26 11:01:45'),
(49, 8, '2017-04-26 11:01:47'),
(49, 35, '2017-04-26 11:01:49'),
(49, 0, '2017-04-26 11:01:49'),
(49, 35, '2017-04-26 11:01:50'),
(49, 8, '2017-04-26 11:01:50'),
(49, 35, '2017-04-26 11:01:51'),
(49, 0, '2017-04-26 11:01:51'),
(49, 35, '2017-04-26 11:01:52'),
(49, 8, '2017-04-26 11:01:52'),
(49, 13, '2017-04-26 11:01:54'),
(49, 1, '2017-04-26 11:02:31'),
(49, 1, '2017-04-26 11:02:35'),
(49, 8, '2017-04-26 11:02:36'),
(49, 13, '2017-04-26 11:02:36'),
(49, 13, '2017-04-26 11:02:36'),
(49, 0, '2017-04-26 11:02:36'),
(49, 0, '2017-04-26 11:02:37'),
(49, 0, '2017-04-26 11:02:37'),
(49, 0, '2017-04-26 11:02:37'),
(49, 0, '2017-04-26 11:02:38'),
(49, 0, '2017-04-26 11:02:38'),
(49, 0, '2017-04-26 11:02:38'),
(49, 0, '2017-04-26 11:02:39'),
(49, 0, '2017-04-26 11:02:39'),
(49, 0, '2017-04-26 11:02:39'),
(49, 0, '2017-04-26 11:02:40'),
(49, 0, '2017-04-26 11:02:40'),
(49, 0, '2017-04-26 11:02:40'),
(49, 0, '2017-04-26 11:02:40'),
(49, 0, '2017-04-26 11:02:41'),
(49, 0, '2017-04-26 11:02:41'),
(49, 0, '2017-04-26 11:02:42'),
(49, 13, '2017-04-26 11:02:42'),
(49, 177, '2017-04-26 11:02:43'),
(49, 177, '2017-04-26 11:03:05'),
(49, 13, '2017-04-26 11:03:33'),
(49, 1, '2017-04-26 11:05:16'),
(49, 8, '2017-04-26 11:05:16'),
(49, 13, '2017-04-26 11:05:18'),
(49, 8, '2017-04-26 11:05:20'),
(49, 1, '2017-04-26 11:05:20'),
(49, 1, '2017-04-26 11:05:20'),
(49, 8, '2017-04-26 11:05:20'),
(49, 13, '2017-04-26 11:05:20'),
(49, 13, '2017-04-26 11:05:20'),
(49, 177, '2017-04-26 11:05:20'),
(49, 177, '2017-04-26 11:05:21'),
(49, 177, '2017-04-26 11:05:21'),
(49, 177, '2017-04-26 11:05:21'),
(49, 177, '2017-04-26 11:05:31'),
(49, 1, '2017-04-26 11:09:08'),
(49, 10, '2017-04-26 11:09:08'),
(49, 15, '2017-04-26 11:09:09'),
(49, 10, '2017-04-26 11:09:09'),
(49, 15, '2017-04-26 11:09:09'),
(49, 15, '2017-04-26 11:09:09'),
(49, 15, '2017-04-26 11:09:20'),
(49, 15, '2017-04-26 11:09:24'),
(49, 15, '2017-04-26 11:09:48'),
(49, 15, '2017-04-26 11:09:52'),
(49, 15, '2017-04-26 11:10:26'),
(183, 1, '2017-04-27 13:47:13'),
(183, 13, '2017-04-27 13:47:14'),
(183, 8, '2017-04-27 13:47:14'),
(183, 13, '2017-04-27 13:47:14'),
(183, 2, '2017-04-27 13:53:56'),
(183, 1, '2017-04-27 13:54:09'),
(183, 1, '2017-04-27 14:00:53'),
(183, 8, '2017-04-27 14:00:53'),
(183, 13, '2017-04-27 14:00:53'),
(183, 1, '2017-04-27 14:18:52'),
(183, 8, '2017-04-27 14:18:58'),
(183, 13, '2017-04-27 14:18:58'),
(183, 13, '2017-04-27 14:19:00'),
(183, 177, '2017-04-27 14:19:02'),
(183, 177, '2017-04-27 14:19:02'),
(183, 177, '2017-04-27 14:19:03'),
(183, 177, '2017-04-27 14:19:03'),
(183, 177, '2017-04-27 14:19:12'),
(183, 177, '2017-04-27 14:19:14'),
(183, 177, '2017-04-27 14:19:14'),
(183, 13, '2017-04-27 14:19:14'),
(183, 8, '2017-04-27 14:19:14'),
(183, 13, '2017-04-27 14:19:14'),
(183, 1, '2017-04-27 14:19:14'),
(183, 1, '2017-04-27 14:19:14'),
(183, 8, '2017-04-27 14:19:15'),
(183, 35, '2017-04-27 14:19:16'),
(183, 35, '2017-04-27 14:19:16'),
(183, 8, '2017-04-27 14:19:17'),
(183, 13, '2017-04-27 14:19:18'),
(183, 13, '2017-04-27 14:19:47'),
(183, 177, '2017-04-27 14:20:22'),
(183, 1, '2017-04-27 14:29:02'),
(183, 8, '2017-04-27 14:29:04'),
(183, 35, '2017-04-27 14:29:05'),
(183, 8, '2017-04-27 14:29:09'),
(183, 13, '2017-04-27 14:29:10'),
(183, 1, '2017-04-27 14:29:32'),
(183, 8, '2017-04-27 14:29:32'),
(183, 13, '2017-04-27 14:29:32'),
(183, 8, '2017-04-27 14:29:39'),
(183, 1, '2017-04-27 14:29:40'),
(183, 1, '2017-04-27 14:29:47'),
(183, 8, '2017-04-27 14:29:49'),
(183, 13, '2017-04-27 14:29:50'),
(183, 1, '2017-04-27 14:44:26'),
(183, 35, '2017-04-27 14:44:26'),
(183, 8, '2017-04-27 14:44:26'),
(183, 35, '2017-04-27 14:44:26'),
(183, 8, '2017-04-27 14:44:26'),
(183, 13, '2017-04-27 14:44:26'),
(183, 13, '2017-04-27 14:44:27'),
(183, 1, '2017-04-27 14:45:26'),
(183, 8, '2017-04-27 14:45:26'),
(183, 13, '2017-04-27 14:45:27'),
(183, 13, '2017-04-27 14:45:29'),
(183, 13, '2017-04-27 14:45:33'),
(183, 177, '2017-04-27 14:45:33'),
(183, 177, '2017-04-27 14:45:34'),
(183, 177, '2017-04-27 14:45:34'),
(183, 177, '2017-04-27 14:45:35'),
(183, 1, '2017-04-27 14:55:54'),
(183, 1, '2017-04-27 14:55:55'),
(183, 1, '2017-04-28 10:57:34'),
(183, 1, '2017-04-28 10:57:34'),
(183, 25, '2017-04-28 10:57:34'),
(183, 8, '2017-04-28 10:57:35'),
(183, 13, '2017-04-28 10:57:35'),
(183, 13, '2017-04-28 10:58:00'),
(183, 13, '2017-04-28 10:58:09'),
(183, 13, '2017-04-28 10:58:12'),
(183, 177, '2017-04-28 10:58:13'),
(183, 177, '2017-04-28 10:58:14'),
(183, 177, '2017-04-28 10:58:14'),
(183, 177, '2017-04-28 10:58:14'),
(2, 1, '2017-04-28 13:44:00'),
(2, 8, '2017-04-28 13:44:00'),
(2, 13, '2017-04-28 13:44:01'),
(2, 13, '2017-04-28 13:44:01'),
(2, 177, '2017-04-28 13:44:06'),
(2, 177, '2017-04-28 13:44:06'),
(2, 177, '2017-04-28 13:44:07'),
(2, 177, '2017-04-28 13:44:07'),
(2, 183, '2017-04-28 13:44:09'),
(183, 1, '2017-04-28 14:06:40'),
(183, 10, '2017-04-28 14:06:41'),
(183, 34, '2017-04-28 14:06:42'),
(183, 171, '2017-04-28 14:06:43'),
(183, 1, '2017-04-28 14:17:38'),
(183, 8, '2017-04-28 14:17:39'),
(183, 35, '2017-04-28 14:17:39'),
(183, 35, '2017-04-28 14:17:41'),
(183, 8, '2017-04-28 14:28:01'),
(183, 13, '2017-04-28 14:28:02'),
(183, 1, '2017-04-28 14:32:16'),
(183, 1, '2017-04-28 14:32:16'),
(183, 8, '2017-04-28 14:32:16'),
(183, 35, '2017-04-28 14:32:16'),
(183, 35, '2017-04-28 14:32:17'),
(183, 8, '2017-04-28 14:32:20'),
(183, 8, '2017-04-28 14:32:29'),
(183, 1, '2017-04-28 14:32:43'),
(183, 1, '2017-04-28 14:34:47'),
(183, 8, '2017-04-28 14:34:50'),
(183, 1, '2017-04-28 14:42:52'),
(183, 8, '2017-04-28 14:42:53'),
(183, 1, '2017-04-28 14:42:54'),
(183, 1, '2017-04-28 14:51:26'),
(183, 1, '2017-04-28 15:02:04'),
(183, 1, '2017-04-28 15:02:07'),
(183, 30, '2017-04-28 15:02:08'),
(183, 1, '2017-04-28 15:03:42'),
(183, 1, '2017-04-28 15:04:10'),
(183, 1, '2017-04-28 15:32:19'),
(183, 8, '2017-04-28 15:32:29'),
(183, 13, '2017-04-28 15:32:29'),
(183, 13, '2017-04-28 15:32:36'),
(183, 177, '2017-04-28 15:32:38'),
(183, 177, '2017-04-28 15:32:40'),
(183, 177, '2017-04-28 15:32:41'),
(183, 177, '2017-04-28 15:32:41'),
(183, 183, '2017-04-28 15:32:43'),
(183, 67, '2017-04-28 15:33:20'),
(183, 1, '2017-04-28 15:38:26'),
(183, 1, '2017-04-28 15:46:16'),
(183, 1, '2017-04-28 15:46:21'),
(183, 8, '2017-04-28 15:46:22'),
(183, 13, '2017-04-28 15:46:23'),
(183, 13, '2017-04-28 15:46:23'),
(183, 1, '2017-04-28 15:50:27'),
(183, 1, '2017-04-28 15:50:35'),
(183, 8, '2017-04-28 15:50:35'),
(183, 35, '2017-04-28 15:50:35'),
(183, 1, '2017-04-28 15:50:49'),
(183, 8, '2017-04-28 15:50:49'),
(183, 13, '2017-04-28 15:50:49'),
(183, 106, '2017-04-28 17:03:11'),
(183, 1, '2017-04-28 17:05:17'),
(183, 1, '2017-04-29 10:45:29'),
(183, 8, '2017-04-29 10:45:30'),
(183, 1, '2017-04-29 11:03:05'),
(205, 1, '2017-05-05 11:54:47'),
(205, 49, '2017-05-05 11:54:48'),
(205, 49, '2017-05-05 11:54:48'),
(205, 1, '2017-05-05 11:56:42'),
(205, 8, '2017-05-05 11:56:42'),
(205, 13, '2017-05-05 11:56:42'),
(205, 13, '2017-05-05 11:56:42'),
(205, 177, '2017-05-05 11:56:42'),
(205, 177, '2017-05-05 11:56:44'),
(205, 177, '2017-05-05 11:56:44'),
(205, 177, '2017-05-05 11:56:44'),
(205, 177, '2017-05-05 11:57:02'),
(182, 1, '2017-05-05 13:30:48'),
(182, 8, '2017-05-05 13:30:48'),
(182, 13, '2017-05-05 13:30:48'),
(182, 13, '2017-05-05 13:30:50'),
(182, 13, '2017-05-05 13:30:52'),
(182, 13, '2017-05-05 13:31:26'),
(49, 1, '2017-05-09 15:48:09'),
(49, 10, '2017-05-09 15:48:10'),
(49, 162, '2017-05-09 15:48:10'),
(49, 162, '2017-05-09 15:48:14'),
(49, 10, '2017-05-09 15:48:14'),
(49, 1, '2017-05-09 15:48:14'),
(49, 1, '2017-05-17 11:41:23'),
(49, 1, '2017-05-17 11:41:43'),
(49, 1, '2017-05-17 11:41:46'),
(49, 1, '2017-05-17 11:41:56'),
(2, 3, '2017-05-24 17:11:16'),
(2, 3, '2017-05-24 17:11:19'),
(2, 1, '2017-05-24 17:11:21'),
(2, 49, '2017-05-24 17:11:22'),
(2, 49, '2017-05-24 17:11:22'),
(205, 3, '2017-05-25 16:16:19'),
(205, 3, '2017-05-25 16:16:24'),
(205, 1, '2017-05-25 16:16:29'),
(205, 49, '2017-05-25 16:16:31'),
(183, 1, '2017-05-26 16:26:07'),
(183, 1, '2017-05-26 16:26:09'),
(183, 1, '2017-05-26 16:26:14'),
(183, 2, '2017-05-26 16:26:15'),
(183, 2, '2017-05-26 16:26:15'),
(183, 2, '2017-05-26 16:26:16'),
(49, 1, '2017-05-30 09:59:09'),
(49, 8, '2017-05-30 09:59:09'),
(2, 1, '2017-05-30 15:59:12'),
(2, 8, '2017-05-30 15:59:13'),
(2, 13, '2017-05-30 15:59:13'),
(2, 13, '2017-05-30 15:59:13'),
(2, 1, '2017-05-30 15:59:25'),
(2, 8, '2017-05-30 15:59:26'),
(2, 13, '2017-05-30 15:59:26'),
(2, 13, '2017-05-30 15:59:26'),
(2, 1, '2017-05-30 15:59:47'),
(2, 8, '2017-05-30 15:59:48'),
(2, 13, '2017-05-30 15:59:48'),
(2, 13, '2017-05-30 15:59:48'),
(2, 13, '2017-05-30 16:00:04'),
(183, 1, '2017-06-02 16:08:50'),
(183, 1, '2017-06-02 16:08:50'),
(183, 1, '2017-06-02 16:08:51'),
(183, 1, '2017-06-02 16:08:55'),
(183, 10, '2017-06-02 16:08:56'),
(183, 1, '2017-06-02 16:28:30'),
(183, 10, '2017-06-02 16:28:31'),
(183, 171, '2017-06-02 16:28:31'),
(183, 34, '2017-06-02 16:28:31'),
(183, 171, '2017-06-02 16:28:31'),
(205, 1, '2017-06-02 17:11:59'),
(205, 1, '2017-06-02 17:12:02'),
(205, 2, '2017-06-02 17:12:03'),
(205, 1, '2017-06-03 10:05:41'),
(205, 8, '2017-06-03 10:05:42'),
(205, 13, '2017-06-03 10:05:43'),
(205, 13, '2017-06-03 10:05:43'),
(205, 13, '2017-06-03 10:05:51'),
(183, 1, '2017-06-03 16:17:04'),
(183, 10, '2017-06-03 16:17:07'),
(183, 34, '2017-06-03 16:17:07'),
(183, 171, '2017-06-03 16:17:07'),
(183, 171, '2017-06-03 16:17:08'),
(205, 1, '2017-06-09 14:17:01'),
(205, 2, '2017-06-09 14:17:02'),
(205, 1, '2017-06-09 14:35:38'),
(205, 2, '2017-06-09 14:35:38'),
(205, 2, '2017-06-09 14:36:00'),
(205, 1, '2017-06-09 14:37:16'),
(205, 2, '2017-06-09 14:37:18'),
(205, 2, '2017-06-09 14:37:25'),
(205, 1, '2017-06-09 14:38:07'),
(205, 2, '2017-06-09 14:38:08'),
(205, 2, '2017-06-09 14:43:04'),
(205, 2, '2017-06-09 14:43:42'),
(205, 1, '2017-06-09 14:44:28'),
(205, 2, '2017-06-09 14:44:29'),
(205, 1, '2017-06-09 14:46:32'),
(205, 2, '2017-06-09 14:46:33'),
(205, 1, '2017-06-09 14:49:09'),
(205, 2, '2017-06-09 14:49:11'),
(205, 1, '2017-06-09 15:51:55'),
(205, 2, '2017-06-09 15:51:56'),
(182, 1, '2017-06-13 14:46:08'),
(182, 34, '2017-06-13 14:46:10'),
(182, 10, '2017-06-13 14:46:10'),
(182, 1, '2017-06-13 15:03:46'),
(182, 10, '2017-06-13 15:03:47'),
(182, 34, '2017-06-13 15:03:47'),
(205, 1, '2017-06-13 15:27:59'),
(205, 1, '2017-06-13 15:28:02'),
(205, 1, '2017-06-13 15:35:43'),
(205, 1, '2017-06-15 13:40:56'),
(205, 8, '2017-06-15 13:40:57'),
(205, 13, '2017-06-15 13:40:57'),
(205, 13, '2017-06-15 13:40:58'),
(205, 13, '2017-06-15 13:50:00'),
(2, 1, '2017-06-16 16:18:49'),
(2, 8, '2017-06-16 16:18:49'),
(2, 13, '2017-06-16 16:18:50'),
(2, 13, '2017-06-16 16:18:50'),
(205, 1, '2017-06-17 13:41:32'),
(205, 8, '2017-06-17 13:41:34'),
(205, 13, '2017-06-17 13:41:34'),
(205, 13, '2017-06-17 13:41:35'),
(205, 1, '2017-06-17 13:49:01'),
(205, 8, '2017-06-17 13:49:01'),
(205, 13, '2017-06-17 13:49:01'),
(205, 13, '2017-06-17 13:49:02'),
(205, 1, '2017-06-17 13:58:06'),
(205, 8, '2017-06-17 13:58:06'),
(205, 13, '2017-06-17 13:58:07'),
(205, 13, '2017-06-17 13:58:07'),
(205, 13, '2017-06-17 13:59:18'),
(205, 1, '2017-06-17 14:02:17'),
(205, 8, '2017-06-17 14:02:18'),
(205, 13, '2017-06-17 14:02:18'),
(205, 13, '2017-06-17 14:02:18'),
(205, 1, '2017-06-17 14:03:03'),
(205, 8, '2017-06-17 14:03:04'),
(205, 35, '2017-06-17 14:03:04'),
(205, 35, '2017-06-17 14:03:06'),
(205, 8, '2017-06-17 14:03:06'),
(205, 1, '2017-06-17 14:07:37'),
(205, 8, '2017-06-17 14:07:37'),
(205, 13, '2017-06-17 14:07:38'),
(205, 1, '2017-06-17 14:12:28'),
(205, 1, '2017-06-17 14:15:45'),
(205, 35, '2017-06-17 14:15:46'),
(205, 8, '2017-06-17 14:15:47'),
(205, 1, '2017-06-17 14:49:19'),
(205, 13, '2017-06-17 14:49:21'),
(205, 8, '2017-06-17 14:49:22'),
(205, 1, '2017-06-17 15:23:42'),
(205, 35, '2017-06-17 15:23:42'),
(205, 8, '2017-06-17 15:23:42'),
(205, 35, '2017-06-17 15:23:48'),
(205, 8, '2017-06-17 15:23:49'),
(205, 13, '2017-06-17 15:23:50'),
(205, 1, '2017-06-17 15:48:45'),
(205, 8, '2017-06-17 15:48:46'),
(205, 8, '2017-06-17 15:50:01'),
(205, 8, '2017-06-17 15:50:20'),
(205, 1, '2017-06-17 15:54:29'),
(205, 8, '2017-06-17 15:54:30'),
(205, 13, '2017-06-17 15:54:30'),
(205, 13, '2017-06-17 15:54:35'),
(205, 13, '2017-06-17 15:57:21'),
(205, 8, '2017-06-17 15:57:21'),
(205, 13, '2017-06-17 15:57:21'),
(205, 1, '2017-06-17 16:20:45'),
(205, 8, '2017-06-17 16:20:46'),
(205, 8, '2017-06-17 16:20:52');

-- --------------------------------------------------------

--
-- Table structure for table `veeds_users_likes`
--

CREATE TABLE IF NOT EXISTS `veeds_users_likes` (
  `user_id` int(11) NOT NULL,
  `user_total_likes` int(11) DEFAULT NULL,
  PRIMARY KEY (`user_id`)
) ENGINE=InnoDB DEFAULT CHARSET=latin1;

-- --------------------------------------------------------

--
-- Table structure for table `veeds_user_devices`
--

CREATE TABLE IF NOT EXISTS `veeds_user_devices` (
  `user_id` int(11) NOT NULL,
  `google_device_id` text NOT NULL
) ENGINE=InnoDB DEFAULT CHARSET=latin1;

--
-- Dumping data for table `veeds_user_devices`
--

INSERT INTO `veeds_user_devices` (`user_id`, `google_device_id`) VALUES
(183, 'djzTl9ZrxW4:APA91bEoRPHdi4KU1tz3ZHQVas6tMNhQPJ7MrRMH70NhWia3nTlCZxngIFsapSVhTEB7yUCATYBtILOlkD-6BtYggMWw0FqrIreSzPXhGQleGscx87BT4_pDJXnWv7WqUOQFZQ9GbQcz'),
(181, 'dUM982qEDH0:APA91bEB73zWJaqNMUWs8AYRs0MJv7f6w7UTY4HdNvq1oqctmWXwFByelrYQO8BSZwsFWs7ikKJfSYT0hN5UdnuiRL4U2w5Sr6eLYzYUxx1Jb4RsDtJz2eWSyOVtEQHeraXnEBHv1018'),
(2, 'cL0QRxkucsk:APA91bF-0iXbf-oCmP1ZsrnxwVoAx0nTB47R8zwHMx_nkohYQHEBiH-YVZe0SgaG5ebbk3GTcgCRNa6hwt0J0TlniC6Jcq-alZYn03cyOMbb6B6XpU724CSerx7AgmeGGW0stplTjW6H'),
(183, 'cZuz9a5l1yc:APA91bGXYTIlWl6xBLBy3A2iJq4mdPz1vldsl0HE9VojiKgLuOxN7xooPVHmgpXT3ddXLQxy2XR--m3pOX308yw_bhSCc99lUl3jVnU3Do5V-OfWg-tARLkfx2Gdo7ujJyEAX8IZiKBr'),
(183, 'dF4cJmom800:APA91bFNFvWnLdcdyX1fDBUjAWBAAudhQqQUvkykMqzKIxxVM8H_FuQH2Q6bUVOFdktCY76i7k21rGlmp5jo1AUDoSNd9SvpuH9_7SncVy39d_fFtthTtFFWoW-gJBAsHd4eDFziI3kJ'),
(199, 'dUM982qEDH0:APA91bEB73zWJaqNMUWs8AYRs0MJv7f6w7UTY4HdNvq1oqctmWXwFByelrYQO8BSZwsFWs7ikKJfSYT0hN5UdnuiRL4U2w5Sr6eLYzYUxx1Jb4RsDtJz2eWSyOVtEQHeraXnEBHv1018'),
(182, 'dl5-txsCGMo:APA91bHKtySOeBvDKWLBxqUwOFgm8ZWWcUwKl7TUu1VCESqzYvo2BF2yKp-9JBXAe5t01ilMPjf4ciIuTN_B2_c7LzpRlUV8MaKw-ej6fF5vjc8Ga5FK7JrNXZ0gcEggJCCsPSX9onPb'),
(49, 'dl5-txsCGMo:APA91bHKtySOeBvDKWLBxqUwOFgm8ZWWcUwKl7TUu1VCESqzYvo2BF2yKp-9JBXAe5t01ilMPjf4ciIuTN_B2_c7LzpRlUV8MaKw-ej6fF5vjc8Ga5FK7JrNXZ0gcEggJCCsPSX9onPb'),
(183, 'fs1kMmkAqac:APA91bE3rH3QjTBKDP79yrZFavJO8zJJCU6HOYCXpNg_2SKKxEx7rAjQIU74HEoIq6Fth7V0oEfBlpQT0cBjYZZoSrxNpAQjlske9j2eBTtjWNvXMt6nOF8iG8C1XRLv-tJL5V2fLU4g'),
(182, 'dOsdpRXaZHc:APA91bEQdTAKCkcAS8ptQYtkXUCfnkMRi93FsoxtN9SuhvdixSGis5oyI9syQn9am54jsiwE9bHpF0vV5td3xAhno-GbdW-ylFmaEsPY6nzNIHT2aa0PjCUppxDRbVi-9nIDInHwtEfa'),
(2, 'dhGbJfmt-Xw:APA91bEHu3bF9suQYmhKcF_Vaoq7027Z5PvxUpJNYPxuInSX1AStzqe0x049COZRuaCEHFsQ8S07mer0NSEd2YggBGlrH5CtsgLd-sbdjBKB2fX2lDVP1DJJQgVcrvUesPSWR1vN70yG'),
(183, 'dhGbJfmt-Xw:APA91bEHu3bF9suQYmhKcF_Vaoq7027Z5PvxUpJNYPxuInSX1AStzqe0x049COZRuaCEHFsQ8S07mer0NSEd2YggBGlrH5CtsgLd-sbdjBKB2fX2lDVP1DJJQgVcrvUesPSWR1vN70yG'),
(183, 'd5ShmCG89zo:APA91bF4JG2AR2ILpLc39YuB43PcEppri2wox-8h0U_JbU9BsCoAlzvkfVA80l4RnrokIij7PSGPCtSibV0GIYTVhm_aEp9a4OxM_9c2KnzRRV4gYGsS48YDlHOBRFYfv9UKA2130pQy'),
(183, 'cenTQzAfNPM:APA91bHGS3T8JRHEHkhbT5jwzSpFptLDs32BCoiXPt0150peWtA_19rRS5VPb9yBYE4IIOPSDCn6XaAipLUplNCidlHL05NAZ9-NbNORKs2kUoIcUqvmNRsgtv1B7wJnYpzzu00q4AW5'),
(183, 'dOsdpRXaZHc:APA91bEQdTAKCkcAS8ptQYtkXUCfnkMRi93FsoxtN9SuhvdixSGis5oyI9syQn9am54jsiwE9bHpF0vV5td3xAhno-GbdW-ylFmaEsPY6nzNIHT2aa0PjCUppxDRbVi-9nIDInHwtEfa'),
(183, ''),
(182, 'fs1kMmkAqac:APA91bE3rH3QjTBKDP79yrZFavJO8zJJCU6HOYCXpNg_2SKKxEx7rAjQIU74HEoIq6Fth7V0oEfBlpQT0cBjYZZoSrxNpAQjlske9j2eBTtjWNvXMt6nOF8iG8C1XRLv-tJL5V2fLU4g'),
(182, ''),
(183, 'dDDxTExecc8:APA91bGF2GubHpWcwLQDlCZNyq9MMhJKD3SPnp46NVh-rVMODL2brWwBQS9j8ns-a-ztcWOdR6Le6j2c4sMiPIiFVQ7Tmx0NcuSPWrRQqAIPm0Sld07lbJta6SKB_5ehTkqhrqx8Y9OG'),
(49, ''),
(27, ''),
(185, ''),
(183, 'c1FSPwmpad8:APA91bEN4NJuAGO-9bUDug-rT0Gw2igBL4i1XMXtTBp5yu32QlYV4Ou0jRw1XGS0JfY7IerXH--Ouwgl4lJZXPCpNJ3SyhH__nWw9Ftxw-k0RfEVtcDKBF8hRpimhXT6iOYSDMlkw_Gr'),
(199, 'c1FSPwmpad8:APA91bEN4NJuAGO-9bUDug-rT0Gw2igBL4i1XMXtTBp5yu32QlYV4Ou0jRw1XGS0JfY7IerXH--Ouwgl4lJZXPCpNJ3SyhH__nWw9Ftxw-k0RfEVtcDKBF8hRpimhXT6iOYSDMlkw_Gr'),
(49, 'c1FSPwmpad8:APA91bEN4NJuAGO-9bUDug-rT0Gw2igBL4i1XMXtTBp5yu32QlYV4Ou0jRw1XGS0JfY7IerXH--Ouwgl4lJZXPCpNJ3SyhH__nWw9Ftxw-k0RfEVtcDKBF8hRpimhXT6iOYSDMlkw_Gr'),
(201, 'dDDxTExecc8:APA91bGF2GubHpWcwLQDlCZNyq9MMhJKD3SPnp46NVh-rVMODL2brWwBQS9j8ns-a-ztcWOdR6Le6j2c4sMiPIiFVQ7Tmx0NcuSPWrRQqAIPm0Sld07lbJta6SKB_5ehTkqhrqx8Y9OG'),
(49, 'dDDxTExecc8:APA91bGF2GubHpWcwLQDlCZNyq9MMhJKD3SPnp46NVh-rVMODL2brWwBQS9j8ns-a-ztcWOdR6Le6j2c4sMiPIiFVQ7Tmx0NcuSPWrRQqAIPm0Sld07lbJta6SKB_5ehTkqhrqx8Y9OG'),
(201, ''),
(202, ''),
(203, ''),
(204, 'c1FSPwmpad8:APA91bEN4NJuAGO-9bUDug-rT0Gw2igBL4i1XMXtTBp5yu32QlYV4Ou0jRw1XGS0JfY7IerXH--Ouwgl4lJZXPCpNJ3SyhH__nWw9Ftxw-k0RfEVtcDKBF8hRpimhXT6iOYSDMlkw_Gr'),
(205, ''),
(206, 'c1FSPwmpad8:APA91bEN4NJuAGO-9bUDug-rT0Gw2igBL4i1XMXtTBp5yu32QlYV4Ou0jRw1XGS0JfY7IerXH--Ouwgl4lJZXPCpNJ3SyhH__nWw9Ftxw-k0RfEVtcDKBF8hRpimhXT6iOYSDMlkw_Gr'),
(205, 'dlCOkqFHASk:APA91bGnEKL7cezzYks0yI7JMtjFyiKlXo0JZO-BTkf80dVR1hOiBTZlHS7Bnx1vygY4f6uxM0ZrfC7w8XdW702fdjSvkPl9QrgJqwYq8qh5hQzQUZwuvYHysTkBwjUOErMR-x1TGayb'),
(179, ''),
(179, 'fy7OuYDk77M:APA91bGxARZ9df8UVrdC7eZpvauXTlCm9w9RS4EXNZJVv-3FxNA4fWuge9bxR9FunSnNb4N_fPv5KY7tCkNDi7qMwBi9RaWqJIdT9yMYz6B5L7AsRFPR5NFeDBsyQjI9ejSeAUhNOUpB'),
(180, ''),
(49, 'dlCOkqFHASk:APA91bGnEKL7cezzYks0yI7JMtjFyiKlXo0JZO-BTkf80dVR1hOiBTZlHS7Bnx1vygY4f6uxM0ZrfC7w8XdW702fdjSvkPl9QrgJqwYq8qh5hQzQUZwuvYHysTkBwjUOErMR-x1TGayb'),
(183, 'eyYTP89gAIg:APA91bH4-cYysRpn-EJeMf2875V38En2Xb-JnqXZIBWqBNSQzmpI6fedUFjXmA1vLdx5ZmF8FDcNVO-HA5Cw7HjNIHlXCBVwKCpvF6jgrORgeilJJGAl3mo-P8jPwbcIAV7pCI3NDTbE'),
(183, 'eZ1mErF7pSo:APA91bF3OWE_YlknBNlUIkC9_yZagZ1h2Mhag5HtiGeXyOevPONwXQiN9lv5GiB5IcMVSEySi-AR_BwlW-xj6Bi2E_UT4O__0wRDXlcuu-MjkzYk93NeHDRzRbedRF5zqMmo5hcDSXaG'),
(183, 'ejiV4no1Un8:APA91bF8h8JhHX_LqMB3ksoLXLnKPBkRlUm2XYI5OzzHOi0yxRZgzOP0rXyV8eX_fDx3wxAIWY9AF8HGnQbLgjMYWsE-2pU-LaG5096nv-TLcwZkfzpQTRnT6aHxG822odE701qZf_67'),
(183, 'cYjZ9HNUTjI:APA91bG8ews0K1bKaSuxdXYyrKShq4-d-H3q2WYirCL9vIUCZA3OboM3z0S0AxNRXdo_xij4a_MWP2087QwlmVlO40bNu9W5jT8NfApo73G1GmS6BO-TmURctQ2nxE4xsC_-EYzLi1ii'),
(183, 'cQouAaiC-UA:APA91bE0Nc_bbzxk1idhLdNOAaNAnlp-HWM6CF9A4X6GNf1Ba5sS6SJ7skiEkbDJK_hWwRuLFpDtF1F5MKyYIUwSUMMAExNi--0NX8W3uCQ8N0BX9R7p8869zwAgLPBEJXV8v6YaBbdy'),
(183, 'dyNg5kGIK7M:APA91bGvQ3PjIHkIjPxxE1p1TisCxJ1UtuOz-EvO2qVFI4LIWQXIvjpR8TRFzvRNJThagPmnsXPGp7FhNp4RRPmEQq5nntGzKP5_DZwaPY8Qmjc7EOKnma9dsUQ_fa1_bZYv1I4jsdnK'),
(182, 'dIy4Pe02Bx4:APA91bH6dCQeoLbasTudCqwb6MD7g2kHEIuHOZjCZP6b-zpLHpadWsihQGfxDzqKShabBhzySBxJr1wPEUg6ObX-N3jV0n0IypsLegdam3dnrB6eeSJ7vCAPOpz7LiNgHENk6oahzrqf'),
(183, 'elq1_1NrsWE:APA91bGXu_6rUqmOAXDGCdHhXPH1uu4JZT2xJqT3Qub2kjPZIlfBeeVN7bbpVReoq6suLi26ub2cXHZADWpSqgoQVluyalSViZVXpbOSrqNsx2EL3uqL5fPhiybufR60Qfuu3bhl-yzl'),
(205, 'cmKTPSBo4fM:APA91bGho2DcMTYhPZJEkyvlXGsewqql9TwIEjJdxF6w8bB7MPXJBbjATxP8hShUcPHlQVbEG8zn-sSzt9nwEss-8jY-2sECh5-e1svLocTiQxk6pedUPvatxeuVwfsI91wTj5ybj5-v'),
(183, 'cpLq8TTxnB8:APA91bHdV01_s-oMF3WxU3dt8v6X7jks3tTNuDLMa9nDYDcVqopOEmFvHG3yZoURGMPnM-ykrrOmcqnR1YbuuSW_NJf3tOEM6aTHjnhDNBSaW0K4B2rUSzUOXYWhb21b9lRcr89R6IWg'),
(181, ''),
(205, 'c28IyFb5Yzc:APA91bHF7SPlfsNum3OS3dXNPM2YGRn6gVb0pkwjliVZ7GSCOORn3mXJe4lCrC-QxLb69Li1Nx9QIa20VA_ivLHnBxJ58pO1HE_K53Rfr8kXSyOHFJBe-bU2qP4khlmyUrNn1kuJZVPg'),
(183, 'dNy54mWRNmk:APA91bHbOOQtkO0eWyqHU2GFMvY67_YJKbwItFZeBKVzngVHdETRMgOgv6srDHOQbGMBlIZlxKc2SBuDcVgYqctIu7imcoEIcPbS2jwM0SusGOiJ13n3Lb9o8Riuotye4srUg5Q2hNoy'),
(183, 'eYLjA2cGJq4:APA91bFAUVdFK1-oUty2IogvGf0ZXuiZYJplF-4gIdYusiHcT5d_hCGolMFjmeavYuotMYhQkEiOqx3vAquH6GJ_H_EhHqZCP3MKl44PH6SCh19BgjjF2NMXgEHqTmAcfvQ6lsSPX2ik'),
(83, ''),
(181, 'dV36gkcVcy8:APA91bFoljbIheRQVilE4ML8lGuY6MFNxWvzkP9bqwDcKf1xg2iFuKdO09RfXxDj2-TXi7VDx_BZRGfK8t8jMCtfsm7op9I8LSdzL6FQmHZWoog9NLGqGKu5cEFEB7f_ytCsED_gpYGG'),
(181, 'cYDqtP2hyZs:APA91bGiZ9fOikpAMvgHJ7PhgWvfUcBOVJ5grxeUk23BJuIh7ToWbkXfwlVMKd1oZKLJuI6lu7sG0yhqqCWBX9l4LzDoEJh5wl9G3HsK2baAwUaHnijOzdNdZSXUgAteluNyBsAmcaOx'),
(2, 'ch0at_iEbYY:APA91bEQZH2Vv0neQ-dQ8L9Ymuwnde-ZzQrWGX_maFyqgnqiwa0zjTriBleYmqCRewdefwkWSwrNV1otd7q_1KXG1CD71rVhLyXNE6csPgUmA59cepAOm2-iIv01kaAX7cqL9XUd7qEt'),
(183, 'esToDdU8-t8:APA91bFc0s9dobdxt1JOvZ29C-U5PPuSzqwhPqX48YeTAhOY9GltBLn7kzjjN7HKam3EZL7krjWqC619N26RPXdHQ1KiPGzSQxTbc4SHmRvQ2_fAJXXkVoFfTodLTrfIgvK5-Fhjv4q7'),
(183, 'c898apI6p6s:APA91bH6tNCFgFs5hppJYwdFKMUamVQqykeIfboSQxiGmMlf8V3vRsX_V_LtNYhldHl2qTyJ8B0x_HRaTzlZLNIjFZp_RL1DHNdcNcZ-Wn7DMYQAyyAn6Wiv_-ie_VkF8wQHJTbPNpoJ'),
(205, 'f9TDt_0xmgE:APA91bFR_Krm0YfJ4b5ca1K9LwrPT_djZwtMKXjKDOUNHBx1seyTCLDZR-xJ4eKL4jSwEP95XQQ-6ISPi0laAo4rBnsp8uFFesNgNDpbcnLVCuxPwWY8V13RhETEUwkvoJk4G1qmGdBQ'),
(205, 'epawdR4n_IM:APA91bH6gPAYLh_oNXXsdurKLhaC8xwPmORLNZE84pTV-fkLPuLTjamH1KgIedQCXKJwpuIRc-t26OHSQNAg25veq2JILeh6xhy3OAWXUoLBau3U237DnKJWUyAmzkpb2Qvg6Bmltmew'),
(2, 'cM8W7GvFEzo:APA91bGoRmrIXJqjfm6Key6UV7tPOy8LGg6EZ7cXTaQVsmkwI7Hx6oTDufMY3mK7Azy_4jS-mgovH3DOnkqxjQaLqXiG3Um45Y9WQ9deC-RvIePn8gJMLMQ3dDhwSrKsLO4XWWA4caEv'),
(183, 'frudbNu2zmE:APA91bGJjsh_DQz-1eAy9PX0Sh7DBzpBfuWIbtUGFTjtz_Q-4jilBazyp032QQIkCqmPTPVyYsN8UrTDAVAV-PqvRbKlORFjzkzoZFH-zz0vKRMLZdJvyxtoESm_Fm3iH2hamNDQH0WU'),
(49, 'diloD08d5rQ:APA91bEXrdiswbBf-TsfXbZamGKt2Ch-d75AA7cP1hyeydZx0FPXhHjv07N_tNsiaYoSnzYAmWBsxmdzRPFiazfewmZS8d_zlEXyn8VsoqK2U-H4FpJOGOf3fyrxzzEErv6gVOtrjuS2'),
(49, 'd7U4WyqfzfI:APA91bH6kUriro9Qoa5P1FuELqUa8HN8akbJAyOoX6LaF7MICyVsKf1uc7FivaCNXu1uOXnRoZRddTrvrUOnn8M8vzVHZmF-uJv1Y4MplWPld808iBxQulsDvZD50M0N8JYalvcgmerH'),
(49, 'fcwbHFVMNBY:APA91bETpxHt7L3vC_xXx1OUoqCYfFvNRJ--YB-vms75JVAQz3Ka4re0EWRIzW5AtFZos4fMcuWA5HaPLl936agwd75dFLPfA5FJ-Feo7pBmxJyPuGyCJfiq0BrNrR7Iw7UwOFnbWXaa'),
(2, ''),
(205, 'fNLoPYukkT4:APA91bFxrXxcT14qDPUBVao1Y-wiZ1botvAuDvG4M0nlwXus-aCRcvvfUbse-8CgcY_gcQgCIWChqQnaEwi_eJmXwvkJpK_zkolOyQRpnLmKSNvy6ZdBe0jekwTRSwePwLe4_Q7gKsk4'),
(205, 'f7I5qExrmLs:APA91bGh8HKtO2oRj9gQ5ZN555Dfykgto8t-mTmww5uXPZ3BpnVYGGOS1ITYj8sN0AWoIk8OJtANjnZ9oP0uwKY7udB3FOSbegK8eleVL2-cxavGvrhpUbUVccdRWewm-2GE8fM43c4b'),
(2, 'fxdZhQrQxe0:APA91bEr5Cy_24BQnGHI--Yj5nQGfyGo6dl510slpu8V3sPjG4E00MjSdV20BQvcUd5n5qVlEsjmavGbV84I-Ce89pRhBtuTQeo1fl8_Sf5_U5NvxF4mlpV1ny6RnmoK8-rGgCqJvDcn'),
(183, 'dS9anUz29NY:APA91bFPb4NVeEzygvmyd5sUE0BgSfH-OEtTps3tpHTUncJd0sivp-hPnXu3drH5h6V6EPtW3tk6mkV6QL5Ecg5GHR9oixfLYgIR4guSczkmHRNzg6BaY8ouTyBtQk16ben12V500Kv1'),
(49, 'fULK-zNI68E:APA91bGsUSUm90cUGbp_JzzXdXQG6qyuBhiauC5KdVpIKwb1mO3kkN6ec6ab3Jbxg_JjQiRBwcTDcaUgFskc02JySk28sQaO5sOc_cu3jDHpM8rxLx2ybsQd4gEFcSymEl_6c4EMMYk_'),
(49, 'cC8bxAr_LuE:APA91bHI1MjEb1DvGd3Lt1uD7SKHNsYeX1dytGEUec8AtkTrpleqQEiCsN21dYsLgNBSgBrTFpc33Qap0GuT9EoHJvYEIXmX7RXexwvBHPqfyaCuEMN4IB7sL6YEmNgzelkF9kaaW9n7'),
(205, 'fcGm3sdW1L0:APA91bH_7MlMmG_Zu3dInS5zrb2o3escRazyw61ihKa7OxkVU5gr-D_FN_oR1QPpxtqr7EdIcepEj_qVZd249o3tdKMo1Gmq5JBzWaObO6z-ZKY7WsCsCl_7qMj8zxVz5D6kAb2mC6E9'),
(183, 'cmCEQf16qfg:APA91bHnkpP25LT-PWbgQJFm6FqFjhKB_0YkG-_x56ivi8n8G_gEiYZHRU-jk5h_5Xr7-xVywP8SkN-Tc5HlVbmx6Fa91bVNAATaxVgtMAuJgJc8NiCTF6-HG2uR7bVUyrbIlTUaTn8T'),
(205, 'dHv51j6gZl8:APA91bFD2pPUAy9beL5vYbin3UwJlqaOhR23q40-yTE3qBZuD3hDbS55EgawuphUi8Lr5q3FMl_3WOGU5QtmBYACOK4uT3AptXb6O2HF6ZISIIGP6nHIxQExHoBSljx4IYUV0N8JNChz'),
(183, 'eiRXQJssb1Q:APA91bEMKU9ztFBvebi37_68jmZJFhS16XPUhnIZh6qdVBOFF4e9vADZZnhJSly4bizivlU1Lpruh-LEeXxjJcKtsb52AWn1E-1u7vTsqAIR1FAGZMiHyK-za2_rDUgyxdKNbzZYafqn'),
(207, '(null)'),
(205, 'd1gqGCeoVdo:APA91bGgr430LsNe_p5IeF6_mZD3gS4_YuqRD1ySFBhja49BbJuFs7Q5B9f_7-LFXUbpW4gZS13kzp0TlyCSmDnrWILdaH9BNynCX4mTckBcaxponYV1ApGO9_PYSILpn9nnAaWdobay'),
(205, 'cmGGMUApjaw:APA91bFX91I_0rNFN-pkke_LQpgohW8lK2MHMLhTdX-t8e7x8LMCgjDhGGE3yE2R0Sf8w-lD-NsvNaeFnT1Ax5K6_Mgjjqgy5CRFze22A8TAnjc-923BBYswTKnzeMFxoS3bfpgTVjeO'),
(205, 'cIVgchma2WI:APA91bF1qhnDlt94CnNFk-IZrHVOhcyOoZGWgpBVPbH2vdkvy2mEPAVoaKtlHL29nk_LyjQea-0pVnq8yW2GYODSk1rS4pEJgFh2OZU56Clq_btU2wzTpQpdLbtjhdntZ3N2yrllXFkQ'),
(205, 'dhY4FrPEbPU:APA91bFE6liKFHH9DmqPXiygBi65VcJx3a_CE5exh0KpjeB8isVTpxG9edoIKOoAWfRlYMpBMFhkqD_c0AEyFz7MRF37-UpT3OK1_H8rl4_OkJQdJylg46ZPPINRFo5U32kTJgJdSKG1'),
(182, 'cIVgchma2WI:APA91bF1qhnDlt94CnNFk-IZrHVOhcyOoZGWgpBVPbH2vdkvy2mEPAVoaKtlHL29nk_LyjQea-0pVnq8yW2GYODSk1rS4pEJgFh2OZU56Clq_btU2wzTpQpdLbtjhdntZ3N2yrllXFkQ'),
(182, 'c88Zc1Uhp0E:APA91bEo6QbquNye4pvKA0ftX6ZzivsmLQIZ6K_9UpBGLAMFVHzb5Es0vvd70gEdq8jX1m5tpwzsuyy5dBTSh-7a9Bizu07iBBj7fR1NXyUaLGBI-W3unx_Bvrah_U6lYKdR3oMXPumT'),
(11, '(null)'),
(183, 'cwRLY7OGXN0:APA91bFmTqgZmkiFxIOP3eM8wpa2PgeBug3ZguHYBsyn9KnZ3IRIVN1VYqXz-TBf0OSOhTHRmaL_TFSt7x21kCIy0E_QPQkB6gaiG4a14FGnzYbaKq8mRdObqOMTVYrR5fAheP9ZKtgS'),
(205, 'fx5WuO3pA5U:APA91bEB-kfDZ_6NTQJYtNXGhx0_bTczMpWCDkkwCMinH-l0TcMv9bfboLgl8gmfeHcY0ZdDU8A7XcaCEVKoveJEY4n-0DAGKs98J54J3xqrLwYJBIU33jUgAjjxmx1HmPe5y8kQqCTv');

-- --------------------------------------------------------

--
-- Table structure for table `veeds_videos`
--

CREATE TABLE IF NOT EXISTS `veeds_videos` (
  `video_id` int(11) NOT NULL AUTO_INCREMENT,
  `video_name` varchar(100) NOT NULL,
  `description` text NOT NULL,
  `video_file` text NOT NULL,
  `user_id` int(11) NOT NULL,
  `video_thumb` text NOT NULL,
  `date_upload` datetime NOT NULL,
  `view_count` int(11) NOT NULL,
  `like_count` int(11) NOT NULL,
  `location` text NOT NULL,
  `video_length` float NOT NULL,
  `landscape_file` text,
  `orientation` int(11) NOT NULL,
  `timestamp` varchar(100) DEFAULT NULL,
  PRIMARY KEY (`video_id`)
) ENGINE=InnoDB  DEFAULT CHARSET=latin1 AUTO_INCREMENT=1916 ;

--
-- Dumping data for table `veeds_videos`
--

INSERT INTO `veeds_videos` (`video_id`, `video_name`, `description`, `video_file`, `user_id`, `video_thumb`, `date_upload`, `view_count`, `like_count`, `location`, `video_length`, `landscape_file`, `orientation`, `timestamp`) VALUES
(1844, '', 'Ruwujssksn ', 'veeds_14937970691493797069.mov', 183, 'veeds_14937970691493797069.png', '2017-05-03 15:37:49', 3, 0, '', 2, 'veeds_l_14937970691493797069.mov', 0, ''),
(1845, '', ' ', 'veeds_14938702971493870297.mov', 183, 'veeds_14938702971493870297.png', '2017-05-04 11:58:17', 0, 0, '', 2, 'veeds_l_14938702971493870297.mov', 0, ''),
(1846, '', ' ', 'veeds_14938809911493880991.mov', 183, 'veeds_14938809911493880991.png', '2017-05-04 14:56:31', 1, 0, '', 2, 'veeds_l_14938809911493880991.mov', 0, ''),
(1847, '', ' ', 'veeds_14938810691493881069.mov', 183, 'veeds_14938810691493881069.png', '2017-05-04 14:57:49', 3, 0, '', 2, 'veeds_l_14938810691493881069.mov', 0, ''),
(1848, '', ' ', 'veeds_14938811941493881194.mov', 183, 'veeds_14938811941493881194.png', '2017-05-04 14:59:54', 1, 0, '', 2, 'veeds_l_14938811941493881194.mov', 0, ''),
(1849, '', ' ', 'veeds_14939520631493952063.mov', 181, 'veeds_14939520631493952063.png', '2017-05-05 10:41:03', 0, 0, '', 2, 'veeds_l_14939520631493952063.mov', 0, ''),
(1850, '', ' ', 'veeds_14939520921493952092.mov', 181, 'veeds_14939520921493952092.png', '2017-05-05 10:41:32', 0, 0, '', 2, 'veeds_l_14939520921493952092.mov', 0, ''),
(1854, '', ' ', 'veeds_14939539091493953909.mov', 205, 'veeds_14939539091493953909.png', '2017-05-05 11:11:49', 1, 0, '', 2, 'veeds_l_14939539091493953909.mov', 0, ''),
(1855, '', 'Sample mo toh. ', 'veeds_14939541581493954158.mov', 181, 'veeds_14939541581493954158.png', '2017-05-05 11:15:58', 0, 0, '', 2, 'veeds_l_14939541581493954158.mov', 0, ''),
(1856, '', ' ', 'veeds_14939739341493973934.mov', 205, 'veeds_14939739341493973934.png', '2017-05-05 16:45:34', 3, 0, '', 2, 'veeds_l_14939739341493973934.mov', 0, ''),
(1857, '', 'Office today. Nag mimirror pa din cya ', 'veeds_14940513361494051336.mov', 2, 'veeds_14940513361494051336.png', '2017-05-06 14:15:36', 0, 0, '', 2, 'veeds_l_14940513361494051336.mov', 0, '149405097846260'),
(1858, 'Tag', ' ', 'veeds_14940540171494054017.mov', 2, 'veeds_14940540171494054017.png', '2017-05-06 15:00:17', 0, 0, 'Location', 2, 'veeds_l_14940540171494054017.mov', 0, '149405377126501'),
(1859, '', 'Second try ', 'veeds_14940559651494055965.mov', 2, 'veeds_14940559651494055965.png', '2017-05-06 15:32:45', 0, 0, '', 2, 'veeds_l_14940559651494055965.mov', 0, '149405570267203'),
(1860, '', 'Ejejsjs ', 'veeds_14942048821494204882.mov', 183, 'veeds_14942048821494204882.png', '2017-05-08 08:54:42', 0, 0, 'Cambridge Cainta, Philippines', 2, 'veeds_l_14942048821494204882.mov', 0, '149420458713354'),
(1861, '@xolovesruthy @kevinmalande', ' ', 'veeds_14943770301494377030.mov', 49, 'veeds_14943770301494377030.png', '2017-05-10 08:43:50', 0, 0, 'Cambridge Cainta, Philippines', 2, 'veeds_l_14943770301494377030.mov', 0, '149437666994275'),
(1862, 'Tag', ' ', 'veeds_14943937421494393742.mov', 49, 'veeds_14943937421494393742.png', '2017-05-10 13:22:22', 0, 0, 'Location', 2, 'veeds_l_14943937421494393742.mov', 0, '149439349876221'),
(1863, '@xolovesruthy @kevinmalande  ', 'Sample sample sample  ', 'veeds_14946463181494646318.mov', 49, 'veeds_14946463181494646318.png', '2017-05-13 11:31:58', 0, 0, 'Cambridge Cainta, Philippines', 2, 'veeds_l_14946463181494646318.mov', 0, ''),
(1864, '@xolovesruthy', 'Weld jekak skakak skakak Malala Malala Malala Malala Malala Malala Malala Allan Malala Malala Malala jakakak kakaka kakaka kakaka kakaka kakaka Jason ', 'veeds_14948137681494813768.mov', 49, 'veeds_14948137681494813768.png', '2017-05-15 10:02:48', 4, 0, 'Cambridge Cainta, Philippines', 2, 'veeds_l_14948137681494813768.mov', 0, ''),
(1865, '', 'HahgahahgahGjanahHAhahbsbshahabza ', 'veeds_14951616021495161602.mov', 49, 'veeds_14951616021495161602.png', '2017-05-19 10:40:02', 4, 0, '', 2, 'veeds_l_14951616021495161602.mov', 0, ''),
(1866, '', ' ', 'veeds_14951619631495161963.mov', 49, 'veeds_14951619631495161963.png', '2017-05-19 10:46:03', 0, 0, '', 2, 'veeds_l_14951619631495161963.mov', 0, '149516161173152'),
(1867, ' ', 'Keep it hot  ', 'veeds_14954379751495437975.mov', 49, 'veeds_14954379751495437975.png', '2017-05-22 15:26:15', 0, 0, 'Cambridge Cainta, Philippines', 2, 'veeds_l_14954379751495437975.mov', 0, ''),
(1868, '', '#hapon ', 'veeds_14956994251495699425.mov', 49, 'veeds_14956994251495699425.png', '2017-05-25 16:03:45', 6, 0, '', 2, 'veeds_l_14956994251495699425.mov', 0, ''),
(1869, '', '#haponNa ', 'veeds_14956994741495699474.mov', 205, 'veeds_14956994741495699474.png', '2017-05-25 16:04:34', 0, 0, '', 2, 'veeds_l_14956994741495699474.mov', 0, ''),
(1871, '', '#hashtagWalangHashtah ', 'veeds_14957012211495701221.mov', 49, 'veeds_14957012211495701221.png', '2017-05-25 16:33:41', 0, 0, '', 2, 'veeds_l_14957012211495701221.mov', 0, ''),
(1881, '', ' ', 'veeds_14957676631495767663.mov', 205, 'veeds_14957676631495767663.png', '2017-05-26 11:01:03', 1, 0, '', 2, 'veeds_l_14957676631495767663.mov', 0, ''),
(1882, '', '#hapon ', 'veeds_14957696101495769610.mov', 205, 'veeds_14957696101495769610.png', '2017-05-26 11:33:30', 1, 0, '', 2, 'veeds_l_14957696101495769610.mov', 0, ''),
(1883, '', ' ', 'veeds_14957713251495771325.mov', 205, 'veeds_14957713251495771325.png', '2017-05-26 12:02:05', 0, 0, '', 2, 'veeds_l_14957713251495771325.mov', 0, ''),
(1884, '', ' ', 'veeds_14957762921495776292.mov', 205, 'veeds_14957762921495776292.png', '2017-05-26 13:24:52', 0, 0, '', 2, 'veeds_l_14957762921495776292.mov', 0, ''),
(1885, '', ' ', 'veeds_14957865501495786550.mov', 2, 'veeds_14957865501495786550.png', '2017-05-26 16:15:50', 2, 0, '', 2, 'veeds_l_14957865501495786550.mov', 1, ''),
(1886, '@testuser200', ' ', 'veeds_14957872661495787266.mov', 183, 'veeds_14957872661495787266.png', '2017-05-26 16:27:46', 3, 0, '', 2, 'veeds_l_14957872661495787266.mov', 0, ''),
(1887, '@testuser200', ' ', 'veeds_14957872801495787280.mov', 183, 'veeds_14957872801495787280.png', '2017-05-26 16:28:00', 4, 0, '', 2, 'veeds_l_14957872801495787280.mov', 0, ''),
(1888, '', ' ', 'veeds_14957874171495787417.mov', 182, 'veeds_14957874171495787417.png', '2017-05-26 16:30:17', 1, 0, '', 2, 'veeds_l_14957874171495787417.mov', 0, ''),
(1889, '', ' ', 'veeds_14957874341495787434.mov', 182, 'veeds_14957874341495787434.png', '2017-05-26 16:30:34', 1, 0, '', 2, 'veeds_l_14957874341495787434.mov', 0, ''),
(1891, '@testuser200', 'Dhsjajqjq ', 'veeds_14958446511495844651.mov', 182, 'veeds_14958446511495844651.png', '2017-05-27 08:24:11', 0, 0, '', 2, 'veeds_l_14958446511495844651.mov', 0, ''),
(1892, '@testuser200', 'Snsjswkwk ', 'veeds_14958450901495845090.mov', 182, 'veeds_14958450901495845090.png', '2017-05-27 08:31:30', 1, 0, '', 2, 'veeds_l_14958450901495845090.mov', 0, ''),
(1895, ' ', 'Zkakakdkskakw ', 'veeds_14958729251495872925.mov', 49, 'veeds_14958729251495872925.png', '2017-05-27 16:15:25', 1, 0, '', 2, 'veeds_l_14958729251495872925.mov', 0, ''),
(1896, '', ' ', 'veeds_14961289661496128966.mov', 183, 'veeds_14961289661496128966.png', '2017-05-30 15:22:46', 2, 0, '', 2, 'veeds_l_14961289661496128966.mov', 0, ''),
(1897, '', ' ', 'veeds_14961290601496129060.', 2, 'veeds_14961290601496129060.png', '2017-05-30 15:24:20', 0, 0, '', 2, NULL, 0, ''),
(1898, '', ' ', 'veeds_14961292671496129267.mov', 2, 'veeds_14961292671496129267.png', '2017-05-30 15:27:47', 3, 0, '', 2, 'veeds_l_14961292671496129267.mov', 0, ''),
(1899, '@testuser300 and @testuser200', 'Test mic  ', 'veeds_14962885541496288554.mov', 49, 'veeds_14962885541496288554.png', '2017-06-01 11:42:34', 0, 0, 'Cambridge Cainta, Philippines', 2, 'veeds_l_14962885541496288554.mov', 0, '149628816540578'),
(1900, '', ' ', 'veeds_14964590451496459045.mov', 2, 'veeds_14964590451496459045.png', '2017-06-03 11:04:05', 5, 0, '', 2, 'veeds_l_14964590451496459045.mov', 0, ''),
(1901, '', ' ', 'veeds_14964592641496459264.mov', 2, 'veeds_14964592641496459264.png', '2017-06-03 11:07:44', 1, 0, '', 2, 'veeds_l_14964592641496459264.mov', 0, ''),
(1902, '', 'Liwanag ng kinabukasan ', 'veeds_14964600361496460036.mov', 205, 'veeds_14964600361496460036.png', '2017-06-03 11:20:36', 1, 0, 'Quezon City Quezon City, Philippines', 2, 'veeds_l_14964600361496460036.mov', 0, ''),
(1903, 'Tag', 'saturday ', 'veeds_14964695131496469513.mov', 183, 'veeds_14964695131496469513.png', '2017-06-03 13:58:33', 0, 0, 'Cambridge Cainta, Philippines', 2, 'veeds_l_14964695131496469513.mov', 0, '149646909677670'),
(1904, '@testuser300', 'Fedjaoa mdlaps Malala nslapsp ldlspqp kflsls ldksksl kdkslal kakaka ldlsksk kakaka lskaksl kdksksk kdksksk kdksksk kdksksk kdksksk kdksksk kdksksk JD ', 'veeds_14966307571496630757.mov', 205, 'veeds_14966307571496630757.png', '2017-06-05 10:45:57', 0, 0, 'Cambridge Cainta, Philippines', 2, 'veeds_l_14966307571496630757.mov', 0, ''),
(1905, '', ' ', 'veeds_14966472101496647210.mov', 205, 'veeds_14966472101496647210.png', '2017-06-05 15:20:10', 0, 0, '', 2, 'veeds_l_14966472101496647210.mov', 0, ''),
(1906, '', ' ', 'veeds_14967998311496799831.mov', 205, 'veeds_14967998311496799831.png', '2017-06-07 09:43:51', 1, 0, '', 2, 'veeds_l_14967998311496799831.mov', 0, ''),
(1910, 'Tag', 'Dnakaoxoamqma ', 'veeds_14969747711496974771.mov', 205, 'veeds_14969747711496974771.png', '2017-06-09 10:19:31', 3, 0, 'Cambridge Cainta, Philippines', 2, 'veeds_l_14969747711496974771.mov', 0, ''),
(1911, '', 'Zmakakdks ', 'veeds_14969747901496974790.mov', 205, 'veeds_14969747901496974790.png', '2017-06-09 10:19:50', 1, 0, '', 2, 'veeds_l_14969747901496974790.mov', 0, ''),
(1912, '', ' ', 'veeds_14969748241496974824.mov', 205, 'veeds_14969748241496974824.png', '2017-06-09 10:20:24', 9, 0, '', 2, 'veeds_l_14969748241496974824.mov', 0, ''),
(1913, '', 'Hey there ', 'veeds_14976008951497600895.mov', 2, 'veeds_14976008951497600895.png', '2017-06-16 16:14:55', 3, 0, '', 2, 'veeds_l_14976008951497600895.mov', 0, ''),
(1914, 'Tag', ' ', 'veeds_14976035371497603537.mov', 182, 'veeds_14976035371497603537.png', '2017-06-16 16:58:57', 0, 0, 'Location', 2, 'veeds_l_14976035371497603537.mov', 0, '149760325308914'),
(1915, '@Jhejhe @testuser200 @allenpogi', ' ', 'veeds_14978620021497862002.mov', 183, 'veeds_14978620021497862002.png', '2017-06-19 16:46:42', 0, 0, '', 2, 'veeds_l_14978620021497862002.mov', 2, '');

-- --------------------------------------------------------

--
-- Table structure for table `veeds_videos_likes`
--

CREATE TABLE IF NOT EXISTS `veeds_videos_likes` (
  `video_id` int(11) NOT NULL,
  `user_id` int(11) NOT NULL,
  `user_id_liker` int(11) NOT NULL,
  `like_type` varchar(30) NOT NULL
) ENGINE=InnoDB DEFAULT CHARSET=latin1;

--
-- Dumping data for table `veeds_videos_likes`
--

INSERT INTO `veeds_videos_likes` (`video_id`, `user_id`, `user_id_liker`, `like_type`) VALUES
(2, 2, 0, ''),
(2, 5, 0, ''),
(1, 5, 0, ''),
(1, 11, 0, ''),
(3, 8, 0, ''),
(12, 7, 0, ''),
(24, 12, 0, ''),
(15, 7, 0, ''),
(26, 11, 0, ''),
(28, 11, 0, ''),
(30, 15, 0, ''),
(3, 20, 0, ''),
(42, 11, 0, ''),
(41, 11, 0, ''),
(44, 33, 0, ''),
(53, 34, 0, ''),
(53, 11, 0, ''),
(45, 11, 0, ''),
(47, 11, 0, ''),
(64, 11, 0, ''),
(63, 11, 0, ''),
(88, 11, 0, ''),
(71, 11, 0, ''),
(62, 11, 0, ''),
(50, 11, 0, ''),
(38, 11, 0, ''),
(104, 11, 0, ''),
(103, 11, 0, ''),
(102, 11, 0, ''),
(87, 11, 0, ''),
(86, 11, 0, ''),
(27, 11, 0, ''),
(29, 11, 0, ''),
(43, 11, 0, ''),
(28, 5, 0, ''),
(101, 5, 0, ''),
(94, 5, 0, ''),
(26, 8, 0, ''),
(27, 8, 0, ''),
(29, 8, 0, ''),
(43, 8, 0, ''),
(103, 8, 0, ''),
(105, 11, 0, ''),
(88, 34, 0, ''),
(125, 11, 0, ''),
(136, 11, 0, ''),
(134, 11, 0, ''),
(133, 11, 0, ''),
(132, 11, 0, ''),
(29, 61, 0, ''),
(27, 61, 0, ''),
(26, 61, 0, ''),
(43, 61, 0, ''),
(138, 61, 0, ''),
(154, 11, 0, ''),
(94, 11, 0, ''),
(101, 11, 0, ''),
(138, 11, 0, ''),
(115, 34, 0, ''),
(200, 11, 0, ''),
(199, 11, 0, ''),
(22, 67, 0, ''),
(20, 67, 0, ''),
(19, 67, 0, ''),
(17, 67, 0, ''),
(16, 67, 0, ''),
(15, 67, 0, ''),
(13, 67, 0, ''),
(9, 67, 0, ''),
(230, 11, 0, ''),
(222, 11, 0, ''),
(230, 41, 0, ''),
(113, 36, 0, ''),
(323, 11, 0, ''),
(43, 71, 0, ''),
(320, 11, 0, ''),
(358, 11, 0, ''),
(355, 11, 0, ''),
(365, 72, 0, ''),
(356, 11, 0, ''),
(363, 11, 0, ''),
(357, 70, 0, ''),
(357, 7, 0, ''),
(364, 77, 0, ''),
(390, 11, 0, ''),
(381, 11, 0, ''),
(409, 11, 0, ''),
(433, 11, 0, ''),
(381, 29, 0, ''),
(437, 46, 0, ''),
(390, 61, 0, ''),
(383, 61, 0, ''),
(177, 61, 0, ''),
(418, 54, 0, ''),
(507, 11, 0, ''),
(503, 72, 0, ''),
(505, 72, 0, ''),
(502, 72, 0, ''),
(381, 45, 0, ''),
(452, 45, 0, ''),
(505, 11, 0, ''),
(278, 14, 0, ''),
(538, 12, 0, ''),
(278, 85, 0, ''),
(31, 85, 0, ''),
(510, 85, 0, ''),
(588, 8, 0, ''),
(585, 8, 0, ''),
(578, 8, 0, ''),
(576, 8, 0, ''),
(572, 8, 0, ''),
(571, 8, 0, ''),
(570, 8, 0, ''),
(569, 8, 0, ''),
(562, 8, 0, ''),
(561, 8, 0, ''),
(560, 8, 0, ''),
(558, 8, 0, ''),
(557, 8, 0, ''),
(612, 8, 0, ''),
(606, 8, 0, ''),
(602, 8, 0, ''),
(14, 14, 0, ''),
(18, 14, 0, ''),
(130, 124, 0, ''),
(655, 118, 0, ''),
(477, 48, 0, ''),
(719, 111, 0, ''),
(23, 14, 0, ''),
(32, 14, 0, ''),
(358, 115, 0, ''),
(358, 88, 0, ''),
(788, 11, 0, ''),
(787, 11, 0, ''),
(785, 11, 0, ''),
(786, 11, 0, ''),
(685, 11, 0, ''),
(610, 11, 0, ''),
(770, 11, 0, ''),
(780, 11, 0, ''),
(779, 11, 0, ''),
(383, 11, 0, ''),
(177, 11, 0, ''),
(789, 11, 0, ''),
(380, 11, 0, ''),
(130, 11, 0, ''),
(790, 11, 0, ''),
(790, 13, 0, ''),
(779, 12, 0, ''),
(790, 12, 0, ''),
(806, 49, 0, ''),
(806, 83, 0, ''),
(807, 133, 0, ''),
(831, 11, 0, ''),
(749, 49, 0, ''),
(652, 49, 0, ''),
(807, 81, 0, ''),
(452, 53, 0, ''),
(563, 77, 0, ''),
(508, 77, 0, ''),
(358, 83, 0, ''),
(976, 49, 0, ''),
(978, 62, 0, ''),
(977, 62, 0, ''),
(381, 62, 0, ''),
(130, 62, 0, ''),
(43, 62, 0, ''),
(29, 62, 0, ''),
(27, 62, 0, ''),
(26, 62, 0, ''),
(885, 49, 0, ''),
(782, 49, 0, ''),
(669, 49, 0, ''),
(606, 49, 0, ''),
(562, 49, 0, ''),
(520, 49, 0, ''),
(381, 83, 0, ''),
(130, 83, 0, ''),
(43, 83, 0, ''),
(29, 83, 0, ''),
(27, 83, 0, ''),
(26, 83, 0, ''),
(381, 49, 0, ''),
(130, 49, 0, ''),
(43, 49, 0, ''),
(29, 49, 0, ''),
(27, 49, 0, ''),
(26, 49, 0, ''),
(505, 49, 0, ''),
(503, 49, 0, ''),
(502, 49, 0, ''),
(977, 49, 0, ''),
(547, 49, 0, ''),
(837, 49, 0, ''),
(381, 36, 0, ''),
(979, 36, 0, ''),
(978, 36, 0, ''),
(807, 36, 0, ''),
(358, 36, 0, ''),
(383, 12, 0, ''),
(278, 150, 0, ''),
(190, 150, 0, ''),
(32, 150, 0, ''),
(25, 150, 0, ''),
(1059, 12, 0, ''),
(510, 12, 0, ''),
(1060, 14, 0, ''),
(1073, 12, 0, ''),
(1014, 49, 0, ''),
(1058, 49, 0, ''),
(383, 49, 0, ''),
(380, 49, 0, ''),
(177, 49, 0, ''),
(138, 49, 0, ''),
(136, 49, 0, ''),
(1081, 49, 0, ''),
(1058, 150, 0, ''),
(383, 150, 0, ''),
(380, 150, 0, ''),
(177, 150, 0, ''),
(138, 150, 0, ''),
(1071, 150, 0, ''),
(1070, 150, 0, ''),
(1015, 49, 0, ''),
(381, 61, 0, ''),
(380, 61, 0, ''),
(136, 61, 0, ''),
(1015, 83, 0, ''),
(1032, 49, 0, ''),
(736, 49, 0, ''),
(725, 49, 0, ''),
(979, 83, 0, ''),
(978, 83, 0, ''),
(1076, 83, 0, ''),
(807, 83, 0, ''),
(1059, 49, 0, ''),
(505, 157, 0, ''),
(1058, 83, 0, ''),
(383, 83, 0, ''),
(136, 83, 0, ''),
(177, 83, 0, ''),
(138, 83, 0, ''),
(380, 83, 0, ''),
(1091, 83, 0, ''),
(1090, 83, 0, ''),
(1089, 83, 0, ''),
(1088, 83, 0, ''),
(1087, 83, 0, ''),
(1085, 83, 0, ''),
(1084, 83, 0, ''),
(1081, 83, 0, ''),
(1080, 83, 0, ''),
(1079, 83, 0, ''),
(1078, 83, 0, ''),
(1075, 83, 0, ''),
(1074, 83, 0, ''),
(1073, 83, 0, ''),
(1072, 83, 0, ''),
(1071, 83, 0, ''),
(1070, 83, 0, ''),
(1069, 83, 0, ''),
(1068, 83, 0, ''),
(1067, 83, 0, ''),
(1079, 49, 0, ''),
(996, 49, 0, ''),
(946, 49, 0, ''),
(903, 49, 0, ''),
(764, 49, 0, ''),
(706, 49, 0, ''),
(623, 49, 0, ''),
(639, 49, 0, ''),
(1118, 83, 0, ''),
(1091, 49, 0, ''),
(1087, 49, 0, ''),
(1088, 49, 0, ''),
(1063, 150, 0, ''),
(1071, 12, 0, ''),
(1076, 12, 0, ''),
(1072, 12, 0, ''),
(1134, 12, 0, ''),
(1130, 12, 0, ''),
(1135, 12, 0, ''),
(1134, 150, 0, ''),
(1139, 150, 0, ''),
(935, 150, 0, ''),
(1138, 49, 0, ''),
(1139, 49, 0, ''),
(1140, 150, 0, ''),
(1148, 150, 0, ''),
(1149, 49, 0, ''),
(1148, 49, 0, ''),
(1150, 181, 0, ''),
(1149, 181, 0, ''),
(1139, 181, 0, ''),
(1146, 181, 0, ''),
(1145, 181, 0, ''),
(1138, 181, 0, ''),
(358, 181, 0, ''),
(807, 181, 0, ''),
(978, 181, 0, ''),
(979, 181, 0, ''),
(1076, 181, 0, ''),
(1147, 49, 0, ''),
(1170, 49, 0, ''),
(1194, 49, 0, ''),
(1117, 78, 0, ''),
(1112, 80, 0, ''),
(1204, 183, 0, ''),
(1203, 183, 0, ''),
(1195, 49, 0, ''),
(1206, 49, 0, ''),
(1206, 49, 0, ''),
(1206, 49, 0, ''),
(1206, 49, 0, ''),
(1206, 49, 0, ''),
(1206, 49, 0, ''),
(1206, 49, 0, ''),
(1206, 49, 0, ''),
(1206, 49, 0, ''),
(1198, 49, 0, ''),
(1217, 49, 0, ''),
(1218, 49, 0, ''),
(1218, 181, 0, ''),
(1217, 181, 0, ''),
(1216, 181, 0, ''),
(1218, 183, 0, ''),
(1217, 183, 0, ''),
(1216, 183, 0, ''),
(1229, 49, 0, ''),
(1228, 49, 0, ''),
(1226, 49, 0, ''),
(1231, 49, 0, ''),
(1230, 49, 0, ''),
(1232, 49, 0, ''),
(1239, 49, 0, ''),
(1241, 49, 0, ''),
(1240, 49, 0, ''),
(1235, 49, 0, ''),
(1244, 2, 0, ''),
(1243, 2, 0, ''),
(1245, 2, 0, ''),
(1247, 49, 0, ''),
(1248, 49, 0, ''),
(1249, 49, 0, ''),
(1244, 49, 0, ''),
(1238, 49, 0, ''),
(1237, 49, 0, ''),
(1250, 49, 0, ''),
(1250, 49, 0, ''),
(1271, 49, 0, ''),
(1272, 49, 0, ''),
(1273, 49, 0, ''),
(1274, 49, 0, ''),
(1271, 183, 0, ''),
(1272, 183, 0, ''),
(1273, 183, 0, ''),
(1275, 49, 0, ''),
(1289, 49, 0, ''),
(1287, 49, 0, ''),
(1293, 49, 0, ''),
(1296, 49, 0, ''),
(1295, 49, 0, ''),
(1291, 49, 0, ''),
(1299, 49, 0, ''),
(1301, 49, 0, ''),
(1306, 183, 0, ''),
(1307, 183, 0, ''),
(1309, 183, 0, ''),
(1310, 49, 0, ''),
(1306, 49, 0, ''),
(1310, 183, 183, 'Like'),
(1312, 183, 183, 'Angry'),
(1314, 49, 183, 'Like'),
(1313, 49, 2, 'Like'),
(1314, 183, 183, 'Angry'),
(1322, 183, 183, 'Angry'),
(1321, 183, 183, 'Angry'),
(1318, 183, 183, 'Liked'),
(1315, 183, 183, 'Happy'),
(1334, 49, 49, 'Wow'),
(1335, 49, 49, 'Heart'),
(1337, 49, 49, 'Heart'),
(1339, 49, 49, 'Liked'),
(1341, 49, 49, 'Sad'),
(1336, 49, 49, 'Wow'),
(1342, 49, 183, 'Liked'),
(1363, 183, 183, 'Heart'),
(1364, 183, 183, 'Liked'),
(1366, 183, 183, 'Liked   '),
(1367, 183, 183, 'Sad'),
(1369, 183, 183, 'Wow'),
(1368, 183, 183, 'Wow'),
(1371, 183, 183, 'Wow'),
(1365, 183, 183, 'Sad'),
(1362, 49, 183, 'Sad'),
(1374, 183, 183, 'Happy'),
(1370, 183, 183, 'Happy'),
(1385, 183, 49, 'Liked'),
(1393, 49, 183, 'Angry'),
(1392, 49, 183, 'Sad'),
(1391, 183, 183, 'Sad'),
(1389, 49, 183, 'Liked'),
(1398, 49, 49, 'Wow'),
(1396, 49, 49, 'Sad'),
(1400, 183, 183, 'Angry'),
(1399, 183, 183, 'Sad'),
(1397, 49, 183, 'Heart'),
(1405, 183, 49, 'Sad'),
(1421, 49, 183, 'Liked'),
(1422, 49, 183, 'Liked'),
(1425, 183, 183, 'Liked'),
(1425, 183, 49, 'Liked'),
(1424, 49, 49, 'Liked'),
(1424, 49, 183, 'Liked'),
(1423, 49, 183, 'Angry'),
(1420, 2, 183, 'Heart'),
(1423, 49, 49, 'Liked'),
(1422, 49, 49, 'Liked'),
(1429, 2, 2, 'Happy'),
(1428, 183, 183, 'Liked'),
(1427, 183, 183, 'Happy'),
(1475, 183, 183, 'Liked'),
(1476, 183, 183, 'Liked'),
(1477, 183, 183, 'Liked'),
(1474, 183, 183, 'Liked'),
(1466, 2, 183, 'Liked'),
(1465, 2, 183, 'Liked'),
(1464, 2, 183, 'Liked'),
(1463, 2, 183, 'Liked'),
(1462, 2, 183, 'Liked'),
(1461, 2, 183, 'Liked'),
(1460, 183, 183, 'Liked'),
(1441, 2, 183, 'Liked'),
(1484, 2, 2, 'Like'),
(1484, 2, 183, 'Liked'),
(1478, 183, 183, 'Angry'),
(1479, 183, 183, 'Wow'),
(1480, 183, 183, 'Sad'),
(1490, 183, 183, 'Sad'),
(1487, 183, 183, 'Liked'),
(1493, 183, 183, 'Liked'),
(1483, 2, 183, 'Liked'),
(1497, 183, 183, 'Liked'),
(1511, 49, 49, 'Happy'),
(1503, 183, 49, 'Liked'),
(1528, 183, 183, 'Liked'),
(1527, 183, 183, 'Liked'),
(1526, 183, 183, 'Wow'),
(1533, 183, 183, 'Sad'),
(1535, 183, 183, 'Angry'),
(1534, 183, 183, 'Heart'),
(1531, 183, 183, 'Happy'),
(1530, 183, 183, 'Sad'),
(1538, 183, 183, 'Liked'),
(1539, 183, 183, 'Liked'),
(1540, 183, 183, 'Liked'),
(1541, 49, 49, 'Like'),
(1540, 183, 49, 'Angry'),
(1567, 183, 183, 'Wow'),
(1566, 49, 183, 'Happy'),
(1569, 183, 183, 'Sad'),
(1558, 49, 183, 'Liked'),
(1553, 49, 183, 'Liked'),
(1560, 49, 183, 'Sad'),
(1577, 183, 183, 'Liked'),
(1581, 183, 183, 'Liked'),
(1615, 183, 183, 'Wow'),
(1622, 183, 183, 'Happy'),
(1641, 183, 183, 'Liked'),
(1640, 183, 183, 'Liked'),
(1639, 183, 183, 'Liked'),
(1640, 183, 49, 'Liked'),
(1641, 183, 49, 'Liked'),
(1639, 183, 83, 'Liked'),
(1639, 183, 45, 'Liked'),
(1639, 183, 180, 'Liked'),
(1640, 183, 181, 'Liked'),
(1641, 183, 181, 'Wow'),
(1640, 183, 180, 'Happy'),
(1640, 183, 78, 'Sad'),
(1641, 183, 78, 'Wow'),
(1641, 183, 54, 'Liked'),
(1641, 183, 182, 'Angry'),
(1640, 183, 182, 'Happy'),
(1640, 183, 179, 'Angry'),
(1641, 183, 179, 'Happy'),
(1640, 183, 31, 'Heart'),
(1641, 183, 31, 'Angry'),
(1642, 183, 183, 'Liked'),
(1642, 183, 49, 'Liked'),
(1647, 49, 183, 'Liked'),
(1657, 183, 49, 'Liked'),
(1656, 183, 49, 'Liked'),
(1656, 183, 49, 'Liked'),
(1656, 183, 49, 'Liked'),
(1656, 183, 49, 'Liked'),
(1656, 183, 49, 'Liked'),
(1656, 183, 49, 'Liked'),
(1656, 183, 49, 'Liked'),
(1656, 183, 49, 'Liked'),
(1656, 183, 49, 'Liked'),
(1656, 183, 49, 'Liked'),
(1656, 183, 49, 'Liked'),
(1656, 183, 49, 'Liked'),
(1656, 183, 49, 'Liked'),
(1656, 183, 49, 'Liked'),
(1656, 183, 49, 'Liked'),
(1656, 183, 49, 'Liked'),
(1656, 183, 49, 'Liked'),
(1656, 183, 49, 'Liked'),
(1656, 183, 49, 'Liked'),
(1656, 183, 49, 'Liked'),
(1656, 183, 49, 'Liked'),
(1656, 183, 49, 'Liked'),
(1656, 183, 49, 'Liked'),
(1656, 183, 49, 'Liked'),
(1656, 183, 49, 'Liked'),
(1656, 183, 49, 'Liked'),
(1656, 183, 49, 'Liked'),
(1656, 183, 49, 'Liked'),
(1656, 183, 49, 'Liked'),
(1656, 183, 49, 'Liked'),
(1656, 183, 49, 'Liked'),
(1656, 183, 49, 'Liked'),
(1656, 183, 49, 'Liked'),
(1656, 183, 49, 'Liked'),
(1656, 183, 49, 'Liked'),
(1656, 183, 49, 'Liked'),
(1656, 183, 49, 'Liked'),
(1656, 183, 49, 'Liked'),
(1656, 183, 49, 'Liked'),
(1656, 183, 49, 'Liked'),
(1656, 183, 49, 'Liked'),
(1656, 183, 49, 'Liked'),
(1656, 183, 49, 'Liked'),
(1656, 183, 49, 'Liked'),
(1656, 183, 49, 'Liked'),
(1656, 183, 182, 'Liked'),
(1658, 182, 183, 'Liked'),
(1655, 183, 49, 'Liked'),
(1653, 183, 49, 'Liked'),
(1660, 183, 49, 'Liked'),
(1654, 183, 49, 'Liked'),
(1662, 49, 183, 'Liked'),
(1662, 49, 183, 'Liked'),
(1662, 49, 183, 'Liked'),
(1662, 49, 183, 'Liked'),
(1662, 49, 183, 'Liked'),
(1662, 49, 183, 'Liked'),
(1662, 49, 183, 'Liked'),
(1662, 49, 183, 'Liked'),
(1662, 49, 183, 'Liked'),
(1662, 49, 183, 'Liked'),
(1662, 49, 183, 'Liked'),
(1662, 49, 183, 'Liked'),
(1660, 183, 183, 'Liked'),
(1661, 183, 182, 'Liked'),
(1663, 183, 182, 'Liked'),
(1665, 183, 182, 'Liked'),
(1665, 183, 181, 'Liked'),
(1665, 183, 183, 'Liked'),
(1666, 183, 181, 'Liked'),
(1667, 183, 181, 'Liked'),
(1668, 183, 181, 'Liked'),
(1669, 183, 181, 'Liked'),
(1670, 183, 199, 'Liked'),
(1670, 183, 182, 'Liked'),
(1705, 182, 182, 'Liked'),
(1706, 2, 182, 'Liked'),
(1709, 183, 182, 'Liked'),
(1712, 183, 182, 'Liked'),
(1752, 183, 182, 'Liked'),
(1730, 49, 182, 'Liked'),
(1790, 183, 205, 'Liked'),
(1791, 183, 205, 'Liked'),
(1791, 183, 181, 'Liked'),
(1791, 183, 181, 'Liked'),
(1791, 183, 182, 'Liked'),
(1790, 183, 181, 'Liked'),
(1834, 2, 2, 'Liked'),
(1848, 183, 205, 'Liked'),
(1854, 205, 205, 'Liked'),
(1847, 183, 183, 'Liked'),
(1845, 183, 183, 'Liked'),
(1848, 183, 183, 'Liked'),
(60, 2, 183, 'Liked'),
(61, 183, 183, 'Liked'),
(62, 183, 183, 'Liked'),
(63, 183, 183, 'Liked'),
(1844, 183, 183, 'Liked'),
(78, 49, 49, 'Liked'),
(84, 49, 49, 'Liked'),
(83, 49, 49, 'Liked'),
(80, 49, 49, 'Liked'),
(1848, 183, 49, 'Liked'),
(1847, 183, 49, 'Liked'),
(85, 49, 49, 'Liked'),
(1859, 2, 49, 'Liked'),
(1860, 183, 49, 'Liked'),
(1857, 2, 2, 'Liked'),
(1867, 49, 182, 'Liked'),
(1863, 49, 182, 'Liked'),
(1858, 2, 2, 'Liked'),
(1859, 2, 2, 'Liked'),
(1887, 183, 2, 'Liked'),
(1866, 49, 49, 'Liked'),
(1867, 0, 49, 'Liked'),
(1896, 0, 183, 'Liked'),
(1896, 0, 183, 'Liked'),
(1896, 0, 183, 'Liked'),
(1886, 0, 183, 'Liked'),
(1887, 0, 183, 'Liked'),
(1896, 0, 183, 'Liked'),
(1898, 0, 2, 'Liked'),
(1898, 0, 2, 'Liked'),
(1886, 2, 2, 'Liked'),
(1898, 183, 183, 'Liked'),
(1885, 183, 183, 'Liked'),
(1896, 0, 183, 'Liked'),
(1896, 0, 183, 'Liked'),
(1896, 0, 183, 'Liked'),
(1887, 0, 183, 'Liked'),
(1896, 0, 183, 'Liked'),
(1896, 0, 183, 'Liked'),
(1896, 0, 183, 'Liked'),
(1896, 0, 183, 'Liked'),
(1896, 0, 183, 'Liked'),
(1896, 0, 183, 'Liked'),
(1896, 0, 183, 'Liked'),
(1896, 0, 183, 'Liked'),
(1896, 0, 183, 'Liked'),
(1896, 0, 183, 'Liked'),
(1896, 0, 183, 'Liked'),
(1896, 0, 183, 'Liked'),
(1896, 0, 183, 'Liked'),
(1896, 0, 183, 'Liked'),
(1896, 0, 183, 'Liked'),
(1896, 0, 183, 'Liked'),
(1896, 0, 183, 'Liked'),
(1896, 0, 183, 'Liked'),
(1896, 0, 183, 'Liked'),
(1896, 0, 183, 'Liked'),
(1896, 0, 183, 'Liked'),
(1896, 0, 183, 'Liked'),
(1896, 0, 183, 'Liked'),
(1896, 0, 183, 'Liked'),
(1896, 0, 183, 'Liked'),
(1896, 0, 183, 'Liked'),
(1896, 0, 183, 'Liked'),
(1896, 0, 183, 'Liked'),
(1896, 0, 183, 'Liked'),
(1896, 0, 183, 'Liked'),
(1896, 0, 183, 'Liked'),
(1896, 0, 183, 'Liked'),
(1896, 0, 183, 'Liked'),
(1896, 0, 183, 'Liked'),
(1896, 0, 183, 'Liked'),
(1896, 0, 183, 'Liked'),
(1896, 0, 183, 'Liked'),
(1896, 0, 183, 'Liked'),
(1896, 0, 183, 'Liked'),
(1896, 0, 183, 'Liked'),
(1896, 0, 183, 'Liked'),
(1896, 0, 183, 'Liked'),
(1896, 0, 183, 'Liked'),
(1896, 0, 183, 'Liked'),
(1896, 0, 183, 'Liked'),
(1896, 0, 183, 'Liked'),
(1896, 0, 183, 'Liked'),
(1896, 0, 183, 'Liked'),
(1896, 0, 183, 'Liked'),
(1896, 0, 183, 'Liked'),
(1896, 0, 183, 'Liked'),
(1896, 0, 183, 'Liked'),
(1896, 0, 183, 'Liked'),
(1896, 0, 183, 'Liked'),
(1896, 0, 183, 'Liked'),
(1896, 0, 183, 'Liked'),
(1896, 0, 183, 'Liked'),
(1896, 0, 183, 'Liked'),
(1896, 0, 183, 'Liked'),
(1896, 0, 183, 'Liked'),
(1896, 0, 183, 'Liked'),
(1896, 0, 183, 'Liked'),
(1896, 0, 183, 'Liked'),
(1896, 0, 183, 'Liked'),
(1896, 0, 183, 'Liked'),
(1896, 0, 183, 'Liked'),
(1896, 0, 183, 'Liked'),
(1896, 0, 183, 'Liked'),
(1896, 0, 183, 'Liked'),
(1896, 0, 183, 'Liked'),
(1896, 0, 183, 'Liked'),
(1896, 0, 183, 'Liked'),
(1896, 0, 183, 'Liked'),
(1896, 0, 183, 'Liked'),
(1896, 0, 183, 'Liked'),
(1896, 0, 183, 'Liked'),
(1896, 0, 183, 'Liked'),
(1896, 0, 183, 'Liked'),
(1896, 0, 183, 'Liked'),
(1896, 0, 183, 'Liked'),
(1896, 0, 183, 'Liked'),
(1896, 0, 183, 'Liked'),
(1896, 0, 183, 'Liked'),
(1896, 0, 183, 'Liked'),
(1896, 0, 183, 'Liked'),
(1896, 0, 183, 'Liked'),
(1896, 0, 183, 'Liked'),
(1896, 0, 183, 'Liked'),
(1896, 0, 183, 'Liked'),
(1896, 0, 183, 'Liked'),
(1896, 0, 183, 'Liked'),
(1896, 0, 183, 'Liked'),
(1896, 0, 183, 'Liked'),
(1896, 0, 183, 'Liked'),
(1896, 0, 183, 'Liked'),
(1887, 0, 183, 'Liked'),
(1896, 0, 183, 'Liked'),
(1896, 0, 183, 'Liked'),
(1896, 0, 183, 'Liked'),
(1896, 0, 183, 'Liked'),
(1896, 0, 183, 'Liked'),
(1896, 0, 183, 'Liked'),
(1896, 0, 183, 'Liked'),
(1896, 0, 183, 'Liked'),
(1896, 0, 183, 'Liked'),
(1896, 0, 183, 'Liked'),
(1896, 0, 183, 'Liked'),
(1896, 0, 183, 'Liked'),
(1896, 0, 183, 'Liked'),
(1896, 0, 183, 'Liked'),
(1896, 0, 183, 'Liked'),
(1896, 0, 183, 'Liked'),
(1896, 0, 183, 'Liked'),
(1896, 0, 183, 'Liked'),
(1896, 0, 183, 'Liked'),
(1896, 0, 183, 'Liked'),
(1896, 0, 183, 'Liked'),
(1896, 0, 183, 'Liked'),
(1896, 0, 183, 'Liked'),
(1896, 0, 183, 'Liked'),
(1896, 0, 183, 'Liked'),
(1896, 0, 183, 'Liked'),
(1896, 0, 183, 'Liked'),
(1896, 0, 183, 'Liked'),
(1896, 0, 183, 'Liked'),
(1896, 0, 183, 'Liked'),
(1896, 0, 183, 'Liked'),
(1896, 0, 183, 'Liked'),
(1896, 0, 183, 'Liked'),
(1896, 0, 183, 'Liked'),
(1896, 0, 183, 'Liked'),
(1896, 0, 183, 'Liked'),
(1896, 0, 183, 'Liked'),
(1896, 0, 183, 'Liked'),
(1896, 0, 183, 'Liked'),
(1896, 0, 183, 'Liked'),
(1896, 0, 183, 'Liked'),
(1896, 0, 183, 'Liked'),
(1896, 0, 183, 'Liked'),
(1896, 0, 183, 'Liked'),
(1896, 0, 183, 'Liked'),
(1896, 0, 183, 'Liked'),
(1896, 0, 183, 'Liked'),
(1896, 0, 183, 'Liked'),
(1896, 0, 183, 'Liked'),
(1896, 0, 183, 'Liked'),
(1896, 0, 183, 'Liked'),
(1896, 0, 183, 'Liked'),
(1896, 0, 183, 'Liked'),
(1896, 0, 183, 'Liked'),
(1896, 0, 183, 'Liked'),
(1896, 0, 183, 'Liked'),
(1896, 0, 183, 'Liked'),
(1896, 0, 183, 'Liked'),
(1896, 0, 183, 'Liked'),
(1896, 0, 183, 'Liked'),
(1896, 0, 183, 'Liked'),
(1896, 0, 183, 'Liked'),
(1896, 0, 183, 'Liked'),
(1896, 0, 183, 'Liked'),
(1896, 0, 183, 'Liked'),
(1896, 0, 183, 'Liked'),
(1896, 0, 183, 'Liked'),
(1896, 0, 183, 'Liked'),
(1896, 0, 183, 'Liked'),
(1896, 0, 183, 'Liked'),
(1896, 0, 183, 'Liked'),
(1896, 0, 183, 'Liked'),
(1896, 0, 183, 'Liked'),
(1896, 0, 183, 'Liked'),
(1896, 0, 183, 'Liked'),
(1896, 0, 183, 'Liked'),
(1896, 0, 183, 'Liked'),
(1896, 0, 183, 'Liked'),
(1896, 0, 183, 'Liked'),
(1896, 0, 183, 'Liked'),
(1896, 0, 183, 'Liked'),
(1887, 0, 183, 'Liked'),
(1860, 0, 183, 'Liked'),
(1860, 0, 183, 'Liked'),
(1860, 0, 183, 'Liked'),
(1860, 0, 183, 'Liked'),
(1860, 0, 183, 'Liked'),
(1860, 0, 183, 'Liked'),
(1860, 0, 183, 'Liked'),
(1896, 0, 183, 'Liked'),
(1896, 0, 183, 'Liked'),
(1896, 0, 183, 'Liked'),
(1896, 0, 183, 'Liked'),
(1896, 0, 183, 'Liked'),
(1896, 0, 183, 'Liked'),
(1896, 0, 183, 'Liked'),
(1846, 183, 183, 'Liked'),
(88, 49, 49, 'Liked'),
(1872, 49, 49, 'Liked'),
(1861, 49, 49, 'Liked'),
(1862, 49, 49, 'Liked'),
(1863, 49, 49, 'Liked'),
(1871, 49, 49, 'Liked'),
(1871, 49, 49, 'Liked'),
(1871, 49, 49, 'Liked'),
(1871, 49, 49, 'Liked'),
(1871, 49, 49, 'Liked'),
(1871, 49, 49, 'Liked'),
(1871, 49, 49, 'Liked'),
(1881, 205, 205, 'Liked'),
(1885, 2, 2, 'Liked'),
(1883, 205, 205, 'Liked'),
(1882, 205, 205, 'Liked'),
(1895, 49, 49, 'Liked'),
(1896, 205, 205, 'Liked'),
(1884, 205, 205, 'Liked'),
(1900, 205, 205, 'Liked'),
(56, 2, 205, 'Liked'),
(89, 183, 183, 'Liked'),
(1905, 205, 205, 'Liked'),
(1908, 205, 205, 'Liked'),
(1868, 49, 205, 'Liked'),
(1863, 49, 205, 'Liked'),
(1904, 205, 205, 'Liked'),
(1903, 183, 205, 'Liked'),
(1902, 205, 205, 'Liked'),
(1901, 2, 205, 'Liked'),
(1900, 2, 205, 'Liked'),
(1899, 49, 205, 'Liked'),
(1906, 205, 205, 'Liked'),
(87, 49, 205, 'Liked'),
(86, 49, 205, 'Liked'),
(1904, 205, 183, 'Liked'),
(1896, 183, 183, 'Liked'),
(1887, 183, 183, 'Liked'),
(1895, 49, 183, 'Liked'),
(1912, 205, 205, 'Liked'),
(1910, 205, 205, 'Liked'),
(1901, 2, 182, 'Liked'),
(1912, 205, 182, 'Liked'),
(1902, 205, 182, 'Liked'),
(1912, 205, 183, 'Liked'),
(1910, 205, 183, 'Liked'),
(1911, 205, 183, 'Liked'),
(1871, 49, 205, 'Liked'),
(1867, 49, 205, 'Liked'),
(1896, 183, 205, 'Liked'),
(1911, 205, 205, 'Liked'),
(1900, 2, 2, 'Liked'),
(1898, 2, 2, 'Liked'),
(1901, 2, 2, 'Liked'),
(1913, 2, 2, 'Liked'),
(1903, 183, 2, 'Liked'),
(1914, 182, 205, 'Liked'),
(91, 183, 183, 'Liked'),
(92, 183, 183, 'Liked'),
(93, 183, 183, 'Liked'),
(90, 183, 183, 'Liked'),
(1886, 183, 183, 'Liked');

-- --------------------------------------------------------

--
-- Table structure for table `veeds_video_tags`
--

CREATE TABLE IF NOT EXISTS `veeds_video_tags` (
  `video_id` int(11) NOT NULL,
  `user_id` int(11) NOT NULL
) ENGINE=InnoDB DEFAULT CHARSET=latin1;

--
-- Dumping data for table `veeds_video_tags`
--

INSERT INTO `veeds_video_tags` (`video_id`, `user_id`) VALUES
(1, 5),
(1, 6),
(4, 6),
(5, 9),
(4, 9),
(29, 13),
(47, 5),
(45, 8),
(103, 5),
(103, 8),
(101, 5),
(94, 5),
(63, 8),
(63, 5),
(60, 5),
(60, 8),
(200, 5),
(200, 6),
(251, 4),
(278, 11),
(356, 5),
(630, 83),
(807, 83),
(901, 11),
(851, 11),
(835, 11),
(978, 83),
(979, 83),
(510, 61),
(0, 0),
(0, 0),
(0, 0),
(0, 0),
(0, 0),
(0, 0),
(1056, 150),
(1059, 150),
(0, 12),
(0, 12),
(1130, 150),
(1134, 12),
(1134, 150),
(1135, 12),
(1067, 150),
(1135, 150),
(1137, 12),
(1137, 12),
(1137, 9),
(1117, 49),
(1112, 49),
(1168, 49),
(1169, 49),
(1432, 162),
(1677, 183),
(1682, 183),
(1682, 182),
(1682, 49),
(1682, 2),
(1689, 49),
(1720, 183),
(1783, 83),
(1783, 180),
(1783, 11),
(1783, 181),
(1783, 49),
(1783, 2),
(1783, 183),
(1785, 182),
(1790, 181),
(1790, 183),
(1791, 182),
(1791, 181),
(1792, 83),
(1792, 11),
(1793, 83),
(1793, 11),
(1794, 83),
(1794, 11),
(1795, 83),
(1795, 180),
(1796, 181),
(1, 181),
(2, 181),
(1797, 183),
(3, 183),
(4, 183),
(1798, 182),
(5, 182),
(6, 182),
(1799, 182),
(7, 182),
(8, 182),
(1800, 83),
(1800, 180),
(9, 83),
(9, 180),
(10, 83),
(10, 180),
(1801, 83),
(1801, 181),
(1801, 183),
(11, 83),
(12, 83),
(13, 83),
(14, 83),
(15, 83),
(1812, 83),
(1812, 182),
(1812, 183),
(1821, 83),
(1822, 83),
(23, 83),
(1823, 11),
(1823, 182),
(1823, 180),
(1823, 83),
(1823, 83),
(1823, 183),
(1823, 183),
(1829, 83),
(1829, 11),
(33, 83),
(33, 11),
(34, 83),
(34, 11),
(35, 83),
(35, 11),
(61, 49),
(62, 49),
(63, 49),
(68, 83),
(68, 180),
(69, 83),
(69, 180),
(70, 83),
(70, 180),
(71, 83),
(71, 180),
(72, 83),
(72, 180),
(0, 83),
(0, 180),
(0, 83),
(0, 180),
(81, 182),
(1863, 83),
(1863, 180),
(1864, 83),
(0, 182),
(0, 182),
(1891, 182),
(0, 182),
(1899, 183),
(1899, 182),
(86, 183),
(86, 182),
(87, 183),
(87, 182),
(88, 183),
(88, 182),
(1904, 183),
(1915, 49),
(1915, 182),
(1915, 205);

/*!40101 SET CHARACTER_SET_CLIENT=@OLD_CHARACTER_SET_CLIENT */;
/*!40101 SET CHARACTER_SET_RESULTS=@OLD_CHARACTER_SET_RESULTS */;
/*!40101 SET COLLATION_CONNECTION=@OLD_COLLATION_CONNECTION */;
